event,session,source_file,converted_csv,kept_as_json,file
Practice 1,ALB,,Practice 1/ALB/10_tel.csv,0,Practice 1/ALB/10_tel.csv
Practice 1,ALB,,Practice 1/ALB/11_tel.csv,0,Practice 1/ALB/11_tel.csv
Practice 1,ALB,,Practice 1/ALB/12_tel.csv,0,Practice 1/ALB/12_tel.csv
Practice 1,ALB,,Practice 1/ALB/13_tel.csv,0,Practice 1/ALB/13_tel.csv
Practice 1,ALB,,,1,Practice 1/ALB/14_tel.json
Practice 1,ALB,,Practice 1/ALB/15_tel.csv,0,Practice 1/ALB/15_tel.csv
Practice 1,ALB,,Practice 1/ALB/16_tel.csv,0,Practice 1/ALB/16_tel.csv
Practice 1,ALB,,Practice 1/ALB/17_tel.csv,0,Practice 1/ALB/17_tel.csv
Practice 1,ALB,,Practice 1/ALB/18_tel.csv,0,Practice 1/ALB/18_tel.csv
Practice 1,ALB,,,1,Practice 1/ALB/19_tel.json
Practice 1,ALB,,Practice 1/ALB/1_tel.csv,0,Practice 1/ALB/1_tel.csv
Practice 1,ALB,,Practice 1/ALB/20_tel.csv,0,Practice 1/ALB/20_tel.csv
Practice 1,ALB,,Practice 1/ALB/21_tel.csv,0,Practice 1/ALB/21_tel.csv
Practice 1,ALB,,Practice 1/ALB/22_tel.csv,0,Practice 1/ALB/22_tel.csv
Practice 1,ALB,,Practice 1/ALB/23_tel.csv,0,Practice 1/ALB/23_tel.csv
Practice 1,ALB,,,1,Practice 1/ALB/24_tel.json
Practice 1,ALB,,Practice 1/ALB/25_tel.csv,0,Practice 1/ALB/25_tel.csv
Practice 1,ALB,,Practice 1/ALB/26_tel.csv,0,Practice 1/ALB/26_tel.csv
Practice 1,ALB,,Practice 1/ALB/27_tel.csv,0,Practice 1/ALB/27_tel.csv
Practice 1,ALB,,Practice 1/ALB/28_tel.csv,0,Practice 1/ALB/28_tel.csv
Practice 1,ALB,,Practice 1/ALB/29_tel.csv,0,Practice 1/ALB/29_tel.csv
Practice 1,ALB,,Practice 1/ALB/2_tel.csv,0,Practice 1/ALB/2_tel.csv
Practice 1,ALB,,Practice 1/ALB/30_tel.csv,0,Practice 1/ALB/30_tel.csv
Practice 1,ALB,,,1,Practice 1/ALB/31_tel.json
Practice 1,ALB,,Practice 1/ALB/32_tel.csv,0,Practice 1/ALB/32_tel.csv
Practice 1,ALB,,Practice 1/ALB/33_tel.csv,0,Practice 1/ALB/33_tel.csv
Practice 1,ALB,,Practice 1/ALB/34_tel.csv,0,Practice 1/ALB/34_tel.csv
Practice 1,ALB,,Practice 1/ALB/35_tel.csv,0,Practice 1/ALB/35_tel.csv
Practice 1,ALB,,,1,Practice 1/ALB/36_tel.json
Practice 1,ALB,,Practice 1/ALB/37_tel.csv,0,Practice 1/ALB/37_tel.csv
Practice 1,ALB,,Practice 1/ALB/38_tel.csv,0,Practice 1/ALB/38_tel.csv
Practice 1,ALB,,Practice 1/ALB/39_tel.csv,0,Practice 1/ALB/39_tel.csv
Practice 1,ALB,,,1,Practice 1/ALB/3_tel.json
Practice 1,ALB,,Practice 1/ALB/40_tel.csv,0,Practice 1/ALB/40_tel.csv
Practice 1,ALB,,Practice 1/ALB/41_tel.csv,0,Practice 1/ALB/41_tel.csv
Practice 1,ALB,,Practice 1/ALB/42_tel.csv,0,Practice 1/ALB/42_tel.csv
Practice 1,ALB,,Practice 1/ALB/43_tel.csv,0,Practice 1/ALB/43_tel.csv
Practice 1,ALB,,Practice 1/ALB/44_tel.csv,0,Practice 1/ALB/44_tel.csv
Practice 1,ALB,,Practice 1/ALB/45_tel.csv,0,Practice 1/ALB/45_tel.csv
Practice 1,ALB,,Practice 1/ALB/46_tel.csv,0,Practice 1/ALB/46_tel.csv
Practice 1,ALB,,,1,Practice 1/ALB/47_tel.json
Practice 1,ALB,,Practice 1/ALB/4_tel.csv,0,Practice 1/ALB/4_tel.csv
Practice 1,ALB,,,1,Practice 1/ALB/5_tel.json
Practice 1,ALB,,Practice 1/ALB/6_tel.csv,0,Practice 1/ALB/6_tel.csv
Practice 1,ALB,,,1,Practice 1/ALB/7_tel.json
Practice 1,ALB,,Practice 1/ALB/8_tel.csv,0,Practice 1/ALB/8_tel.csv
Practice 1,ALB,,Practice 1/ALB/9_tel.csv,0,Practice 1/ALB/9_tel.csv
Practice 1,ALB,,Practice 1/ALB/laptimes.csv,0,Practice 1/ALB/laptimes.csv
Practice 1,ALO,,,1,Practice 1/ALO/10_tel.json
Practice 1,ALO,,Practice 1/ALO/11_tel.csv,0,Practice 1/ALO/11_tel.csv
Practice 1,ALO,,Practice 1/ALO/12_tel.csv,0,Practice 1/ALO/12_tel.csv
Practice 1,ALO,,Practice 1/ALO/13_tel.csv,0,Practice 1/ALO/13_tel.csv
Practice 1,ALO,,Practice 1/ALO/14_tel.csv,0,Practice 1/ALO/14_tel.csv
Practice 1,ALO,,,1,Practice 1/ALO/15_tel.json
Practice 1,ALO,,Practice 1/ALO/16_tel.csv,0,Practice 1/ALO/16_tel.csv
Practice 1,ALO,,Practice 1/ALO/17_tel.csv,0,Practice 1/ALO/17_tel.csv
Practice 1,ALO,,Practice 1/ALO/18_tel.csv,0,Practice 1/ALO/18_tel.csv
Practice 1,ALO,,Practice 1/ALO/19_tel.csv,0,Practice 1/ALO/19_tel.csv
Practice 1,ALO,,Practice 1/ALO/1_tel.csv,0,Practice 1/ALO/1_tel.csv
Practice 1,ALO,,Practice 1/ALO/20_tel.csv,0,Practice 1/ALO/20_tel.csv
Practice 1,ALO,,Practice 1/ALO/21_tel.csv,0,Practice 1/ALO/21_tel.csv
Practice 1,ALO,,,1,Practice 1/ALO/22_tel.json
Practice 1,ALO,,Practice 1/ALO/23_tel.csv,0,Practice 1/ALO/23_tel.csv
Practice 1,ALO,,Practice 1/ALO/24_tel.csv,0,Practice 1/ALO/24_tel.csv
Practice 1,ALO,,Practice 1/ALO/25_tel.csv,0,Practice 1/ALO/25_tel.csv
Practice 1,ALO,,Practice 1/ALO/26_tel.csv,0,Practice 1/ALO/26_tel.csv
Practice 1,ALO,,Practice 1/ALO/27_tel.csv,0,Practice 1/ALO/27_tel.csv
Practice 1,ALO,,Practice 1/ALO/28_tel.csv,0,Practice 1/ALO/28_tel.csv
Practice 1,ALO,,Practice 1/ALO/2_tel.csv,0,Practice 1/ALO/2_tel.csv
Practice 1,ALO,,,1,Practice 1/ALO/3_tel.json
Practice 1,ALO,,Practice 1/ALO/4_tel.csv,0,Practice 1/ALO/4_tel.csv
Practice 1,ALO,,Practice 1/ALO/5_tel.csv,0,Practice 1/ALO/5_tel.csv
Practice 1,ALO,,Practice 1/ALO/6_tel.csv,0,Practice 1/ALO/6_tel.csv
Practice 1,ALO,,Practice 1/ALO/7_tel.csv,0,Practice 1/ALO/7_tel.csv
Practice 1,ALO,,Practice 1/ALO/8_tel.csv,0,Practice 1/ALO/8_tel.csv
Practice 1,ALO,,Practice 1/ALO/9_tel.csv,0,Practice 1/ALO/9_tel.csv
Practice 1,ALO,,Practice 1/ALO/laptimes.csv,0,Practice 1/ALO/laptimes.csv
Practice 1,ANT,,Practice 1/ANT/10_tel.csv,0,Practice 1/ANT/10_tel.csv
Practice 1,ANT,,Practice 1/ANT/11_tel.csv,0,Practice 1/ANT/11_tel.csv
Practice 1,ANT,,,1,Practice 1/ANT/12_tel.json
Practice 1,ANT,,Practice 1/ANT/13_tel.csv,0,Practice 1/ANT/13_tel.csv
Practice 1,ANT,,Practice 1/ANT/14_tel.csv,0,Practice 1/ANT/14_tel.csv
Practice 1,ANT,,Practice 1/ANT/15_tel.csv,0,Practice 1/ANT/15_tel.csv
Practice 1,ANT,,Practice 1/ANT/16_tel.csv,0,Practice 1/ANT/16_tel.csv
Practice 1,ANT,,Practice 1/ANT/17_tel.csv,0,Practice 1/ANT/17_tel.csv
Practice 1,ANT,,Practice 1/ANT/18_tel.csv,0,Practice 1/ANT/18_tel.csv
Practice 1,ANT,,Practice 1/ANT/19_tel.csv,0,Practice 1/ANT/19_tel.csv
Practice 1,ANT,,Practice 1/ANT/1_tel.csv,0,Practice 1/ANT/1_tel.csv
Practice 1,ANT,,Practice 1/ANT/20_tel.csv,0,Practice 1/ANT/20_tel.csv
Practice 1,ANT,,Practice 1/ANT/21_tel.csv,0,Practice 1/ANT/21_tel.csv
Practice 1,ANT,,Practice 1/ANT/22_tel.csv,0,Practice 1/ANT/22_tel.csv
Practice 1,ANT,,Practice 1/ANT/23_tel.csv,0,Practice 1/ANT/23_tel.csv
Practice 1,ANT,,Practice 1/ANT/24_tel.csv,0,Practice 1/ANT/24_tel.csv
Practice 1,ANT,,Practice 1/ANT/25_tel.csv,0,Practice 1/ANT/25_tel.csv
Practice 1,ANT,,,1,Practice 1/ANT/26_tel.json
Practice 1,ANT,,Practice 1/ANT/27_tel.csv,0,Practice 1/ANT/27_tel.csv
Practice 1,ANT,,Practice 1/ANT/28_tel.csv,0,Practice 1/ANT/28_tel.csv
Practice 1,ANT,,Practice 1/ANT/29_tel.csv,0,Practice 1/ANT/29_tel.csv
Practice 1,ANT,,Practice 1/ANT/2_tel.csv,0,Practice 1/ANT/2_tel.csv
Practice 1,ANT,,Practice 1/ANT/30_tel.csv,0,Practice 1/ANT/30_tel.csv
Practice 1,ANT,,Practice 1/ANT/31_tel.csv,0,Practice 1/ANT/31_tel.csv
Practice 1,ANT,,Practice 1/ANT/32_tel.csv,0,Practice 1/ANT/32_tel.csv
Practice 1,ANT,,Practice 1/ANT/33_tel.csv,0,Practice 1/ANT/33_tel.csv
Practice 1,ANT,,Practice 1/ANT/34_tel.csv,0,Practice 1/ANT/34_tel.csv
Practice 1,ANT,,Practice 1/ANT/35_tel.csv,0,Practice 1/ANT/35_tel.csv
Practice 1,ANT,,Practice 1/ANT/36_tel.csv,0,Practice 1/ANT/36_tel.csv
Practice 1,ANT,,Practice 1/ANT/37_tel.csv,0,Practice 1/ANT/37_tel.csv
Practice 1,ANT,,Practice 1/ANT/38_tel.csv,0,Practice 1/ANT/38_tel.csv
Practice 1,ANT,,Practice 1/ANT/39_tel.csv,0,Practice 1/ANT/39_tel.csv
Practice 1,ANT,,Practice 1/ANT/3_tel.csv,0,Practice 1/ANT/3_tel.csv
Practice 1,ANT,,,1,Practice 1/ANT/40_tel.json
Practice 1,ANT,,Practice 1/ANT/41_tel.csv,0,Practice 1/ANT/41_tel.csv
Practice 1,ANT,,Practice 1/ANT/42_tel.csv,0,Practice 1/ANT/42_tel.csv
Practice 1,ANT,,Practice 1/ANT/43_tel.csv,0,Practice 1/ANT/43_tel.csv
Practice 1,ANT,,Practice 1/ANT/44_tel.csv,0,Practice 1/ANT/44_tel.csv
Practice 1,ANT,,Practice 1/ANT/45_tel.csv,0,Practice 1/ANT/45_tel.csv
Practice 1,ANT,,Practice 1/ANT/46_tel.csv,0,Practice 1/ANT/46_tel.csv
Practice 1,ANT,,Practice 1/ANT/47_tel.csv,0,Practice 1/ANT/47_tel.csv
Practice 1,ANT,,Practice 1/ANT/48_tel.csv,0,Practice 1/ANT/48_tel.csv
Practice 1,ANT,,Practice 1/ANT/49_tel.csv,0,Practice 1/ANT/49_tel.csv
Practice 1,ANT,,Practice 1/ANT/4_tel.csv,0,Practice 1/ANT/4_tel.csv
Practice 1,ANT,,Practice 1/ANT/50_tel.csv,0,Practice 1/ANT/50_tel.csv
Practice 1,ANT,,Practice 1/ANT/51_tel.csv,0,Practice 1/ANT/51_tel.csv
Practice 1,ANT,,Practice 1/ANT/52_tel.csv,0,Practice 1/ANT/52_tel.csv
Practice 1,ANT,,Practice 1/ANT/53_tel.csv,0,Practice 1/ANT/53_tel.csv
Practice 1,ANT,,Practice 1/ANT/54_tel.csv,0,Practice 1/ANT/54_tel.csv
Practice 1,ANT,,Practice 1/ANT/55_tel.csv,0,Practice 1/ANT/55_tel.csv
Practice 1,ANT,,Practice 1/ANT/56_tel.csv,0,Practice 1/ANT/56_tel.csv
Practice 1,ANT,,,1,Practice 1/ANT/57_tel.json
Practice 1,ANT,,Practice 1/ANT/5_tel.csv,0,Practice 1/ANT/5_tel.csv
Practice 1,ANT,,Practice 1/ANT/6_tel.csv,0,Practice 1/ANT/6_tel.csv
Practice 1,ANT,,Practice 1/ANT/7_tel.csv,0,Practice 1/ANT/7_tel.csv
Practice 1,ANT,,Practice 1/ANT/8_tel.csv,0,Practice 1/ANT/8_tel.csv
Practice 1,ANT,,,1,Practice 1/ANT/9_tel.json
Practice 1,ANT,,Practice 1/ANT/laptimes.csv,0,Practice 1/ANT/laptimes.csv
Practice 1,BEA,,,1,Practice 1/BEA/10_tel.json
Practice 1,BEA,,Practice 1/BEA/11_tel.csv,0,Practice 1/BEA/11_tel.csv
Practice 1,BEA,,Practice 1/BEA/12_tel.csv,0,Practice 1/BEA/12_tel.csv
Practice 1,BEA,,Practice 1/BEA/13_tel.csv,0,Practice 1/BEA/13_tel.csv
Practice 1,BEA,,Practice 1/BEA/14_tel.csv,0,Practice 1/BEA/14_tel.csv
Practice 1,BEA,,Practice 1/BEA/15_tel.csv,0,Practice 1/BEA/15_tel.csv
Practice 1,BEA,,Practice 1/BEA/16_tel.csv,0,Practice 1/BEA/16_tel.csv
Practice 1,BEA,,Practice 1/BEA/17_tel.csv,0,Practice 1/BEA/17_tel.csv
Practice 1,BEA,,Practice 1/BEA/18_tel.csv,0,Practice 1/BEA/18_tel.csv
Practice 1,BEA,,Practice 1/BEA/19_tel.csv,0,Practice 1/BEA/19_tel.csv
Practice 1,BEA,,Practice 1/BEA/1_tel.csv,0,Practice 1/BEA/1_tel.csv
Practice 1,BEA,,Practice 1/BEA/20_tel.csv,0,Practice 1/BEA/20_tel.csv
Practice 1,BEA,,Practice 1/BEA/21_tel.csv,0,Practice 1/BEA/21_tel.csv
Practice 1,BEA,,Practice 1/BEA/22_tel.csv,0,Practice 1/BEA/22_tel.csv
Practice 1,BEA,,Practice 1/BEA/23_tel.csv,0,Practice 1/BEA/23_tel.csv
Practice 1,BEA,,Practice 1/BEA/24_tel.csv,0,Practice 1/BEA/24_tel.csv
Practice 1,BEA,,Practice 1/BEA/25_tel.csv,0,Practice 1/BEA/25_tel.csv
Practice 1,BEA,,,1,Practice 1/BEA/26_tel.json
Practice 1,BEA,,Practice 1/BEA/27_tel.csv,0,Practice 1/BEA/27_tel.csv
Practice 1,BEA,,Practice 1/BEA/28_tel.csv,0,Practice 1/BEA/28_tel.csv
Practice 1,BEA,,Practice 1/BEA/29_tel.csv,0,Practice 1/BEA/29_tel.csv
Practice 1,BEA,,Practice 1/BEA/2_tel.csv,0,Practice 1/BEA/2_tel.csv
Practice 1,BEA,,Practice 1/BEA/30_tel.csv,0,Practice 1/BEA/30_tel.csv
Practice 1,BEA,,Practice 1/BEA/31_tel.csv,0,Practice 1/BEA/31_tel.csv
Practice 1,BEA,,,1,Practice 1/BEA/32_tel.json
Practice 1,BEA,,Practice 1/BEA/33_tel.csv,0,Practice 1/BEA/33_tel.csv
Practice 1,BEA,,Practice 1/BEA/34_tel.csv,0,Practice 1/BEA/34_tel.csv
Practice 1,BEA,,Practice 1/BEA/35_tel.csv,0,Practice 1/BEA/35_tel.csv
Practice 1,BEA,,,1,Practice 1/BEA/36_tel.json
Practice 1,BEA,,Practice 1/BEA/37_tel.csv,0,Practice 1/BEA/37_tel.csv
Practice 1,BEA,,Practice 1/BEA/38_tel.csv,0,Practice 1/BEA/38_tel.csv
Practice 1,BEA,,Practice 1/BEA/39_tel.csv,0,Practice 1/BEA/39_tel.csv
Practice 1,BEA,,Practice 1/BEA/3_tel.csv,0,Practice 1/BEA/3_tel.csv
Practice 1,BEA,,Practice 1/BEA/40_tel.csv,0,Practice 1/BEA/40_tel.csv
Practice 1,BEA,,Practice 1/BEA/41_tel.csv,0,Practice 1/BEA/41_tel.csv
Practice 1,BEA,,,1,Practice 1/BEA/42_tel.json
Practice 1,BEA,,Practice 1/BEA/4_tel.csv,0,Practice 1/BEA/4_tel.csv
Practice 1,BEA,,Practice 1/BEA/5_tel.csv,0,Practice 1/BEA/5_tel.csv
Practice 1,BEA,,,1,Practice 1/BEA/6_tel.json
Practice 1,BEA,,Practice 1/BEA/7_tel.csv,0,Practice 1/BEA/7_tel.csv
Practice 1,BEA,,Practice 1/BEA/8_tel.csv,0,Practice 1/BEA/8_tel.csv
Practice 1,BEA,,Practice 1/BEA/9_tel.csv,0,Practice 1/BEA/9_tel.csv
Practice 1,BEA,,Practice 1/BEA/laptimes.csv,0,Practice 1/BEA/laptimes.csv
Practice 1,BOR,,Practice 1/BOR/10_tel.csv,0,Practice 1/BOR/10_tel.csv
Practice 1,BOR,,Practice 1/BOR/11_tel.csv,0,Practice 1/BOR/11_tel.csv
Practice 1,BOR,,Practice 1/BOR/12_tel.csv,0,Practice 1/BOR/12_tel.csv
Practice 1,BOR,,Practice 1/BOR/13_tel.csv,0,Practice 1/BOR/13_tel.csv
Practice 1,BOR,,Practice 1/BOR/14_tel.csv,0,Practice 1/BOR/14_tel.csv
Practice 1,BOR,,Practice 1/BOR/15_tel.csv,0,Practice 1/BOR/15_tel.csv
Practice 1,BOR,,Practice 1/BOR/16_tel.csv,0,Practice 1/BOR/16_tel.csv
Practice 1,BOR,,Practice 1/BOR/17_tel.csv,0,Practice 1/BOR/17_tel.csv
Practice 1,BOR,,Practice 1/BOR/18_tel.csv,0,Practice 1/BOR/18_tel.csv
Practice 1,BOR,,Practice 1/BOR/19_tel.csv,0,Practice 1/BOR/19_tel.csv
Practice 1,BOR,,Practice 1/BOR/1_tel.csv,0,Practice 1/BOR/1_tel.csv
Practice 1,BOR,,Practice 1/BOR/20_tel.csv,0,Practice 1/BOR/20_tel.csv
Practice 1,BOR,,Practice 1/BOR/21_tel.csv,0,Practice 1/BOR/21_tel.csv
Practice 1,BOR,,Practice 1/BOR/22_tel.csv,0,Practice 1/BOR/22_tel.csv
Practice 1,BOR,,Practice 1/BOR/23_tel.csv,0,Practice 1/BOR/23_tel.csv
Practice 1,BOR,,Practice 1/BOR/24_tel.csv,0,Practice 1/BOR/24_tel.csv
Practice 1,BOR,,Practice 1/BOR/25_tel.csv,0,Practice 1/BOR/25_tel.csv
Practice 1,BOR,,,1,Practice 1/BOR/26_tel.json
Practice 1,BOR,,Practice 1/BOR/27_tel.csv,0,Practice 1/BOR/27_tel.csv
Practice 1,BOR,,Practice 1/BOR/28_tel.csv,0,Practice 1/BOR/28_tel.csv
Practice 1,BOR,,Practice 1/BOR/29_tel.csv,0,Practice 1/BOR/29_tel.csv
Practice 1,BOR,,Practice 1/BOR/2_tel.csv,0,Practice 1/BOR/2_tel.csv
Practice 1,BOR,,Practice 1/BOR/30_tel.csv,0,Practice 1/BOR/30_tel.csv
Practice 1,BOR,,Practice 1/BOR/31_tel.csv,0,Practice 1/BOR/31_tel.csv
Practice 1,BOR,,Practice 1/BOR/32_tel.csv,0,Practice 1/BOR/32_tel.csv
Practice 1,BOR,,Practice 1/BOR/33_tel.csv,0,Practice 1/BOR/33_tel.csv
Practice 1,BOR,,Practice 1/BOR/34_tel.csv,0,Practice 1/BOR/34_tel.csv
Practice 1,BOR,,Practice 1/BOR/35_tel.csv,0,Practice 1/BOR/35_tel.csv
Practice 1,BOR,,Practice 1/BOR/36_tel.csv,0,Practice 1/BOR/36_tel.csv
Practice 1,BOR,,Practice 1/BOR/37_tel.csv,0,Practice 1/BOR/37_tel.csv
Practice 1,BOR,,Practice 1/BOR/38_tel.csv,0,Practice 1/BOR/38_tel.csv
Practice 1,BOR,,Practice 1/BOR/39_tel.csv,0,Practice 1/BOR/39_tel.csv
Practice 1,BOR,,Practice 1/BOR/3_tel.csv,0,Practice 1/BOR/3_tel.csv
Practice 1,BOR,,Practice 1/BOR/40_tel.csv,0,Practice 1/BOR/40_tel.csv
Practice 1,BOR,,Practice 1/BOR/41_tel.csv,0,Practice 1/BOR/41_tel.csv
Practice 1,BOR,,Practice 1/BOR/42_tel.csv,0,Practice 1/BOR/42_tel.csv
Practice 1,BOR,,Practice 1/BOR/43_tel.csv,0,Practice 1/BOR/43_tel.csv
Practice 1,BOR,,Practice 1/BOR/44_tel.csv,0,Practice 1/BOR/44_tel.csv
Practice 1,BOR,,,1,Practice 1/BOR/45_tel.json
Practice 1,BOR,,Practice 1/BOR/46_tel.csv,0,Practice 1/BOR/46_tel.csv
Practice 1,BOR,,Practice 1/BOR/47_tel.csv,0,Practice 1/BOR/47_tel.csv
Practice 1,BOR,,Practice 1/BOR/48_tel.csv,0,Practice 1/BOR/48_tel.csv
Practice 1,BOR,,Practice 1/BOR/49_tel.csv,0,Practice 1/BOR/49_tel.csv
Practice 1,BOR,,Practice 1/BOR/4_tel.csv,0,Practice 1/BOR/4_tel.csv
Practice 1,BOR,,Practice 1/BOR/50_tel.csv,0,Practice 1/BOR/50_tel.csv
Practice 1,BOR,,Practice 1/BOR/51_tel.csv,0,Practice 1/BOR/51_tel.csv
Practice 1,BOR,,Practice 1/BOR/52_tel.csv,0,Practice 1/BOR/52_tel.csv
Practice 1,BOR,,Practice 1/BOR/53_tel.csv,0,Practice 1/BOR/53_tel.csv
Practice 1,BOR,,Practice 1/BOR/54_tel.csv,0,Practice 1/BOR/54_tel.csv
Practice 1,BOR,,Practice 1/BOR/55_tel.csv,0,Practice 1/BOR/55_tel.csv
Practice 1,BOR,,Practice 1/BOR/56_tel.csv,0,Practice 1/BOR/56_tel.csv
Practice 1,BOR,,Practice 1/BOR/57_tel.csv,0,Practice 1/BOR/57_tel.csv
Practice 1,BOR,,Practice 1/BOR/58_tel.csv,0,Practice 1/BOR/58_tel.csv
Practice 1,BOR,,Practice 1/BOR/59_tel.csv,0,Practice 1/BOR/59_tel.csv
Practice 1,BOR,,Practice 1/BOR/5_tel.csv,0,Practice 1/BOR/5_tel.csv
Practice 1,BOR,,Practice 1/BOR/60_tel.csv,0,Practice 1/BOR/60_tel.csv
Practice 1,BOR,,Practice 1/BOR/61_tel.csv,0,Practice 1/BOR/61_tel.csv
Practice 1,BOR,,Practice 1/BOR/62_tel.csv,0,Practice 1/BOR/62_tel.csv
Practice 1,BOR,,,1,Practice 1/BOR/63_tel.json
Practice 1,BOR,,Practice 1/BOR/64_tel.csv,0,Practice 1/BOR/64_tel.csv
Practice 1,BOR,,Practice 1/BOR/65_tel.csv,0,Practice 1/BOR/65_tel.csv
Practice 1,BOR,,Practice 1/BOR/66_tel.csv,0,Practice 1/BOR/66_tel.csv
Practice 1,BOR,,Practice 1/BOR/67_tel.csv,0,Practice 1/BOR/67_tel.csv
Practice 1,BOR,,Practice 1/BOR/68_tel.csv,0,Practice 1/BOR/68_tel.csv
Practice 1,BOR,,Practice 1/BOR/69_tel.csv,0,Practice 1/BOR/69_tel.csv
Practice 1,BOR,,,1,Practice 1/BOR/6_tel.json
Practice 1,BOR,,Practice 1/BOR/70_tel.csv,0,Practice 1/BOR/70_tel.csv
Practice 1,BOR,,Practice 1/BOR/7_tel.csv,0,Practice 1/BOR/7_tel.csv
Practice 1,BOR,,Practice 1/BOR/8_tel.csv,0,Practice 1/BOR/8_tel.csv
Practice 1,BOR,,Practice 1/BOR/9_tel.csv,0,Practice 1/BOR/9_tel.csv
Practice 1,BOR,,Practice 1/BOR/laptimes.csv,0,Practice 1/BOR/laptimes.csv
Practice 1,BOT,,Practice 1/BOT/10_tel.csv,0,Practice 1/BOT/10_tel.csv
Practice 1,BOT,,Practice 1/BOT/11_tel.csv,0,Practice 1/BOT/11_tel.csv
Practice 1,BOT,,Practice 1/BOT/12_tel.csv,0,Practice 1/BOT/12_tel.csv
Practice 1,BOT,,Practice 1/BOT/13_tel.csv,0,Practice 1/BOT/13_tel.csv
Practice 1,BOT,,Practice 1/BOT/14_tel.csv,0,Practice 1/BOT/14_tel.csv
Practice 1,BOT,,Practice 1/BOT/15_tel.csv,0,Practice 1/BOT/15_tel.csv
Practice 1,BOT,,Practice 1/BOT/16_tel.csv,0,Practice 1/BOT/16_tel.csv
Practice 1,BOT,,Practice 1/BOT/17_tel.csv,0,Practice 1/BOT/17_tel.csv
Practice 1,BOT,,Practice 1/BOT/18_tel.csv,0,Practice 1/BOT/18_tel.csv
Practice 1,BOT,,,1,Practice 1/BOT/19_tel.json
Practice 1,BOT,,Practice 1/BOT/1_tel.csv,0,Practice 1/BOT/1_tel.csv
Practice 1,BOT,,Practice 1/BOT/20_tel.csv,0,Practice 1/BOT/20_tel.csv
Practice 1,BOT,,Practice 1/BOT/21_tel.csv,0,Practice 1/BOT/21_tel.csv
Practice 1,BOT,,Practice 1/BOT/22_tel.csv,0,Practice 1/BOT/22_tel.csv
Practice 1,BOT,,Practice 1/BOT/23_tel.csv,0,Practice 1/BOT/23_tel.csv
Practice 1,BOT,,Practice 1/BOT/24_tel.csv,0,Practice 1/BOT/24_tel.csv
Practice 1,BOT,,,1,Practice 1/BOT/25_tel.json
Practice 1,BOT,,Practice 1/BOT/26_tel.csv,0,Practice 1/BOT/26_tel.csv
Practice 1,BOT,,Practice 1/BOT/27_tel.csv,0,Practice 1/BOT/27_tel.csv
Practice 1,BOT,,Practice 1/BOT/28_tel.csv,0,Practice 1/BOT/28_tel.csv
Practice 1,BOT,,Practice 1/BOT/29_tel.csv,0,Practice 1/BOT/29_tel.csv
Practice 1,BOT,,Practice 1/BOT/2_tel.csv,0,Practice 1/BOT/2_tel.csv
Practice 1,BOT,,Practice 1/BOT/30_tel.csv,0,Practice 1/BOT/30_tel.csv
Practice 1,BOT,,Practice 1/BOT/31_tel.csv,0,Practice 1/BOT/31_tel.csv
Practice 1,BOT,,Practice 1/BOT/32_tel.csv,0,Practice 1/BOT/32_tel.csv
Practice 1,BOT,,Practice 1/BOT/33_tel.csv,0,Practice 1/BOT/33_tel.csv
Practice 1,BOT,,Practice 1/BOT/34_tel.csv,0,Practice 1/BOT/34_tel.csv
Practice 1,BOT,,,1,Practice 1/BOT/35_tel.json
Practice 1,BOT,,Practice 1/BOT/3_tel.csv,0,Practice 1/BOT/3_tel.csv
Practice 1,BOT,,,1,Practice 1/BOT/4_tel.json
Practice 1,BOT,,Practice 1/BOT/5_tel.csv,0,Practice 1/BOT/5_tel.csv
Practice 1,BOT,,Practice 1/BOT/6_tel.csv,0,Practice 1/BOT/6_tel.csv
Practice 1,BOT,,,1,Practice 1/BOT/7_tel.json
Practice 1,BOT,,Practice 1/BOT/8_tel.csv,0,Practice 1/BOT/8_tel.csv
Practice 1,BOT,,Practice 1/BOT/9_tel.csv,0,Practice 1/BOT/9_tel.csv
Practice 1,BOT,,Practice 1/BOT/laptimes.csv,0,Practice 1/BOT/laptimes.csv
Practice 1,COL,,Practice 1/COL/10_tel.csv,0,Practice 1/COL/10_tel.csv
Practice 1,COL,,Practice 1/COL/11_tel.csv,0,Practice 1/COL/11_tel.csv
Practice 1,COL,,Practice 1/COL/12_tel.csv,0,Practice 1/COL/12_tel.csv
Practice 1,COL,,Practice 1/COL/13_tel.csv,0,Practice 1/COL/13_tel.csv
Practice 1,COL,,Practice 1/COL/14_tel.csv,0,Practice 1/COL/14_tel.csv
Practice 1,COL,,Practice 1/COL/15_tel.csv,0,Practice 1/COL/15_tel.csv
Practice 1,COL,,Practice 1/COL/16_tel.csv,0,Practice 1/COL/16_tel.csv
Practice 1,COL,,Practice 1/COL/17_tel.csv,0,Practice 1/COL/17_tel.csv
Practice 1,COL,,Practice 1/COL/18_tel.csv,0,Practice 1/COL/18_tel.csv
Practice 1,COL,,,1,Practice 1/COL/19_tel.json
Practice 1,COL,,Practice 1/COL/1_tel.csv,0,Practice 1/COL/1_tel.csv
Practice 1,COL,,Practice 1/COL/20_tel.csv,0,Practice 1/COL/20_tel.csv
Practice 1,COL,,Practice 1/COL/21_tel.csv,0,Practice 1/COL/21_tel.csv
Practice 1,COL,,Practice 1/COL/22_tel.csv,0,Practice 1/COL/22_tel.csv
Practice 1,COL,,Practice 1/COL/23_tel.csv,0,Practice 1/COL/23_tel.csv
Practice 1,COL,,Practice 1/COL/24_tel.csv,0,Practice 1/COL/24_tel.csv
Practice 1,COL,,Practice 1/COL/25_tel.csv,0,Practice 1/COL/25_tel.csv
Practice 1,COL,,Practice 1/COL/26_tel.csv,0,Practice 1/COL/26_tel.csv
Practice 1,COL,,Practice 1/COL/27_tel.csv,0,Practice 1/COL/27_tel.csv
Practice 1,COL,,Practice 1/COL/28_tel.csv,0,Practice 1/COL/28_tel.csv
Practice 1,COL,,Practice 1/COL/29_tel.csv,0,Practice 1/COL/29_tel.csv
Practice 1,COL,,Practice 1/COL/2_tel.csv,0,Practice 1/COL/2_tel.csv
Practice 1,COL,,Practice 1/COL/30_tel.csv,0,Practice 1/COL/30_tel.csv
Practice 1,COL,,,1,Practice 1/COL/31_tel.json
Practice 1,COL,,Practice 1/COL/32_tel.csv,0,Practice 1/COL/32_tel.csv
Practice 1,COL,,Practice 1/COL/33_tel.csv,0,Practice 1/COL/33_tel.csv
Practice 1,COL,,Practice 1/COL/34_tel.csv,0,Practice 1/COL/34_tel.csv
Practice 1,COL,,Practice 1/COL/35_tel.csv,0,Practice 1/COL/35_tel.csv
Practice 1,COL,,Practice 1/COL/36_tel.csv,0,Practice 1/COL/36_tel.csv
Practice 1,COL,,Practice 1/COL/37_tel.csv,0,Practice 1/COL/37_tel.csv
Practice 1,COL,,Practice 1/COL/38_tel.csv,0,Practice 1/COL/38_tel.csv
Practice 1,COL,,Practice 1/COL/39_tel.csv,0,Practice 1/COL/39_tel.csv
Practice 1,COL,,Practice 1/COL/3_tel.csv,0,Practice 1/COL/3_tel.csv
Practice 1,COL,,Practice 1/COL/40_tel.csv,0,Practice 1/COL/40_tel.csv
Practice 1,COL,,Practice 1/COL/41_tel.csv,0,Practice 1/COL/41_tel.csv
Practice 1,COL,,Practice 1/COL/42_tel.csv,0,Practice 1/COL/42_tel.csv
Practice 1,COL,,Practice 1/COL/43_tel.csv,0,Practice 1/COL/43_tel.csv
Practice 1,COL,,Practice 1/COL/44_tel.csv,0,Practice 1/COL/44_tel.csv
Practice 1,COL,,Practice 1/COL/45_tel.csv,0,Practice 1/COL/45_tel.csv
Practice 1,COL,,Practice 1/COL/46_tel.csv,0,Practice 1/COL/46_tel.csv
Practice 1,COL,,,1,Practice 1/COL/47_tel.json
Practice 1,COL,,Practice 1/COL/48_tel.csv,0,Practice 1/COL/48_tel.csv
Practice 1,COL,,Practice 1/COL/49_tel.csv,0,Practice 1/COL/49_tel.csv
Practice 1,COL,,Practice 1/COL/4_tel.csv,0,Practice 1/COL/4_tel.csv
Practice 1,COL,,Practice 1/COL/50_tel.csv,0,Practice 1/COL/50_tel.csv
Practice 1,COL,,Practice 1/COL/51_tel.csv,0,Practice 1/COL/51_tel.csv
Practice 1,COL,,Practice 1/COL/52_tel.csv,0,Practice 1/COL/52_tel.csv
Practice 1,COL,,Practice 1/COL/53_tel.csv,0,Practice 1/COL/53_tel.csv
Practice 1,COL,,Practice 1/COL/54_tel.csv,0,Practice 1/COL/54_tel.csv
Practice 1,COL,,Practice 1/COL/55_tel.csv,0,Practice 1/COL/55_tel.csv
Practice 1,COL,,Practice 1/COL/56_tel.csv,0,Practice 1/COL/56_tel.csv
Practice 1,COL,,Practice 1/COL/57_tel.csv,0,Practice 1/COL/57_tel.csv
Practice 1,COL,,Practice 1/COL/58_tel.csv,0,Practice 1/COL/58_tel.csv
Practice 1,COL,,,1,Practice 1/COL/59_tel.json
Practice 1,COL,,,1,Practice 1/COL/5_tel.json
Practice 1,COL,,,1,Practice 1/COL/60_tel.json
Practice 1,COL,,Practice 1/COL/6_tel.csv,0,Practice 1/COL/6_tel.csv
Practice 1,COL,,Practice 1/COL/7_tel.csv,0,Practice 1/COL/7_tel.csv
Practice 1,COL,,Practice 1/COL/8_tel.csv,0,Practice 1/COL/8_tel.csv
Practice 1,COL,,Practice 1/COL/9_tel.csv,0,Practice 1/COL/9_tel.csv
Practice 1,COL,,Practice 1/COL/laptimes.csv,0,Practice 1/COL/laptimes.csv
Practice 1,GAS,,Practice 1/GAS/10_tel.csv,0,Practice 1/GAS/10_tel.csv
Practice 1,GAS,,Practice 1/GAS/11_tel.csv,0,Practice 1/GAS/11_tel.csv
Practice 1,GAS,,Practice 1/GAS/12_tel.csv,0,Practice 1/GAS/12_tel.csv
Practice 1,GAS,,,1,Practice 1/GAS/13_tel.json
Practice 1,GAS,,Practice 1/GAS/14_tel.csv,0,Practice 1/GAS/14_tel.csv
Practice 1,GAS,,Practice 1/GAS/15_tel.csv,0,Practice 1/GAS/15_tel.csv
Practice 1,GAS,,Practice 1/GAS/16_tel.csv,0,Practice 1/GAS/16_tel.csv
Practice 1,GAS,,Practice 1/GAS/17_tel.csv,0,Practice 1/GAS/17_tel.csv
Practice 1,GAS,,,1,Practice 1/GAS/18_tel.json
Practice 1,GAS,,,1,Practice 1/GAS/19_tel.json
Practice 1,GAS,,Practice 1/GAS/1_tel.csv,0,Practice 1/GAS/1_tel.csv
Practice 1,GAS,,Practice 1/GAS/20_tel.csv,0,Practice 1/GAS/20_tel.csv
Practice 1,GAS,,Practice 1/GAS/21_tel.csv,0,Practice 1/GAS/21_tel.csv
Practice 1,GAS,,Practice 1/GAS/22_tel.csv,0,Practice 1/GAS/22_tel.csv
Practice 1,GAS,,Practice 1/GAS/23_tel.csv,0,Practice 1/GAS/23_tel.csv
Practice 1,GAS,,Practice 1/GAS/24_tel.csv,0,Practice 1/GAS/24_tel.csv
Practice 1,GAS,,Practice 1/GAS/25_tel.csv,0,Practice 1/GAS/25_tel.csv
Practice 1,GAS,,Practice 1/GAS/26_tel.csv,0,Practice 1/GAS/26_tel.csv
Practice 1,GAS,,Practice 1/GAS/27_tel.csv,0,Practice 1/GAS/27_tel.csv
Practice 1,GAS,,Practice 1/GAS/28_tel.csv,0,Practice 1/GAS/28_tel.csv
Practice 1,GAS,,Practice 1/GAS/29_tel.csv,0,Practice 1/GAS/29_tel.csv
Practice 1,GAS,,Practice 1/GAS/2_tel.csv,0,Practice 1/GAS/2_tel.csv
Practice 1,GAS,,Practice 1/GAS/30_tel.csv,0,Practice 1/GAS/30_tel.csv
Practice 1,GAS,,Practice 1/GAS/31_tel.csv,0,Practice 1/GAS/31_tel.csv
Practice 1,GAS,,Practice 1/GAS/32_tel.csv,0,Practice 1/GAS/32_tel.csv
Practice 1,GAS,,,1,Practice 1/GAS/33_tel.json
Practice 1,GAS,,Practice 1/GAS/34_tel.csv,0,Practice 1/GAS/34_tel.csv
Practice 1,GAS,,Practice 1/GAS/35_tel.csv,0,Practice 1/GAS/35_tel.csv
Practice 1,GAS,,Practice 1/GAS/36_tel.csv,0,Practice 1/GAS/36_tel.csv
Practice 1,GAS,,Practice 1/GAS/37_tel.csv,0,Practice 1/GAS/37_tel.csv
Practice 1,GAS,,Practice 1/GAS/38_tel.csv,0,Practice 1/GAS/38_tel.csv
Practice 1,GAS,,Practice 1/GAS/39_tel.csv,0,Practice 1/GAS/39_tel.csv
Practice 1,GAS,,Practice 1/GAS/3_tel.csv,0,Practice 1/GAS/3_tel.csv
Practice 1,GAS,,,1,Practice 1/GAS/40_tel.json
Practice 1,GAS,,Practice 1/GAS/41_tel.csv,0,Practice 1/GAS/41_tel.csv
Practice 1,GAS,,Practice 1/GAS/42_tel.csv,0,Practice 1/GAS/42_tel.csv
Practice 1,GAS,,Practice 1/GAS/43_tel.csv,0,Practice 1/GAS/43_tel.csv
Practice 1,GAS,,Practice 1/GAS/44_tel.csv,0,Practice 1/GAS/44_tel.csv
Practice 1,GAS,,Practice 1/GAS/45_tel.csv,0,Practice 1/GAS/45_tel.csv
Practice 1,GAS,,,1,Practice 1/GAS/46_tel.json
Practice 1,GAS,,Practice 1/GAS/4_tel.csv,0,Practice 1/GAS/4_tel.csv
Practice 1,GAS,,Practice 1/GAS/5_tel.csv,0,Practice 1/GAS/5_tel.csv
Practice 1,GAS,,Practice 1/GAS/6_tel.csv,0,Practice 1/GAS/6_tel.csv
Practice 1,GAS,,,1,Practice 1/GAS/7_tel.json
Practice 1,GAS,,Practice 1/GAS/8_tel.csv,0,Practice 1/GAS/8_tel.csv
Practice 1,GAS,,Practice 1/GAS/9_tel.csv,0,Practice 1/GAS/9_tel.csv
Practice 1,GAS,,Practice 1/GAS/laptimes.csv,0,Practice 1/GAS/laptimes.csv
Practice 1,HAD,,Practice 1/HAD/10_tel.csv,0,Practice 1/HAD/10_tel.csv
Practice 1,HAD,,Practice 1/HAD/11_tel.csv,0,Practice 1/HAD/11_tel.csv
Practice 1,HAD,,Practice 1/HAD/12_tel.csv,0,Practice 1/HAD/12_tel.csv
Practice 1,HAD,,Practice 1/HAD/13_tel.csv,0,Practice 1/HAD/13_tel.csv
Practice 1,HAD,,Practice 1/HAD/14_tel.csv,0,Practice 1/HAD/14_tel.csv
Practice 1,HAD,,Practice 1/HAD/15_tel.csv,0,Practice 1/HAD/15_tel.csv
Practice 1,HAD,,,1,Practice 1/HAD/16_tel.json
Practice 1,HAD,,Practice 1/HAD/17_tel.csv,0,Practice 1/HAD/17_tel.csv
Practice 1,HAD,,,1,Practice 1/HAD/18_tel.json
Practice 1,HAD,,Practice 1/HAD/19_tel.csv,0,Practice 1/HAD/19_tel.csv
Practice 1,HAD,,Practice 1/HAD/1_tel.csv,0,Practice 1/HAD/1_tel.csv
Practice 1,HAD,,,1,Practice 1/HAD/20_tel.json
Practice 1,HAD,,Practice 1/HAD/21_tel.csv,0,Practice 1/HAD/21_tel.csv
Practice 1,HAD,,Practice 1/HAD/22_tel.csv,0,Practice 1/HAD/22_tel.csv
Practice 1,HAD,,,1,Practice 1/HAD/23_tel.json
Practice 1,HAD,,Practice 1/HAD/24_tel.csv,0,Practice 1/HAD/24_tel.csv
Practice 1,HAD,,,1,Practice 1/HAD/25_tel.json
Practice 1,HAD,,Practice 1/HAD/26_tel.csv,0,Practice 1/HAD/26_tel.csv
Practice 1,HAD,,,1,Practice 1/HAD/27_tel.json
Practice 1,HAD,,Practice 1/HAD/28_tel.csv,0,Practice 1/HAD/28_tel.csv
Practice 1,HAD,,,1,Practice 1/HAD/29_tel.json
Practice 1,HAD,,Practice 1/HAD/2_tel.csv,0,Practice 1/HAD/2_tel.csv
Practice 1,HAD,,Practice 1/HAD/30_tel.csv,0,Practice 1/HAD/30_tel.csv
Practice 1,HAD,,Practice 1/HAD/31_tel.csv,0,Practice 1/HAD/31_tel.csv
Practice 1,HAD,,Practice 1/HAD/32_tel.csv,0,Practice 1/HAD/32_tel.csv
Practice 1,HAD,,Practice 1/HAD/33_tel.csv,0,Practice 1/HAD/33_tel.csv
Practice 1,HAD,,Practice 1/HAD/34_tel.csv,0,Practice 1/HAD/34_tel.csv
Practice 1,HAD,,Practice 1/HAD/35_tel.csv,0,Practice 1/HAD/35_tel.csv
Practice 1,HAD,,Practice 1/HAD/36_tel.csv,0,Practice 1/HAD/36_tel.csv
Practice 1,HAD,,Practice 1/HAD/37_tel.csv,0,Practice 1/HAD/37_tel.csv
Practice 1,HAD,,,1,Practice 1/HAD/38_tel.json
Practice 1,HAD,,Practice 1/HAD/39_tel.csv,0,Practice 1/HAD/39_tel.csv
Practice 1,HAD,,Practice 1/HAD/3_tel.csv,0,Practice 1/HAD/3_tel.csv
Practice 1,HAD,,Practice 1/HAD/40_tel.csv,0,Practice 1/HAD/40_tel.csv
Practice 1,HAD,,Practice 1/HAD/41_tel.csv,0,Practice 1/HAD/41_tel.csv
Practice 1,HAD,,Practice 1/HAD/42_tel.csv,0,Practice 1/HAD/42_tel.csv
Practice 1,HAD,,Practice 1/HAD/43_tel.csv,0,Practice 1/HAD/43_tel.csv
Practice 1,HAD,,Practice 1/HAD/44_tel.csv,0,Practice 1/HAD/44_tel.csv
Practice 1,HAD,,Practice 1/HAD/45_tel.csv,0,Practice 1/HAD/45_tel.csv
Practice 1,HAD,,Practice 1/HAD/46_tel.csv,0,Practice 1/HAD/46_tel.csv
Practice 1,HAD,,Practice 1/HAD/47_tel.csv,0,Practice 1/HAD/47_tel.csv
Practice 1,HAD,,Practice 1/HAD/48_tel.csv,0,Practice 1/HAD/48_tel.csv
Practice 1,HAD,,Practice 1/HAD/49_tel.csv,0,Practice 1/HAD/49_tel.csv
Practice 1,HAD,,Practice 1/HAD/4_tel.csv,0,Practice 1/HAD/4_tel.csv
Practice 1,HAD,,Practice 1/HAD/50_tel.csv,0,Practice 1/HAD/50_tel.csv
Practice 1,HAD,,Practice 1/HAD/51_tel.csv,0,Practice 1/HAD/51_tel.csv
Practice 1,HAD,,Practice 1/HAD/52_tel.csv,0,Practice 1/HAD/52_tel.csv
Practice 1,HAD,,Practice 1/HAD/53_tel.csv,0,Practice 1/HAD/53_tel.csv
Practice 1,HAD,,Practice 1/HAD/54_tel.csv,0,Practice 1/HAD/54_tel.csv
Practice 1,HAD,,Practice 1/HAD/55_tel.csv,0,Practice 1/HAD/55_tel.csv
Practice 1,HAD,,,1,Practice 1/HAD/56_tel.json
Practice 1,HAD,,Practice 1/HAD/57_tel.csv,0,Practice 1/HAD/57_tel.csv
Practice 1,HAD,,Practice 1/HAD/58_tel.csv,0,Practice 1/HAD/58_tel.csv
Practice 1,HAD,,Practice 1/HAD/59_tel.csv,0,Practice 1/HAD/59_tel.csv
Practice 1,HAD,,,1,Practice 1/HAD/5_tel.json
Practice 1,HAD,,Practice 1/HAD/60_tel.csv,0,Practice 1/HAD/60_tel.csv
Practice 1,HAD,,Practice 1/HAD/61_tel.csv,0,Practice 1/HAD/61_tel.csv
Practice 1,HAD,,Practice 1/HAD/62_tel.csv,0,Practice 1/HAD/62_tel.csv
Practice 1,HAD,,Practice 1/HAD/63_tel.csv,0,Practice 1/HAD/63_tel.csv
Practice 1,HAD,,Practice 1/HAD/64_tel.csv,0,Practice 1/HAD/64_tel.csv
Practice 1,HAD,,Practice 1/HAD/65_tel.csv,0,Practice 1/HAD/65_tel.csv
Practice 1,HAD,,,1,Practice 1/HAD/66_tel.json
Practice 1,HAD,,Practice 1/HAD/6_tel.csv,0,Practice 1/HAD/6_tel.csv
Practice 1,HAD,,Practice 1/HAD/7_tel.csv,0,Practice 1/HAD/7_tel.csv
Practice 1,HAD,,,1,Practice 1/HAD/8_tel.json
Practice 1,HAD,,Practice 1/HAD/9_tel.csv,0,Practice 1/HAD/9_tel.csv
Practice 1,HAD,,Practice 1/HAD/laptimes.csv,0,Practice 1/HAD/laptimes.csv
Practice 1,HAM,,Practice 1/HAM/10_tel.csv,0,Practice 1/HAM/10_tel.csv
Practice 1,HAM,,Practice 1/HAM/11_tel.csv,0,Practice 1/HAM/11_tel.csv
Practice 1,HAM,,Practice 1/HAM/12_tel.csv,0,Practice 1/HAM/12_tel.csv
Practice 1,HAM,,Practice 1/HAM/13_tel.csv,0,Practice 1/HAM/13_tel.csv
Practice 1,HAM,,Practice 1/HAM/14_tel.csv,0,Practice 1/HAM/14_tel.csv
Practice 1,HAM,,Practice 1/HAM/15_tel.csv,0,Practice 1/HAM/15_tel.csv
Practice 1,HAM,,Practice 1/HAM/16_tel.csv,0,Practice 1/HAM/16_tel.csv
Practice 1,HAM,,Practice 1/HAM/17_tel.csv,0,Practice 1/HAM/17_tel.csv
Practice 1,HAM,,Practice 1/HAM/18_tel.csv,0,Practice 1/HAM/18_tel.csv
Practice 1,HAM,,Practice 1/HAM/19_tel.csv,0,Practice 1/HAM/19_tel.csv
Practice 1,HAM,,Practice 1/HAM/1_tel.csv,0,Practice 1/HAM/1_tel.csv
Practice 1,HAM,,Practice 1/HAM/20_tel.csv,0,Practice 1/HAM/20_tel.csv
Practice 1,HAM,,,1,Practice 1/HAM/21_tel.json
Practice 1,HAM,,Practice 1/HAM/22_tel.csv,0,Practice 1/HAM/22_tel.csv
Practice 1,HAM,,Practice 1/HAM/23_tel.csv,0,Practice 1/HAM/23_tel.csv
Practice 1,HAM,,Practice 1/HAM/24_tel.csv,0,Practice 1/HAM/24_tel.csv
Practice 1,HAM,,,1,Practice 1/HAM/25_tel.json
Practice 1,HAM,,Practice 1/HAM/26_tel.csv,0,Practice 1/HAM/26_tel.csv
Practice 1,HAM,,Practice 1/HAM/27_tel.csv,0,Practice 1/HAM/27_tel.csv
Practice 1,HAM,,Practice 1/HAM/28_tel.csv,0,Practice 1/HAM/28_tel.csv
Practice 1,HAM,,Practice 1/HAM/29_tel.csv,0,Practice 1/HAM/29_tel.csv
Practice 1,HAM,,Practice 1/HAM/2_tel.csv,0,Practice 1/HAM/2_tel.csv
Practice 1,HAM,,Practice 1/HAM/30_tel.csv,0,Practice 1/HAM/30_tel.csv
Practice 1,HAM,,Practice 1/HAM/31_tel.csv,0,Practice 1/HAM/31_tel.csv
Practice 1,HAM,,Practice 1/HAM/32_tel.csv,0,Practice 1/HAM/32_tel.csv
Practice 1,HAM,,Practice 1/HAM/33_tel.csv,0,Practice 1/HAM/33_tel.csv
Practice 1,HAM,,Practice 1/HAM/34_tel.csv,0,Practice 1/HAM/34_tel.csv
Practice 1,HAM,,Practice 1/HAM/35_tel.csv,0,Practice 1/HAM/35_tel.csv
Practice 1,HAM,,Practice 1/HAM/36_tel.csv,0,Practice 1/HAM/36_tel.csv
Practice 1,HAM,,Practice 1/HAM/37_tel.csv,0,Practice 1/HAM/37_tel.csv
Practice 1,HAM,,Practice 1/HAM/38_tel.csv,0,Practice 1/HAM/38_tel.csv
Practice 1,HAM,,Practice 1/HAM/39_tel.csv,0,Practice 1/HAM/39_tel.csv
Practice 1,HAM,,Practice 1/HAM/3_tel.csv,0,Practice 1/HAM/3_tel.csv
Practice 1,HAM,,Practice 1/HAM/40_tel.csv,0,Practice 1/HAM/40_tel.csv
Practice 1,HAM,,Practice 1/HAM/41_tel.csv,0,Practice 1/HAM/41_tel.csv
Practice 1,HAM,,Practice 1/HAM/42_tel.csv,0,Practice 1/HAM/42_tel.csv
Practice 1,HAM,,Practice 1/HAM/43_tel.csv,0,Practice 1/HAM/43_tel.csv
Practice 1,HAM,,,1,Practice 1/HAM/44_tel.json
Practice 1,HAM,,Practice 1/HAM/4_tel.csv,0,Practice 1/HAM/4_tel.csv
Practice 1,HAM,,Practice 1/HAM/5_tel.csv,0,Practice 1/HAM/5_tel.csv
Practice 1,HAM,,Practice 1/HAM/6_tel.csv,0,Practice 1/HAM/6_tel.csv
Practice 1,HAM,,Practice 1/HAM/7_tel.csv,0,Practice 1/HAM/7_tel.csv
Practice 1,HAM,,,1,Practice 1/HAM/8_tel.json
Practice 1,HAM,,Practice 1/HAM/9_tel.csv,0,Practice 1/HAM/9_tel.csv
Practice 1,HAM,,Practice 1/HAM/laptimes.csv,0,Practice 1/HAM/laptimes.csv
Practice 1,HUL,,Practice 1/HUL/10_tel.csv,0,Practice 1/HUL/10_tel.csv
Practice 1,HUL,,,1,Practice 1/HUL/11_tel.json
Practice 1,HUL,,Practice 1/HUL/12_tel.csv,0,Practice 1/HUL/12_tel.csv
Practice 1,HUL,,Practice 1/HUL/13_tel.csv,0,Practice 1/HUL/13_tel.csv
Practice 1,HUL,,Practice 1/HUL/14_tel.csv,0,Practice 1/HUL/14_tel.csv
Practice 1,HUL,,Practice 1/HUL/15_tel.csv,0,Practice 1/HUL/15_tel.csv
Practice 1,HUL,,Practice 1/HUL/16_tel.csv,0,Practice 1/HUL/16_tel.csv
Practice 1,HUL,,Practice 1/HUL/17_tel.csv,0,Practice 1/HUL/17_tel.csv
Practice 1,HUL,,Practice 1/HUL/18_tel.csv,0,Practice 1/HUL/18_tel.csv
Practice 1,HUL,,Practice 1/HUL/19_tel.csv,0,Practice 1/HUL/19_tel.csv
Practice 1,HUL,,Practice 1/HUL/1_tel.csv,0,Practice 1/HUL/1_tel.csv
Practice 1,HUL,,Practice 1/HUL/20_tel.csv,0,Practice 1/HUL/20_tel.csv
Practice 1,HUL,,,1,Practice 1/HUL/21_tel.json
Practice 1,HUL,,Practice 1/HUL/22_tel.csv,0,Practice 1/HUL/22_tel.csv
Practice 1,HUL,,Practice 1/HUL/23_tel.csv,0,Practice 1/HUL/23_tel.csv
Practice 1,HUL,,Practice 1/HUL/24_tel.csv,0,Practice 1/HUL/24_tel.csv
Practice 1,HUL,,Practice 1/HUL/25_tel.csv,0,Practice 1/HUL/25_tel.csv
Practice 1,HUL,,Practice 1/HUL/26_tel.csv,0,Practice 1/HUL/26_tel.csv
Practice 1,HUL,,Practice 1/HUL/27_tel.csv,0,Practice 1/HUL/27_tel.csv
Practice 1,HUL,,Practice 1/HUL/28_tel.csv,0,Practice 1/HUL/28_tel.csv
Practice 1,HUL,,Practice 1/HUL/29_tel.csv,0,Practice 1/HUL/29_tel.csv
Practice 1,HUL,,Practice 1/HUL/2_tel.csv,0,Practice 1/HUL/2_tel.csv
Practice 1,HUL,,,1,Practice 1/HUL/30_tel.json
Practice 1,HUL,,Practice 1/HUL/31_tel.csv,0,Practice 1/HUL/31_tel.csv
Practice 1,HUL,,Practice 1/HUL/32_tel.csv,0,Practice 1/HUL/32_tel.csv
Practice 1,HUL,,Practice 1/HUL/33_tel.csv,0,Practice 1/HUL/33_tel.csv
Practice 1,HUL,,Practice 1/HUL/34_tel.csv,0,Practice 1/HUL/34_tel.csv
Practice 1,HUL,,Practice 1/HUL/35_tel.csv,0,Practice 1/HUL/35_tel.csv
Practice 1,HUL,,Practice 1/HUL/36_tel.csv,0,Practice 1/HUL/36_tel.csv
Practice 1,HUL,,Practice 1/HUL/37_tel.csv,0,Practice 1/HUL/37_tel.csv
Practice 1,HUL,,,1,Practice 1/HUL/38_tel.json
Practice 1,HUL,,Practice 1/HUL/39_tel.csv,0,Practice 1/HUL/39_tel.csv
Practice 1,HUL,,,1,Practice 1/HUL/3_tel.json
Practice 1,HUL,,Practice 1/HUL/40_tel.csv,0,Practice 1/HUL/40_tel.csv
Practice 1,HUL,,Practice 1/HUL/41_tel.csv,0,Practice 1/HUL/41_tel.csv
Practice 1,HUL,,Practice 1/HUL/4_tel.csv,0,Practice 1/HUL/4_tel.csv
Practice 1,HUL,,Practice 1/HUL/5_tel.csv,0,Practice 1/HUL/5_tel.csv
Practice 1,HUL,,Practice 1/HUL/6_tel.csv,0,Practice 1/HUL/6_tel.csv
Practice 1,HUL,,,1,Practice 1/HUL/7_tel.json
Practice 1,HUL,,Practice 1/HUL/8_tel.csv,0,Practice 1/HUL/8_tel.csv
Practice 1,HUL,,Practice 1/HUL/9_tel.csv,0,Practice 1/HUL/9_tel.csv
Practice 1,HUL,,Practice 1/HUL/laptimes.csv,0,Practice 1/HUL/laptimes.csv
Practice 1,LAW,,Practice 1/LAW/10_tel.csv,0,Practice 1/LAW/10_tel.csv
Practice 1,LAW,,Practice 1/LAW/11_tel.csv,0,Practice 1/LAW/11_tel.csv
Practice 1,LAW,,Practice 1/LAW/12_tel.csv,0,Practice 1/LAW/12_tel.csv
Practice 1,LAW,,Practice 1/LAW/13_tel.csv,0,Practice 1/LAW/13_tel.csv
Practice 1,LAW,,Practice 1/LAW/14_tel.csv,0,Practice 1/LAW/14_tel.csv
Practice 1,LAW,,Practice 1/LAW/15_tel.csv,0,Practice 1/LAW/15_tel.csv
Practice 1,LAW,,Practice 1/LAW/16_tel.csv,0,Practice 1/LAW/16_tel.csv
Practice 1,LAW,,Practice 1/LAW/17_tel.csv,0,Practice 1/LAW/17_tel.csv
Practice 1,LAW,,Practice 1/LAW/18_tel.csv,0,Practice 1/LAW/18_tel.csv
Practice 1,LAW,,Practice 1/LAW/19_tel.csv,0,Practice 1/LAW/19_tel.csv
Practice 1,LAW,,Practice 1/LAW/1_tel.csv,0,Practice 1/LAW/1_tel.csv
Practice 1,LAW,,Practice 1/LAW/20_tel.csv,0,Practice 1/LAW/20_tel.csv
Practice 1,LAW,,Practice 1/LAW/21_tel.csv,0,Practice 1/LAW/21_tel.csv
Practice 1,LAW,,Practice 1/LAW/22_tel.csv,0,Practice 1/LAW/22_tel.csv
Practice 1,LAW,,Practice 1/LAW/23_tel.csv,0,Practice 1/LAW/23_tel.csv
Practice 1,LAW,,Practice 1/LAW/24_tel.csv,0,Practice 1/LAW/24_tel.csv
Practice 1,LAW,,Practice 1/LAW/25_tel.csv,0,Practice 1/LAW/25_tel.csv
Practice 1,LAW,,Practice 1/LAW/26_tel.csv,0,Practice 1/LAW/26_tel.csv
Practice 1,LAW,,Practice 1/LAW/27_tel.csv,0,Practice 1/LAW/27_tel.csv
Practice 1,LAW,,,1,Practice 1/LAW/28_tel.json
Practice 1,LAW,,Practice 1/LAW/29_tel.csv,0,Practice 1/LAW/29_tel.csv
Practice 1,LAW,,Practice 1/LAW/2_tel.csv,0,Practice 1/LAW/2_tel.csv
Practice 1,LAW,,Practice 1/LAW/30_tel.csv,0,Practice 1/LAW/30_tel.csv
Practice 1,LAW,,Practice 1/LAW/31_tel.csv,0,Practice 1/LAW/31_tel.csv
Practice 1,LAW,,Practice 1/LAW/32_tel.csv,0,Practice 1/LAW/32_tel.csv
Practice 1,LAW,,Practice 1/LAW/33_tel.csv,0,Practice 1/LAW/33_tel.csv
Practice 1,LAW,,Practice 1/LAW/34_tel.csv,0,Practice 1/LAW/34_tel.csv
Practice 1,LAW,,Practice 1/LAW/35_tel.csv,0,Practice 1/LAW/35_tel.csv
Practice 1,LAW,,Practice 1/LAW/36_tel.csv,0,Practice 1/LAW/36_tel.csv
Practice 1,LAW,,Practice 1/LAW/37_tel.csv,0,Practice 1/LAW/37_tel.csv
Practice 1,LAW,,Practice 1/LAW/38_tel.csv,0,Practice 1/LAW/38_tel.csv
Practice 1,LAW,,Practice 1/LAW/39_tel.csv,0,Practice 1/LAW/39_tel.csv
Practice 1,LAW,,Practice 1/LAW/3_tel.csv,0,Practice 1/LAW/3_tel.csv
Practice 1,LAW,,,1,Practice 1/LAW/40_tel.json
Practice 1,LAW,,Practice 1/LAW/41_tel.csv,0,Practice 1/LAW/41_tel.csv
Practice 1,LAW,,,1,Practice 1/LAW/42_tel.json
Practice 1,LAW,,Practice 1/LAW/43_tel.csv,0,Practice 1/LAW/43_tel.csv
Practice 1,LAW,,Practice 1/LAW/44_tel.csv,0,Practice 1/LAW/44_tel.csv
Practice 1,LAW,,Practice 1/LAW/45_tel.csv,0,Practice 1/LAW/45_tel.csv
Practice 1,LAW,,Practice 1/LAW/46_tel.csv,0,Practice 1/LAW/46_tel.csv
Practice 1,LAW,,Practice 1/LAW/47_tel.csv,0,Practice 1/LAW/47_tel.csv
Practice 1,LAW,,Practice 1/LAW/48_tel.csv,0,Practice 1/LAW/48_tel.csv
Practice 1,LAW,,Practice 1/LAW/49_tel.csv,0,Practice 1/LAW/49_tel.csv
Practice 1,LAW,,,1,Practice 1/LAW/4_tel.json
Practice 1,LAW,,Practice 1/LAW/50_tel.csv,0,Practice 1/LAW/50_tel.csv
Practice 1,LAW,,Practice 1/LAW/51_tel.csv,0,Practice 1/LAW/51_tel.csv
Practice 1,LAW,,Practice 1/LAW/52_tel.csv,0,Practice 1/LAW/52_tel.csv
Practice 1,LAW,,,1,Practice 1/LAW/53_tel.json
Practice 1,LAW,,Practice 1/LAW/54_tel.csv,0,Practice 1/LAW/54_tel.csv
Practice 1,LAW,,Practice 1/LAW/55_tel.csv,0,Practice 1/LAW/55_tel.csv
Practice 1,LAW,,Practice 1/LAW/56_tel.csv,0,Practice 1/LAW/56_tel.csv
Practice 1,LAW,,Practice 1/LAW/57_tel.csv,0,Practice 1/LAW/57_tel.csv
Practice 1,LAW,,Practice 1/LAW/58_tel.csv,0,Practice 1/LAW/58_tel.csv
Practice 1,LAW,,Practice 1/LAW/59_tel.csv,0,Practice 1/LAW/59_tel.csv
Practice 1,LAW,,Practice 1/LAW/5_tel.csv,0,Practice 1/LAW/5_tel.csv
Practice 1,LAW,,Practice 1/LAW/60_tel.csv,0,Practice 1/LAW/60_tel.csv
Practice 1,LAW,,,1,Practice 1/LAW/61_tel.json
Practice 1,LAW,,Practice 1/LAW/6_tel.csv,0,Practice 1/LAW/6_tel.csv
Practice 1,LAW,,Practice 1/LAW/7_tel.csv,0,Practice 1/LAW/7_tel.csv
Practice 1,LAW,,Practice 1/LAW/8_tel.csv,0,Practice 1/LAW/8_tel.csv
Practice 1,LAW,,Practice 1/LAW/9_tel.csv,0,Practice 1/LAW/9_tel.csv
Practice 1,LAW,,Practice 1/LAW/laptimes.csv,0,Practice 1/LAW/laptimes.csv
Practice 1,LEC,,Practice 1/LEC/10_tel.csv,0,Practice 1/LEC/10_tel.csv
Practice 1,LEC,,,1,Practice 1/LEC/11_tel.json
Practice 1,LEC,,Practice 1/LEC/12_tel.csv,0,Practice 1/LEC/12_tel.csv
Practice 1,LEC,,Practice 1/LEC/13_tel.csv,0,Practice 1/LEC/13_tel.csv
Practice 1,LEC,,Practice 1/LEC/14_tel.csv,0,Practice 1/LEC/14_tel.csv
Practice 1,LEC,,Practice 1/LEC/15_tel.csv,0,Practice 1/LEC/15_tel.csv
Practice 1,LEC,,Practice 1/LEC/16_tel.csv,0,Practice 1/LEC/16_tel.csv
Practice 1,LEC,,,1,Practice 1/LEC/17_tel.json
Practice 1,LEC,,Practice 1/LEC/18_tel.csv,0,Practice 1/LEC/18_tel.csv
Practice 1,LEC,,Practice 1/LEC/19_tel.csv,0,Practice 1/LEC/19_tel.csv
Practice 1,LEC,,Practice 1/LEC/1_tel.csv,0,Practice 1/LEC/1_tel.csv
Practice 1,LEC,,Practice 1/LEC/20_tel.csv,0,Practice 1/LEC/20_tel.csv
Practice 1,LEC,,Practice 1/LEC/21_tel.csv,0,Practice 1/LEC/21_tel.csv
Practice 1,LEC,,Practice 1/LEC/22_tel.csv,0,Practice 1/LEC/22_tel.csv
Practice 1,LEC,,,1,Practice 1/LEC/23_tel.json
Practice 1,LEC,,Practice 1/LEC/24_tel.csv,0,Practice 1/LEC/24_tel.csv
Practice 1,LEC,,Practice 1/LEC/25_tel.csv,0,Practice 1/LEC/25_tel.csv
Practice 1,LEC,,Practice 1/LEC/26_tel.csv,0,Practice 1/LEC/26_tel.csv
Practice 1,LEC,,Practice 1/LEC/27_tel.csv,0,Practice 1/LEC/27_tel.csv
Practice 1,LEC,,Practice 1/LEC/28_tel.csv,0,Practice 1/LEC/28_tel.csv
Practice 1,LEC,,,1,Practice 1/LEC/29_tel.json
Practice 1,LEC,,Practice 1/LEC/2_tel.csv,0,Practice 1/LEC/2_tel.csv
Practice 1,LEC,,Practice 1/LEC/30_tel.csv,0,Practice 1/LEC/30_tel.csv
Practice 1,LEC,,Practice 1/LEC/31_tel.csv,0,Practice 1/LEC/31_tel.csv
Practice 1,LEC,,Practice 1/LEC/32_tel.csv,0,Practice 1/LEC/32_tel.csv
Practice 1,LEC,,Practice 1/LEC/33_tel.csv,0,Practice 1/LEC/33_tel.csv
Practice 1,LEC,,Practice 1/LEC/34_tel.csv,0,Practice 1/LEC/34_tel.csv
Practice 1,LEC,,Practice 1/LEC/35_tel.csv,0,Practice 1/LEC/35_tel.csv
Practice 1,LEC,,Practice 1/LEC/36_tel.csv,0,Practice 1/LEC/36_tel.csv
Practice 1,LEC,,Practice 1/LEC/37_tel.csv,0,Practice 1/LEC/37_tel.csv
Practice 1,LEC,,Practice 1/LEC/38_tel.csv,0,Practice 1/LEC/38_tel.csv
Practice 1,LEC,,Practice 1/LEC/39_tel.csv,0,Practice 1/LEC/39_tel.csv
Practice 1,LEC,,Practice 1/LEC/3_tel.csv,0,Practice 1/LEC/3_tel.csv
Practice 1,LEC,,Practice 1/LEC/40_tel.csv,0,Practice 1/LEC/40_tel.csv
Practice 1,LEC,,Practice 1/LEC/41_tel.csv,0,Practice 1/LEC/41_tel.csv
Practice 1,LEC,,Practice 1/LEC/42_tel.csv,0,Practice 1/LEC/42_tel.csv
Practice 1,LEC,,Practice 1/LEC/43_tel.csv,0,Practice 1/LEC/43_tel.csv
Practice 1,LEC,,,1,Practice 1/LEC/44_tel.json
Practice 1,LEC,,Practice 1/LEC/45_tel.csv,0,Practice 1/LEC/45_tel.csv
Practice 1,LEC,,Practice 1/LEC/46_tel.csv,0,Practice 1/LEC/46_tel.csv
Practice 1,LEC,,Practice 1/LEC/47_tel.csv,0,Practice 1/LEC/47_tel.csv
Practice 1,LEC,,Practice 1/LEC/48_tel.csv,0,Practice 1/LEC/48_tel.csv
Practice 1,LEC,,Practice 1/LEC/49_tel.csv,0,Practice 1/LEC/49_tel.csv
Practice 1,LEC,,,1,Practice 1/LEC/4_tel.json
Practice 1,LEC,,Practice 1/LEC/50_tel.csv,0,Practice 1/LEC/50_tel.csv
Practice 1,LEC,,Practice 1/LEC/51_tel.csv,0,Practice 1/LEC/51_tel.csv
Practice 1,LEC,,Practice 1/LEC/52_tel.csv,0,Practice 1/LEC/52_tel.csv
Practice 1,LEC,,Practice 1/LEC/53_tel.csv,0,Practice 1/LEC/53_tel.csv
Practice 1,LEC,,Practice 1/LEC/54_tel.csv,0,Practice 1/LEC/54_tel.csv
Practice 1,LEC,,Practice 1/LEC/55_tel.csv,0,Practice 1/LEC/55_tel.csv
Practice 1,LEC,,Practice 1/LEC/56_tel.csv,0,Practice 1/LEC/56_tel.csv
Practice 1,LEC,,Practice 1/LEC/5_tel.csv,0,Practice 1/LEC/5_tel.csv
Practice 1,LEC,,Practice 1/LEC/6_tel.csv,0,Practice 1/LEC/6_tel.csv
Practice 1,LEC,,Practice 1/LEC/7_tel.csv,0,Practice 1/LEC/7_tel.csv
Practice 1,LEC,,Practice 1/LEC/8_tel.csv,0,Practice 1/LEC/8_tel.csv
Practice 1,LEC,,Practice 1/LEC/9_tel.csv,0,Practice 1/LEC/9_tel.csv
Practice 1,LEC,,Practice 1/LEC/laptimes.csv,0,Practice 1/LEC/laptimes.csv
Practice 1,LIN,,Practice 1/LIN/10_tel.csv,0,Practice 1/LIN/10_tel.csv
Practice 1,LIN,,Practice 1/LIN/11_tel.csv,0,Practice 1/LIN/11_tel.csv
Practice 1,LIN,,Practice 1/LIN/12_tel.csv,0,Practice 1/LIN/12_tel.csv
Practice 1,LIN,,Practice 1/LIN/13_tel.csv,0,Practice 1/LIN/13_tel.csv
Practice 1,LIN,,Practice 1/LIN/14_tel.csv,0,Practice 1/LIN/14_tel.csv
Practice 1,LIN,,Practice 1/LIN/15_tel.csv,0,Practice 1/LIN/15_tel.csv
Practice 1,LIN,,Practice 1/LIN/16_tel.csv,0,Practice 1/LIN/16_tel.csv
Practice 1,LIN,,Practice 1/LIN/17_tel.csv,0,Practice 1/LIN/17_tel.csv
Practice 1,LIN,,Practice 1/LIN/18_tel.csv,0,Practice 1/LIN/18_tel.csv
Practice 1,LIN,,Practice 1/LIN/19_tel.csv,0,Practice 1/LIN/19_tel.csv
Practice 1,LIN,,Practice 1/LIN/1_tel.csv,0,Practice 1/LIN/1_tel.csv
Practice 1,LIN,,,1,Practice 1/LIN/20_tel.json
Practice 1,LIN,,Practice 1/LIN/21_tel.csv,0,Practice 1/LIN/21_tel.csv
Practice 1,LIN,,Practice 1/LIN/22_tel.csv,0,Practice 1/LIN/22_tel.csv
Practice 1,LIN,,Practice 1/LIN/23_tel.csv,0,Practice 1/LIN/23_tel.csv
Practice 1,LIN,,Practice 1/LIN/24_tel.csv,0,Practice 1/LIN/24_tel.csv
Practice 1,LIN,,Practice 1/LIN/25_tel.csv,0,Practice 1/LIN/25_tel.csv
Practice 1,LIN,,Practice 1/LIN/26_tel.csv,0,Practice 1/LIN/26_tel.csv
Practice 1,LIN,,Practice 1/LIN/27_tel.csv,0,Practice 1/LIN/27_tel.csv
Practice 1,LIN,,Practice 1/LIN/28_tel.csv,0,Practice 1/LIN/28_tel.csv
Practice 1,LIN,,Practice 1/LIN/29_tel.csv,0,Practice 1/LIN/29_tel.csv
Practice 1,LIN,,Practice 1/LIN/2_tel.csv,0,Practice 1/LIN/2_tel.csv
Practice 1,LIN,,Practice 1/LIN/30_tel.csv,0,Practice 1/LIN/30_tel.csv
Practice 1,LIN,,Practice 1/LIN/31_tel.csv,0,Practice 1/LIN/31_tel.csv
Practice 1,LIN,,Practice 1/LIN/32_tel.csv,0,Practice 1/LIN/32_tel.csv
Practice 1,LIN,,Practice 1/LIN/33_tel.csv,0,Practice 1/LIN/33_tel.csv
Practice 1,LIN,,Practice 1/LIN/34_tel.csv,0,Practice 1/LIN/34_tel.csv
Practice 1,LIN,,Practice 1/LIN/35_tel.csv,0,Practice 1/LIN/35_tel.csv
Practice 1,LIN,,,1,Practice 1/LIN/36_tel.json
Practice 1,LIN,,Practice 1/LIN/37_tel.csv,0,Practice 1/LIN/37_tel.csv
Practice 1,LIN,,Practice 1/LIN/38_tel.csv,0,Practice 1/LIN/38_tel.csv
Practice 1,LIN,,Practice 1/LIN/39_tel.csv,0,Practice 1/LIN/39_tel.csv
Practice 1,LIN,,Practice 1/LIN/3_tel.csv,0,Practice 1/LIN/3_tel.csv
Practice 1,LIN,,Practice 1/LIN/40_tel.csv,0,Practice 1/LIN/40_tel.csv
Practice 1,LIN,,Practice 1/LIN/41_tel.csv,0,Practice 1/LIN/41_tel.csv
Practice 1,LIN,,Practice 1/LIN/42_tel.csv,0,Practice 1/LIN/42_tel.csv
Practice 1,LIN,,Practice 1/LIN/43_tel.csv,0,Practice 1/LIN/43_tel.csv
Practice 1,LIN,,Practice 1/LIN/44_tel.csv,0,Practice 1/LIN/44_tel.csv
Practice 1,LIN,,Practice 1/LIN/45_tel.csv,0,Practice 1/LIN/45_tel.csv
Practice 1,LIN,,Practice 1/LIN/46_tel.csv,0,Practice 1/LIN/46_tel.csv
Practice 1,LIN,,Practice 1/LIN/47_tel.csv,0,Practice 1/LIN/47_tel.csv
Practice 1,LIN,,Practice 1/LIN/48_tel.csv,0,Practice 1/LIN/48_tel.csv
Practice 1,LIN,,Practice 1/LIN/49_tel.csv,0,Practice 1/LIN/49_tel.csv
Practice 1,LIN,,,1,Practice 1/LIN/4_tel.json
Practice 1,LIN,,Practice 1/LIN/50_tel.csv,0,Practice 1/LIN/50_tel.csv
Practice 1,LIN,,Practice 1/LIN/51_tel.csv,0,Practice 1/LIN/51_tel.csv
Practice 1,LIN,,,1,Practice 1/LIN/52_tel.json
Practice 1,LIN,,Practice 1/LIN/53_tel.csv,0,Practice 1/LIN/53_tel.csv
Practice 1,LIN,,Practice 1/LIN/54_tel.csv,0,Practice 1/LIN/54_tel.csv
Practice 1,LIN,,Practice 1/LIN/55_tel.csv,0,Practice 1/LIN/55_tel.csv
Practice 1,LIN,,Practice 1/LIN/56_tel.csv,0,Practice 1/LIN/56_tel.csv
Practice 1,LIN,,Practice 1/LIN/57_tel.csv,0,Practice 1/LIN/57_tel.csv
Practice 1,LIN,,Practice 1/LIN/58_tel.csv,0,Practice 1/LIN/58_tel.csv
Practice 1,LIN,,Practice 1/LIN/59_tel.csv,0,Practice 1/LIN/59_tel.csv
Practice 1,LIN,,Practice 1/LIN/5_tel.csv,0,Practice 1/LIN/5_tel.csv
Practice 1,LIN,,Practice 1/LIN/6_tel.csv,0,Practice 1/LIN/6_tel.csv
Practice 1,LIN,,Practice 1/LIN/7_tel.csv,0,Practice 1/LIN/7_tel.csv
Practice 1,LIN,,Practice 1/LIN/8_tel.csv,0,Practice 1/LIN/8_tel.csv
Practice 1,LIN,,Practice 1/LIN/9_tel.csv,0,Practice 1/LIN/9_tel.csv
Practice 1,LIN,,Practice 1/LIN/laptimes.csv,0,Practice 1/LIN/laptimes.csv
Practice 1,NOR,,Practice 1/NOR/10_tel.csv,0,Practice 1/NOR/10_tel.csv
Practice 1,NOR,,Practice 1/NOR/11_tel.csv,0,Practice 1/NOR/11_tel.csv
Practice 1,NOR,,Practice 1/NOR/12_tel.csv,0,Practice 1/NOR/12_tel.csv
Practice 1,NOR,,,1,Practice 1/NOR/13_tel.json
Practice 1,NOR,,Practice 1/NOR/14_tel.csv,0,Practice 1/NOR/14_tel.csv
Practice 1,NOR,,Practice 1/NOR/15_tel.csv,0,Practice 1/NOR/15_tel.csv
Practice 1,NOR,,Practice 1/NOR/16_tel.csv,0,Practice 1/NOR/16_tel.csv
Practice 1,NOR,,Practice 1/NOR/17_tel.csv,0,Practice 1/NOR/17_tel.csv
Practice 1,NOR,,Practice 1/NOR/18_tel.csv,0,Practice 1/NOR/18_tel.csv
Practice 1,NOR,,Practice 1/NOR/19_tel.csv,0,Practice 1/NOR/19_tel.csv
Practice 1,NOR,,Practice 1/NOR/1_tel.csv,0,Practice 1/NOR/1_tel.csv
Practice 1,NOR,,,1,Practice 1/NOR/20_tel.json
Practice 1,NOR,,Practice 1/NOR/21_tel.csv,0,Practice 1/NOR/21_tel.csv
Practice 1,NOR,,Practice 1/NOR/22_tel.csv,0,Practice 1/NOR/22_tel.csv
Practice 1,NOR,,Practice 1/NOR/23_tel.csv,0,Practice 1/NOR/23_tel.csv
Practice 1,NOR,,Practice 1/NOR/24_tel.csv,0,Practice 1/NOR/24_tel.csv
Practice 1,NOR,,Practice 1/NOR/25_tel.csv,0,Practice 1/NOR/25_tel.csv
Practice 1,NOR,,,1,Practice 1/NOR/26_tel.json
Practice 1,NOR,,Practice 1/NOR/27_tel.csv,0,Practice 1/NOR/27_tel.csv
Practice 1,NOR,,Practice 1/NOR/28_tel.csv,0,Practice 1/NOR/28_tel.csv
Practice 1,NOR,,Practice 1/NOR/29_tel.csv,0,Practice 1/NOR/29_tel.csv
Practice 1,NOR,,Practice 1/NOR/2_tel.csv,0,Practice 1/NOR/2_tel.csv
Practice 1,NOR,,Practice 1/NOR/30_tel.csv,0,Practice 1/NOR/30_tel.csv
Practice 1,NOR,,Practice 1/NOR/31_tel.csv,0,Practice 1/NOR/31_tel.csv
Practice 1,NOR,,Practice 1/NOR/32_tel.csv,0,Practice 1/NOR/32_tel.csv
Practice 1,NOR,,Practice 1/NOR/33_tel.csv,0,Practice 1/NOR/33_tel.csv
Practice 1,NOR,,Practice 1/NOR/34_tel.csv,0,Practice 1/NOR/34_tel.csv
Practice 1,NOR,,Practice 1/NOR/35_tel.csv,0,Practice 1/NOR/35_tel.csv
Practice 1,NOR,,Practice 1/NOR/36_tel.csv,0,Practice 1/NOR/36_tel.csv
Practice 1,NOR,,,1,Practice 1/NOR/37_tel.json
Practice 1,NOR,,Practice 1/NOR/38_tel.csv,0,Practice 1/NOR/38_tel.csv
Practice 1,NOR,,Practice 1/NOR/39_tel.csv,0,Practice 1/NOR/39_tel.csv
Practice 1,NOR,,Practice 1/NOR/3_tel.csv,0,Practice 1/NOR/3_tel.csv
Practice 1,NOR,,Practice 1/NOR/40_tel.csv,0,Practice 1/NOR/40_tel.csv
Practice 1,NOR,,Practice 1/NOR/41_tel.csv,0,Practice 1/NOR/41_tel.csv
Practice 1,NOR,,Practice 1/NOR/42_tel.csv,0,Practice 1/NOR/42_tel.csv
Practice 1,NOR,,Practice 1/NOR/43_tel.csv,0,Practice 1/NOR/43_tel.csv
Practice 1,NOR,,Practice 1/NOR/44_tel.csv,0,Practice 1/NOR/44_tel.csv
Practice 1,NOR,,Practice 1/NOR/45_tel.csv,0,Practice 1/NOR/45_tel.csv
Practice 1,NOR,,Practice 1/NOR/46_tel.csv,0,Practice 1/NOR/46_tel.csv
Practice 1,NOR,,Practice 1/NOR/47_tel.csv,0,Practice 1/NOR/47_tel.csv
Practice 1,NOR,,Practice 1/NOR/48_tel.csv,0,Practice 1/NOR/48_tel.csv
Practice 1,NOR,,Practice 1/NOR/49_tel.csv,0,Practice 1/NOR/49_tel.csv
Practice 1,NOR,,Practice 1/NOR/4_tel.csv,0,Practice 1/NOR/4_tel.csv
Practice 1,NOR,,,1,Practice 1/NOR/50_tel.json
Practice 1,NOR,,Practice 1/NOR/51_tel.csv,0,Practice 1/NOR/51_tel.csv
Practice 1,NOR,,Practice 1/NOR/5_tel.csv,0,Practice 1/NOR/5_tel.csv
Practice 1,NOR,,Practice 1/NOR/6_tel.csv,0,Practice 1/NOR/6_tel.csv
Practice 1,NOR,,,1,Practice 1/NOR/7_tel.json
Practice 1,NOR,,Practice 1/NOR/8_tel.csv,0,Practice 1/NOR/8_tel.csv
Practice 1,NOR,,Practice 1/NOR/9_tel.csv,0,Practice 1/NOR/9_tel.csv
Practice 1,NOR,,Practice 1/NOR/laptimes.csv,0,Practice 1/NOR/laptimes.csv
Practice 1,OCO,,Practice 1/OCO/10_tel.csv,0,Practice 1/OCO/10_tel.csv
Practice 1,OCO,,,1,Practice 1/OCO/11_tel.json
Practice 1,OCO,,Practice 1/OCO/12_tel.csv,0,Practice 1/OCO/12_tel.csv
Practice 1,OCO,,Practice 1/OCO/13_tel.csv,0,Practice 1/OCO/13_tel.csv
Practice 1,OCO,,Practice 1/OCO/14_tel.csv,0,Practice 1/OCO/14_tel.csv
Practice 1,OCO,,Practice 1/OCO/15_tel.csv,0,Practice 1/OCO/15_tel.csv
Practice 1,OCO,,Practice 1/OCO/16_tel.csv,0,Practice 1/OCO/16_tel.csv
Practice 1,OCO,,Practice 1/OCO/17_tel.csv,0,Practice 1/OCO/17_tel.csv
Practice 1,OCO,,Practice 1/OCO/18_tel.csv,0,Practice 1/OCO/18_tel.csv
Practice 1,OCO,,Practice 1/OCO/19_tel.csv,0,Practice 1/OCO/19_tel.csv
Practice 1,OCO,,Practice 1/OCO/1_tel.csv,0,Practice 1/OCO/1_tel.csv
Practice 1,OCO,,Practice 1/OCO/20_tel.csv,0,Practice 1/OCO/20_tel.csv
Practice 1,OCO,,Practice 1/OCO/21_tel.csv,0,Practice 1/OCO/21_tel.csv
Practice 1,OCO,,,1,Practice 1/OCO/22_tel.json
Practice 1,OCO,,Practice 1/OCO/23_tel.csv,0,Practice 1/OCO/23_tel.csv
Practice 1,OCO,,Practice 1/OCO/24_tel.csv,0,Practice 1/OCO/24_tel.csv
Practice 1,OCO,,Practice 1/OCO/25_tel.csv,0,Practice 1/OCO/25_tel.csv
Practice 1,OCO,,Practice 1/OCO/26_tel.csv,0,Practice 1/OCO/26_tel.csv
Practice 1,OCO,,Practice 1/OCO/27_tel.csv,0,Practice 1/OCO/27_tel.csv
Practice 1,OCO,,Practice 1/OCO/28_tel.csv,0,Practice 1/OCO/28_tel.csv
Practice 1,OCO,,Practice 1/OCO/29_tel.csv,0,Practice 1/OCO/29_tel.csv
Practice 1,OCO,,Practice 1/OCO/2_tel.csv,0,Practice 1/OCO/2_tel.csv
Practice 1,OCO,,Practice 1/OCO/30_tel.csv,0,Practice 1/OCO/30_tel.csv
Practice 1,OCO,,Practice 1/OCO/31_tel.csv,0,Practice 1/OCO/31_tel.csv
Practice 1,OCO,,Practice 1/OCO/32_tel.csv,0,Practice 1/OCO/32_tel.csv
Practice 1,OCO,,Practice 1/OCO/33_tel.csv,0,Practice 1/OCO/33_tel.csv
Practice 1,OCO,,Practice 1/OCO/34_tel.csv,0,Practice 1/OCO/34_tel.csv
Practice 1,OCO,,Practice 1/OCO/35_tel.csv,0,Practice 1/OCO/35_tel.csv
Practice 1,OCO,,Practice 1/OCO/36_tel.csv,0,Practice 1/OCO/36_tel.csv
Practice 1,OCO,,Practice 1/OCO/37_tel.csv,0,Practice 1/OCO/37_tel.csv
Practice 1,OCO,,,1,Practice 1/OCO/38_tel.json
Practice 1,OCO,,Practice 1/OCO/39_tel.csv,0,Practice 1/OCO/39_tel.csv
Practice 1,OCO,,Practice 1/OCO/3_tel.csv,0,Practice 1/OCO/3_tel.csv
Practice 1,OCO,,,1,Practice 1/OCO/40_tel.json
Practice 1,OCO,,Practice 1/OCO/41_tel.csv,0,Practice 1/OCO/41_tel.csv
Practice 1,OCO,,Practice 1/OCO/42_tel.csv,0,Practice 1/OCO/42_tel.csv
Practice 1,OCO,,Practice 1/OCO/43_tel.csv,0,Practice 1/OCO/43_tel.csv
Practice 1,OCO,,Practice 1/OCO/44_tel.csv,0,Practice 1/OCO/44_tel.csv
Practice 1,OCO,,Practice 1/OCO/45_tel.csv,0,Practice 1/OCO/45_tel.csv
Practice 1,OCO,,Practice 1/OCO/46_tel.csv,0,Practice 1/OCO/46_tel.csv
Practice 1,OCO,,Practice 1/OCO/47_tel.csv,0,Practice 1/OCO/47_tel.csv
Practice 1,OCO,,Practice 1/OCO/48_tel.csv,0,Practice 1/OCO/48_tel.csv
Practice 1,OCO,,Practice 1/OCO/49_tel.csv,0,Practice 1/OCO/49_tel.csv
Practice 1,OCO,,Practice 1/OCO/4_tel.csv,0,Practice 1/OCO/4_tel.csv
Practice 1,OCO,,Practice 1/OCO/50_tel.csv,0,Practice 1/OCO/50_tel.csv
Practice 1,OCO,,Practice 1/OCO/51_tel.csv,0,Practice 1/OCO/51_tel.csv
Practice 1,OCO,,,1,Practice 1/OCO/52_tel.json
Practice 1,OCO,,Practice 1/OCO/53_tel.csv,0,Practice 1/OCO/53_tel.csv
Practice 1,OCO,,Practice 1/OCO/54_tel.csv,0,Practice 1/OCO/54_tel.csv
Practice 1,OCO,,Practice 1/OCO/55_tel.csv,0,Practice 1/OCO/55_tel.csv
Practice 1,OCO,,Practice 1/OCO/56_tel.csv,0,Practice 1/OCO/56_tel.csv
Practice 1,OCO,,Practice 1/OCO/57_tel.csv,0,Practice 1/OCO/57_tel.csv
Practice 1,OCO,,Practice 1/OCO/5_tel.csv,0,Practice 1/OCO/5_tel.csv
Practice 1,OCO,,Practice 1/OCO/6_tel.csv,0,Practice 1/OCO/6_tel.csv
Practice 1,OCO,,,1,Practice 1/OCO/7_tel.json
Practice 1,OCO,,Practice 1/OCO/8_tel.csv,0,Practice 1/OCO/8_tel.csv
Practice 1,OCO,,Practice 1/OCO/9_tel.csv,0,Practice 1/OCO/9_tel.csv
Practice 1,OCO,,Practice 1/OCO/laptimes.csv,0,Practice 1/OCO/laptimes.csv
Practice 1,PER,,Practice 1/PER/10_tel.csv,0,Practice 1/PER/10_tel.csv
Practice 1,PER,,Practice 1/PER/11_tel.csv,0,Practice 1/PER/11_tel.csv
Practice 1,PER,,Practice 1/PER/12_tel.csv,0,Practice 1/PER/12_tel.csv
Practice 1,PER,,Practice 1/PER/13_tel.csv,0,Practice 1/PER/13_tel.csv
Practice 1,PER,,Practice 1/PER/14_tel.csv,0,Practice 1/PER/14_tel.csv
Practice 1,PER,,Practice 1/PER/15_tel.csv,0,Practice 1/PER/15_tel.csv
Practice 1,PER,,Practice 1/PER/16_tel.csv,0,Practice 1/PER/16_tel.csv
Practice 1,PER,,Practice 1/PER/17_tel.csv,0,Practice 1/PER/17_tel.csv
Practice 1,PER,,,1,Practice 1/PER/18_tel.json
Practice 1,PER,,Practice 1/PER/19_tel.csv,0,Practice 1/PER/19_tel.csv
Practice 1,PER,,Practice 1/PER/1_tel.csv,0,Practice 1/PER/1_tel.csv
Practice 1,PER,,Practice 1/PER/20_tel.csv,0,Practice 1/PER/20_tel.csv
Practice 1,PER,,Practice 1/PER/21_tel.csv,0,Practice 1/PER/21_tel.csv
Practice 1,PER,,,1,Practice 1/PER/22_tel.json
Practice 1,PER,,,1,Practice 1/PER/2_tel.json
Practice 1,PER,,,1,Practice 1/PER/3_tel.json
Practice 1,PER,,Practice 1/PER/4_tel.csv,0,Practice 1/PER/4_tel.csv
Practice 1,PER,,Practice 1/PER/5_tel.csv,0,Practice 1/PER/5_tel.csv
Practice 1,PER,,Practice 1/PER/6_tel.csv,0,Practice 1/PER/6_tel.csv
Practice 1,PER,,Practice 1/PER/7_tel.csv,0,Practice 1/PER/7_tel.csv
Practice 1,PER,,Practice 1/PER/8_tel.csv,0,Practice 1/PER/8_tel.csv
Practice 1,PER,,Practice 1/PER/9_tel.csv,0,Practice 1/PER/9_tel.csv
Practice 1,PER,,Practice 1/PER/laptimes.csv,0,Practice 1/PER/laptimes.csv
Practice 1,PIA,,Practice 1/PIA/10_tel.csv,0,Practice 1/PIA/10_tel.csv
Practice 1,PIA,,Practice 1/PIA/11_tel.csv,0,Practice 1/PIA/11_tel.csv
Practice 1,PIA,,,1,Practice 1/PIA/12_tel.json
Practice 1,PIA,,Practice 1/PIA/13_tel.csv,0,Practice 1/PIA/13_tel.csv
Practice 1,PIA,,Practice 1/PIA/14_tel.csv,0,Practice 1/PIA/14_tel.csv
Practice 1,PIA,,Practice 1/PIA/15_tel.csv,0,Practice 1/PIA/15_tel.csv
Practice 1,PIA,,Practice 1/PIA/16_tel.csv,0,Practice 1/PIA/16_tel.csv
Practice 1,PIA,,Practice 1/PIA/17_tel.csv,0,Practice 1/PIA/17_tel.csv
Practice 1,PIA,,Practice 1/PIA/18_tel.csv,0,Practice 1/PIA/18_tel.csv
Practice 1,PIA,,Practice 1/PIA/19_tel.csv,0,Practice 1/PIA/19_tel.csv
Practice 1,PIA,,Practice 1/PIA/1_tel.csv,0,Practice 1/PIA/1_tel.csv
Practice 1,PIA,,Practice 1/PIA/20_tel.csv,0,Practice 1/PIA/20_tel.csv
Practice 1,PIA,,Practice 1/PIA/21_tel.csv,0,Practice 1/PIA/21_tel.csv
Practice 1,PIA,,Practice 1/PIA/22_tel.csv,0,Practice 1/PIA/22_tel.csv
Practice 1,PIA,,Practice 1/PIA/23_tel.csv,0,Practice 1/PIA/23_tel.csv
Practice 1,PIA,,Practice 1/PIA/24_tel.csv,0,Practice 1/PIA/24_tel.csv
Practice 1,PIA,,Practice 1/PIA/25_tel.csv,0,Practice 1/PIA/25_tel.csv
Practice 1,PIA,,Practice 1/PIA/26_tel.csv,0,Practice 1/PIA/26_tel.csv
Practice 1,PIA,,Practice 1/PIA/27_tel.csv,0,Practice 1/PIA/27_tel.csv
Practice 1,PIA,,,1,Practice 1/PIA/28_tel.json
Practice 1,PIA,,Practice 1/PIA/29_tel.csv,0,Practice 1/PIA/29_tel.csv
Practice 1,PIA,,Practice 1/PIA/2_tel.csv,0,Practice 1/PIA/2_tel.csv
Practice 1,PIA,,Practice 1/PIA/30_tel.csv,0,Practice 1/PIA/30_tel.csv
Practice 1,PIA,,Practice 1/PIA/31_tel.csv,0,Practice 1/PIA/31_tel.csv
Practice 1,PIA,,Practice 1/PIA/32_tel.csv,0,Practice 1/PIA/32_tel.csv
Practice 1,PIA,,Practice 1/PIA/33_tel.csv,0,Practice 1/PIA/33_tel.csv
Practice 1,PIA,,,1,Practice 1/PIA/34_tel.json
Practice 1,PIA,,Practice 1/PIA/35_tel.csv,0,Practice 1/PIA/35_tel.csv
Practice 1,PIA,,Practice 1/PIA/36_tel.csv,0,Practice 1/PIA/36_tel.csv
Practice 1,PIA,,Practice 1/PIA/37_tel.csv,0,Practice 1/PIA/37_tel.csv
Practice 1,PIA,,Practice 1/PIA/38_tel.csv,0,Practice 1/PIA/38_tel.csv
Practice 1,PIA,,Practice 1/PIA/39_tel.csv,0,Practice 1/PIA/39_tel.csv
Practice 1,PIA,,Practice 1/PIA/3_tel.csv,0,Practice 1/PIA/3_tel.csv
Practice 1,PIA,,,1,Practice 1/PIA/40_tel.json
Practice 1,PIA,,Practice 1/PIA/41_tel.csv,0,Practice 1/PIA/41_tel.csv
Practice 1,PIA,,Practice 1/PIA/42_tel.csv,0,Practice 1/PIA/42_tel.csv
Practice 1,PIA,,Practice 1/PIA/43_tel.csv,0,Practice 1/PIA/43_tel.csv
Practice 1,PIA,,Practice 1/PIA/44_tel.csv,0,Practice 1/PIA/44_tel.csv
Practice 1,PIA,,Practice 1/PIA/45_tel.csv,0,Practice 1/PIA/45_tel.csv
Practice 1,PIA,,Practice 1/PIA/46_tel.csv,0,Practice 1/PIA/46_tel.csv
Practice 1,PIA,,Practice 1/PIA/47_tel.csv,0,Practice 1/PIA/47_tel.csv
Practice 1,PIA,,Practice 1/PIA/48_tel.csv,0,Practice 1/PIA/48_tel.csv
Practice 1,PIA,,Practice 1/PIA/49_tel.csv,0,Practice 1/PIA/49_tel.csv
Practice 1,PIA,,Practice 1/PIA/4_tel.csv,0,Practice 1/PIA/4_tel.csv
Practice 1,PIA,,Practice 1/PIA/50_tel.csv,0,Practice 1/PIA/50_tel.csv
Practice 1,PIA,,Practice 1/PIA/51_tel.csv,0,Practice 1/PIA/51_tel.csv
Practice 1,PIA,,Practice 1/PIA/52_tel.csv,0,Practice 1/PIA/52_tel.csv
Practice 1,PIA,,Practice 1/PIA/53_tel.csv,0,Practice 1/PIA/53_tel.csv
Practice 1,PIA,,,1,Practice 1/PIA/54_tel.json
Practice 1,PIA,,Practice 1/PIA/55_tel.csv,0,Practice 1/PIA/55_tel.csv
Practice 1,PIA,,Practice 1/PIA/56_tel.csv,0,Practice 1/PIA/56_tel.csv
Practice 1,PIA,,Practice 1/PIA/57_tel.csv,0,Practice 1/PIA/57_tel.csv
Practice 1,PIA,,Practice 1/PIA/58_tel.csv,0,Practice 1/PIA/58_tel.csv
Practice 1,PIA,,Practice 1/PIA/59_tel.csv,0,Practice 1/PIA/59_tel.csv
Practice 1,PIA,,Practice 1/PIA/5_tel.csv,0,Practice 1/PIA/5_tel.csv
Practice 1,PIA,,Practice 1/PIA/60_tel.csv,0,Practice 1/PIA/60_tel.csv
Practice 1,PIA,,Practice 1/PIA/61_tel.csv,0,Practice 1/PIA/61_tel.csv
Practice 1,PIA,,Practice 1/PIA/62_tel.csv,0,Practice 1/PIA/62_tel.csv
Practice 1,PIA,,Practice 1/PIA/63_tel.csv,0,Practice 1/PIA/63_tel.csv
Practice 1,PIA,,Practice 1/PIA/64_tel.csv,0,Practice 1/PIA/64_tel.csv
Practice 1,PIA,,Practice 1/PIA/65_tel.csv,0,Practice 1/PIA/65_tel.csv
Practice 1,PIA,,Practice 1/PIA/66_tel.csv,0,Practice 1/PIA/66_tel.csv
Practice 1,PIA,,Practice 1/PIA/67_tel.csv,0,Practice 1/PIA/67_tel.csv
Practice 1,PIA,,,1,Practice 1/PIA/68_tel.json
Practice 1,PIA,,Practice 1/PIA/69_tel.csv,0,Practice 1/PIA/69_tel.csv
Practice 1,PIA,,,1,Practice 1/PIA/6_tel.json
Practice 1,PIA,,,1,Practice 1/PIA/70_tel.json
Practice 1,PIA,,Practice 1/PIA/7_tel.csv,0,Practice 1/PIA/7_tel.csv
Practice 1,PIA,,Practice 1/PIA/8_tel.csv,0,Practice 1/PIA/8_tel.csv
Practice 1,PIA,,Practice 1/PIA/9_tel.csv,0,Practice 1/PIA/9_tel.csv
Practice 1,PIA,,Practice 1/PIA/laptimes.csv,0,Practice 1/PIA/laptimes.csv
Practice 1,RUS,,Practice 1/RUS/10_tel.csv,0,Practice 1/RUS/10_tel.csv
Practice 1,RUS,,Practice 1/RUS/11_tel.csv,0,Practice 1/RUS/11_tel.csv
Practice 1,RUS,,Practice 1/RUS/12_tel.csv,0,Practice 1/RUS/12_tel.csv
Practice 1,RUS,,Practice 1/RUS/13_tel.csv,0,Practice 1/RUS/13_tel.csv
Practice 1,RUS,,Practice 1/RUS/14_tel.csv,0,Practice 1/RUS/14_tel.csv
Practice 1,RUS,,,1,Practice 1/RUS/15_tel.json
Practice 1,RUS,,Practice 1/RUS/16_tel.csv,0,Practice 1/RUS/16_tel.csv
Practice 1,RUS,,Practice 1/RUS/17_tel.csv,0,Practice 1/RUS/17_tel.csv
Practice 1,RUS,,Practice 1/RUS/18_tel.csv,0,Practice 1/RUS/18_tel.csv
Practice 1,RUS,,Practice 1/RUS/19_tel.csv,0,Practice 1/RUS/19_tel.csv
Practice 1,RUS,,Practice 1/RUS/1_tel.csv,0,Practice 1/RUS/1_tel.csv
Practice 1,RUS,,Practice 1/RUS/20_tel.csv,0,Practice 1/RUS/20_tel.csv
Practice 1,RUS,,Practice 1/RUS/21_tel.csv,0,Practice 1/RUS/21_tel.csv
Practice 1,RUS,,Practice 1/RUS/22_tel.csv,0,Practice 1/RUS/22_tel.csv
Practice 1,RUS,,Practice 1/RUS/23_tel.csv,0,Practice 1/RUS/23_tel.csv
Practice 1,RUS,,Practice 1/RUS/24_tel.csv,0,Practice 1/RUS/24_tel.csv
Practice 1,RUS,,Practice 1/RUS/25_tel.csv,0,Practice 1/RUS/25_tel.csv
Practice 1,RUS,,Practice 1/RUS/26_tel.csv,0,Practice 1/RUS/26_tel.csv
Practice 1,RUS,,Practice 1/RUS/27_tel.csv,0,Practice 1/RUS/27_tel.csv
Practice 1,RUS,,Practice 1/RUS/28_tel.csv,0,Practice 1/RUS/28_tel.csv
Practice 1,RUS,,Practice 1/RUS/29_tel.csv,0,Practice 1/RUS/29_tel.csv
Practice 1,RUS,,Practice 1/RUS/2_tel.csv,0,Practice 1/RUS/2_tel.csv
Practice 1,RUS,,,1,Practice 1/RUS/30_tel.json
Practice 1,RUS,,Practice 1/RUS/31_tel.csv,0,Practice 1/RUS/31_tel.csv
Practice 1,RUS,,Practice 1/RUS/32_tel.csv,0,Practice 1/RUS/32_tel.csv
Practice 1,RUS,,Practice 1/RUS/33_tel.csv,0,Practice 1/RUS/33_tel.csv
Practice 1,RUS,,Practice 1/RUS/34_tel.csv,0,Practice 1/RUS/34_tel.csv
Practice 1,RUS,,Practice 1/RUS/35_tel.csv,0,Practice 1/RUS/35_tel.csv
Practice 1,RUS,,Practice 1/RUS/36_tel.csv,0,Practice 1/RUS/36_tel.csv
Practice 1,RUS,,Practice 1/RUS/37_tel.csv,0,Practice 1/RUS/37_tel.csv
Practice 1,RUS,,Practice 1/RUS/38_tel.csv,0,Practice 1/RUS/38_tel.csv
Practice 1,RUS,,Practice 1/RUS/39_tel.csv,0,Practice 1/RUS/39_tel.csv
Practice 1,RUS,,,1,Practice 1/RUS/3_tel.json
Practice 1,RUS,,Practice 1/RUS/40_tel.csv,0,Practice 1/RUS/40_tel.csv
Practice 1,RUS,,Practice 1/RUS/41_tel.csv,0,Practice 1/RUS/41_tel.csv
Practice 1,RUS,,Practice 1/RUS/42_tel.csv,0,Practice 1/RUS/42_tel.csv
Practice 1,RUS,,Practice 1/RUS/43_tel.csv,0,Practice 1/RUS/43_tel.csv
Practice 1,RUS,,Practice 1/RUS/44_tel.csv,0,Practice 1/RUS/44_tel.csv
Practice 1,RUS,,Practice 1/RUS/45_tel.csv,0,Practice 1/RUS/45_tel.csv
Practice 1,RUS,,,1,Practice 1/RUS/46_tel.json
Practice 1,RUS,,Practice 1/RUS/47_tel.csv,0,Practice 1/RUS/47_tel.csv
Practice 1,RUS,,Practice 1/RUS/48_tel.csv,0,Practice 1/RUS/48_tel.csv
Practice 1,RUS,,Practice 1/RUS/49_tel.csv,0,Practice 1/RUS/49_tel.csv
Practice 1,RUS,,Practice 1/RUS/4_tel.csv,0,Practice 1/RUS/4_tel.csv
Practice 1,RUS,,Practice 1/RUS/50_tel.csv,0,Practice 1/RUS/50_tel.csv
Practice 1,RUS,,Practice 1/RUS/51_tel.csv,0,Practice 1/RUS/51_tel.csv
Practice 1,RUS,,Practice 1/RUS/52_tel.csv,0,Practice 1/RUS/52_tel.csv
Practice 1,RUS,,Practice 1/RUS/53_tel.csv,0,Practice 1/RUS/53_tel.csv
Practice 1,RUS,,Practice 1/RUS/54_tel.csv,0,Practice 1/RUS/54_tel.csv
Practice 1,RUS,,Practice 1/RUS/55_tel.csv,0,Practice 1/RUS/55_tel.csv
Practice 1,RUS,,Practice 1/RUS/56_tel.csv,0,Practice 1/RUS/56_tel.csv
Practice 1,RUS,,Practice 1/RUS/57_tel.csv,0,Practice 1/RUS/57_tel.csv
Practice 1,RUS,,Practice 1/RUS/58_tel.csv,0,Practice 1/RUS/58_tel.csv
Practice 1,RUS,,Practice 1/RUS/59_tel.csv,0,Practice 1/RUS/59_tel.csv
Practice 1,RUS,,Practice 1/RUS/5_tel.csv,0,Practice 1/RUS/5_tel.csv
Practice 1,RUS,,,1,Practice 1/RUS/60_tel.json
Practice 1,RUS,,Practice 1/RUS/61_tel.csv,0,Practice 1/RUS/61_tel.csv
Practice 1,RUS,,Practice 1/RUS/62_tel.csv,0,Practice 1/RUS/62_tel.csv
Practice 1,RUS,,Practice 1/RUS/63_tel.csv,0,Practice 1/RUS/63_tel.csv
Practice 1,RUS,,Practice 1/RUS/64_tel.csv,0,Practice 1/RUS/64_tel.csv
Practice 1,RUS,,Practice 1/RUS/65_tel.csv,0,Practice 1/RUS/65_tel.csv
Practice 1,RUS,,Practice 1/RUS/66_tel.csv,0,Practice 1/RUS/66_tel.csv
Practice 1,RUS,,Practice 1/RUS/67_tel.csv,0,Practice 1/RUS/67_tel.csv
Practice 1,RUS,,Practice 1/RUS/68_tel.csv,0,Practice 1/RUS/68_tel.csv
Practice 1,RUS,,Practice 1/RUS/69_tel.csv,0,Practice 1/RUS/69_tel.csv
Practice 1,RUS,,Practice 1/RUS/6_tel.csv,0,Practice 1/RUS/6_tel.csv
Practice 1,RUS,,Practice 1/RUS/70_tel.csv,0,Practice 1/RUS/70_tel.csv
Practice 1,RUS,,Practice 1/RUS/71_tel.csv,0,Practice 1/RUS/71_tel.csv
Practice 1,RUS,,Practice 1/RUS/72_tel.csv,0,Practice 1/RUS/72_tel.csv
Practice 1,RUS,,Practice 1/RUS/73_tel.csv,0,Practice 1/RUS/73_tel.csv
Practice 1,RUS,,Practice 1/RUS/74_tel.csv,0,Practice 1/RUS/74_tel.csv
Practice 1,RUS,,Practice 1/RUS/75_tel.csv,0,Practice 1/RUS/75_tel.csv
Practice 1,RUS,,Practice 1/RUS/7_tel.csv,0,Practice 1/RUS/7_tel.csv
Practice 1,RUS,,Practice 1/RUS/8_tel.csv,0,Practice 1/RUS/8_tel.csv
Practice 1,RUS,,Practice 1/RUS/9_tel.csv,0,Practice 1/RUS/9_tel.csv
Practice 1,RUS,,Practice 1/RUS/laptimes.csv,0,Practice 1/RUS/laptimes.csv
Practice 1,SAI,,Practice 1/SAI/10_tel.csv,0,Practice 1/SAI/10_tel.csv
Practice 1,SAI,,Practice 1/SAI/11_tel.csv,0,Practice 1/SAI/11_tel.csv
Practice 1,SAI,,Practice 1/SAI/12_tel.csv,0,Practice 1/SAI/12_tel.csv
Practice 1,SAI,,Practice 1/SAI/13_tel.csv,0,Practice 1/SAI/13_tel.csv
Practice 1,SAI,,Practice 1/SAI/14_tel.csv,0,Practice 1/SAI/14_tel.csv
Practice 1,SAI,,,1,Practice 1/SAI/15_tel.json
Practice 1,SAI,,Practice 1/SAI/16_tel.csv,0,Practice 1/SAI/16_tel.csv
Practice 1,SAI,,Practice 1/SAI/17_tel.csv,0,Practice 1/SAI/17_tel.csv
Practice 1,SAI,,Practice 1/SAI/18_tel.csv,0,Practice 1/SAI/18_tel.csv
Practice 1,SAI,,Practice 1/SAI/19_tel.csv,0,Practice 1/SAI/19_tel.csv
Practice 1,SAI,,Practice 1/SAI/1_tel.csv,0,Practice 1/SAI/1_tel.csv
Practice 1,SAI,,,1,Practice 1/SAI/20_tel.json
Practice 1,SAI,,Practice 1/SAI/21_tel.csv,0,Practice 1/SAI/21_tel.csv
Practice 1,SAI,,Practice 1/SAI/22_tel.csv,0,Practice 1/SAI/22_tel.csv
Practice 1,SAI,,Practice 1/SAI/23_tel.csv,0,Practice 1/SAI/23_tel.csv
Practice 1,SAI,,Practice 1/SAI/24_tel.csv,0,Practice 1/SAI/24_tel.csv
Practice 1,SAI,,,1,Practice 1/SAI/25_tel.json
Practice 1,SAI,,Practice 1/SAI/26_tel.csv,0,Practice 1/SAI/26_tel.csv
Practice 1,SAI,,Practice 1/SAI/27_tel.csv,0,Practice 1/SAI/27_tel.csv
Practice 1,SAI,,Practice 1/SAI/28_tel.csv,0,Practice 1/SAI/28_tel.csv
Practice 1,SAI,,Practice 1/SAI/29_tel.csv,0,Practice 1/SAI/29_tel.csv
Practice 1,SAI,,Practice 1/SAI/2_tel.csv,0,Practice 1/SAI/2_tel.csv
Practice 1,SAI,,,1,Practice 1/SAI/30_tel.json
Practice 1,SAI,,Practice 1/SAI/31_tel.csv,0,Practice 1/SAI/31_tel.csv
Practice 1,SAI,,Practice 1/SAI/32_tel.csv,0,Practice 1/SAI/32_tel.csv
Practice 1,SAI,,Practice 1/SAI/33_tel.csv,0,Practice 1/SAI/33_tel.csv
Practice 1,SAI,,Practice 1/SAI/34_tel.csv,0,Practice 1/SAI/34_tel.csv
Practice 1,SAI,,Practice 1/SAI/35_tel.csv,0,Practice 1/SAI/35_tel.csv
Practice 1,SAI,,Practice 1/SAI/36_tel.csv,0,Practice 1/SAI/36_tel.csv
Practice 1,SAI,,Practice 1/SAI/37_tel.csv,0,Practice 1/SAI/37_tel.csv
Practice 1,SAI,,Practice 1/SAI/38_tel.csv,0,Practice 1/SAI/38_tel.csv
Practice 1,SAI,,Practice 1/SAI/39_tel.csv,0,Practice 1/SAI/39_tel.csv
Practice 1,SAI,,Practice 1/SAI/3_tel.csv,0,Practice 1/SAI/3_tel.csv
Practice 1,SAI,,Practice 1/SAI/40_tel.csv,0,Practice 1/SAI/40_tel.csv
Practice 1,SAI,,,1,Practice 1/SAI/41_tel.json
Practice 1,SAI,,Practice 1/SAI/42_tel.csv,0,Practice 1/SAI/42_tel.csv
Practice 1,SAI,,Practice 1/SAI/43_tel.csv,0,Practice 1/SAI/43_tel.csv
Practice 1,SAI,,Practice 1/SAI/44_tel.csv,0,Practice 1/SAI/44_tel.csv
Practice 1,SAI,,Practice 1/SAI/45_tel.csv,0,Practice 1/SAI/45_tel.csv
Practice 1,SAI,,Practice 1/SAI/46_tel.csv,0,Practice 1/SAI/46_tel.csv
Practice 1,SAI,,Practice 1/SAI/47_tel.csv,0,Practice 1/SAI/47_tel.csv
Practice 1,SAI,,Practice 1/SAI/48_tel.csv,0,Practice 1/SAI/48_tel.csv
Practice 1,SAI,,Practice 1/SAI/49_tel.csv,0,Practice 1/SAI/49_tel.csv
Practice 1,SAI,,Practice 1/SAI/4_tel.csv,0,Practice 1/SAI/4_tel.csv
Practice 1,SAI,,Practice 1/SAI/50_tel.csv,0,Practice 1/SAI/50_tel.csv
Practice 1,SAI,,,1,Practice 1/SAI/51_tel.json
Practice 1,SAI,,Practice 1/SAI/52_tel.csv,0,Practice 1/SAI/52_tel.csv
Practice 1,SAI,,Practice 1/SAI/53_tel.csv,0,Practice 1/SAI/53_tel.csv
Practice 1,SAI,,Practice 1/SAI/54_tel.csv,0,Practice 1/SAI/54_tel.csv
Practice 1,SAI,,,1,Practice 1/SAI/55_tel.json
Practice 1,SAI,,Practice 1/SAI/5_tel.csv,0,Practice 1/SAI/5_tel.csv
Practice 1,SAI,,Practice 1/SAI/6_tel.csv,0,Practice 1/SAI/6_tel.csv
Practice 1,SAI,,,1,Practice 1/SAI/7_tel.json
Practice 1,SAI,,Practice 1/SAI/8_tel.csv,0,Practice 1/SAI/8_tel.csv
Practice 1,SAI,,,1,Practice 1/SAI/9_tel.json
Practice 1,SAI,,Practice 1/SAI/laptimes.csv,0,Practice 1/SAI/laptimes.csv
Practice 1,STR,,Practice 1/STR/10_tel.csv,0,Practice 1/STR/10_tel.csv
Practice 1,STR,,Practice 1/STR/11_tel.csv,0,Practice 1/STR/11_tel.csv
Practice 1,STR,,Practice 1/STR/12_tel.csv,0,Practice 1/STR/12_tel.csv
Practice 1,STR,,Practice 1/STR/13_tel.csv,0,Practice 1/STR/13_tel.csv
Practice 1,STR,,Practice 1/STR/14_tel.csv,0,Practice 1/STR/14_tel.csv
Practice 1,STR,,Practice 1/STR/15_tel.csv,0,Practice 1/STR/15_tel.csv
Practice 1,STR,,,1,Practice 1/STR/16_tel.json
Practice 1,STR,,Practice 1/STR/17_tel.csv,0,Practice 1/STR/17_tel.csv
Practice 1,STR,,Practice 1/STR/18_tel.csv,0,Practice 1/STR/18_tel.csv
Practice 1,STR,,Practice 1/STR/19_tel.csv,0,Practice 1/STR/19_tel.csv
Practice 1,STR,,Practice 1/STR/1_tel.csv,0,Practice 1/STR/1_tel.csv
Practice 1,STR,,,1,Practice 1/STR/20_tel.json
Practice 1,STR,,Practice 1/STR/21_tel.csv,0,Practice 1/STR/21_tel.csv
Practice 1,STR,,Practice 1/STR/22_tel.csv,0,Practice 1/STR/22_tel.csv
Practice 1,STR,,,1,Practice 1/STR/23_tel.json
Practice 1,STR,,Practice 1/STR/24_tel.csv,0,Practice 1/STR/24_tel.csv
Practice 1,STR,,Practice 1/STR/25_tel.csv,0,Practice 1/STR/25_tel.csv
Practice 1,STR,,Practice 1/STR/26_tel.csv,0,Practice 1/STR/26_tel.csv
Practice 1,STR,,Practice 1/STR/2_tel.csv,0,Practice 1/STR/2_tel.csv
Practice 1,STR,,Practice 1/STR/3_tel.csv,0,Practice 1/STR/3_tel.csv
Practice 1,STR,,Practice 1/STR/4_tel.csv,0,Practice 1/STR/4_tel.csv
Practice 1,STR,,Practice 1/STR/5_tel.csv,0,Practice 1/STR/5_tel.csv
Practice 1,STR,,Practice 1/STR/6_tel.csv,0,Practice 1/STR/6_tel.csv
Practice 1,STR,,,1,Practice 1/STR/7_tel.json
Practice 1,STR,,Practice 1/STR/8_tel.csv,0,Practice 1/STR/8_tel.csv
Practice 1,STR,,Practice 1/STR/9_tel.csv,0,Practice 1/STR/9_tel.csv
Practice 1,STR,,Practice 1/STR/laptimes.csv,0,Practice 1/STR/laptimes.csv
Practice 1,corners.csv,,Practice 1/corners.csv,0,Practice 1/corners.csv
Practice 1,drivers.csv,,Practice 1/drivers.csv,0,Practice 1/drivers.csv
Practice 1,rcm.csv,,Practice 1/rcm.csv,0,Practice 1/rcm.csv
Practice 1,weather.csv,,Practice 1/weather.csv,0,Practice 1/weather.csv
Practice 2,corners.csv,,Practice 2/corners.csv,0,Practice 2/corners.csv
Practice 2,drivers.csv,,Practice 2/drivers.csv,0,Practice 2/drivers.csv
Practice 2,rcm.csv,,Practice 2/rcm.csv,0,Practice 2/rcm.csv
Practice 2,weather.csv,,Practice 2/weather.csv,0,Practice 2/weather.csv
Practice 3,ANT,,,1,Practice 3/ANT/16_tel.json
Practice 3,ANT,,Practice 3/ANT/17_tel.csv,0,Practice 3/ANT/17_tel.csv
Practice 3,ANT,,Practice 3/ANT/22_tel.csv,0,Practice 3/ANT/22_tel.csv
Practice 3,ANT,,Practice 3/ANT/23_tel.csv,0,Practice 3/ANT/23_tel.csv
Practice 3,ANT,,Practice 3/ANT/28_tel.csv,0,Practice 3/ANT/28_tel.csv
Practice 3,ANT,,Practice 3/ANT/29_tel.csv,0,Practice 3/ANT/29_tel.csv
Practice 3,ANT,,Practice 3/ANT/35_tel.csv,0,Practice 3/ANT/35_tel.csv
Practice 3,ANT,,Practice 3/ANT/42_tel.csv,0,Practice 3/ANT/42_tel.csv
Practice 3,ANT,,Practice 3/ANT/43_tel.csv,0,Practice 3/ANT/43_tel.csv
Practice 3,ANT,,Practice 3/ANT/48_tel.csv,0,Practice 3/ANT/48_tel.csv
Practice 3,ANT,,Practice 3/ANT/49_tel.csv,0,Practice 3/ANT/49_tel.csv
Practice 3,ANT,,Practice 3/ANT/4_tel.csv,0,Practice 3/ANT/4_tel.csv
Practice 3,ANT,,Practice 3/ANT/5_tel.csv,0,Practice 3/ANT/5_tel.csv
Practice 3,corners.csv,,Practice 3/corners.csv,0,Practice 3/corners.csv
Practice 3,drivers.csv,,Practice 3/drivers.csv,0,Practice 3/drivers.csv
Practice 3,rcm.csv,,Practice 3/rcm.csv,0,Practice 3/rcm.csv
Practice 3,weather.csv,,Practice 3/weather.csv,0,Practice 3/weather.csv
