season,round,race_name,race_slug,driver_id,stop_number,lap,pit_time_local,pit_duration_s,pit_duration_ms
2024,7,Emilia Romagna Grand Prix,emilia-romagna-grand-prix,alonso,1,7,15:13:08,31.368,31368.0
2024,7,Emilia Romagna Grand Prix,emilia-romagna-grand-prix,albon,1,8,15:14:25,30.05,30050.0
2024,7,Emilia Romagna Grand Prix,emilia-romagna-grand-prix,gasly,1,8,15:14:26,30.081,30081.0
2024,7,Emilia Romagna Grand Prix,emilia-romagna-grand-prix,bottas,1,8,15:14:28,30.24,30240.0
2024,7,Emilia Romagna Grand Prix,emilia-romagna-grand-prix,albon,2,9,15:17:08,33.179,33179.0
2024,7,Emilia Romagna Grand Prix,emilia-romagna-grand-prix,ricciardo,1,11,15:18:29,30.068,30068.0
2024,7,Emilia Romagna Grand Prix,emilia-romagna-grand-prix,tsunoda,1,12,15:19:49,29.628,29628.0
2024,7,Emilia Romagna Grand Prix,emilia-romagna-grand-prix,hulkenberg,1,13,15:21:11,29.749,29749.0
2024,7,Emilia Romagna Grand Prix,emilia-romagna-grand-prix,russell,1,21,15:31:57,29.664,29664.0
2024,7,Emilia Romagna Grand Prix,emilia-romagna-grand-prix,norris,1,22,15:33:08,29.956,29956.0
2024,7,Emilia Romagna Grand Prix,emilia-romagna-grand-prix,piastri,1,23,15:34:37,29.77,29770.0
2024,7,Emilia Romagna Grand Prix,emilia-romagna-grand-prix,max_verstappen,1,24,15:35:46,30.416,30416.0
2024,7,Emilia Romagna Grand Prix,emilia-romagna-grand-prix,albon,3,23,15:36:52,38.413,38413.0
2024,7,Emilia Romagna Grand Prix,emilia-romagna-grand-prix,leclerc,1,25,15:37:15,30.149,30149.0
2024,7,Emilia Romagna Grand Prix,emilia-romagna-grand-prix,ocon,1,25,15:37:56,30.659,30659.0
2024,7,Emilia Romagna Grand Prix,emilia-romagna-grand-prix,sainz,1,27,15:40:03,30.508,30508.0
2024,7,Emilia Romagna Grand Prix,emilia-romagna-grand-prix,hamilton,1,27,15:40:14,29.547,29547.0
2024,7,Emilia Romagna Grand Prix,emilia-romagna-grand-prix,albon,4,28,15:44:25,31.131,31131.0
2024,7,Emilia Romagna Grand Prix,emilia-romagna-grand-prix,gasly,2,30,15:45:06,30.654,30654.0
2024,7,Emilia Romagna Grand Prix,emilia-romagna-grand-prix,sargeant,1,31,15:46:28,31.085,31085.0
2024,7,Emilia Romagna Grand Prix,emilia-romagna-grand-prix,zhou,1,33,15:49:09,30.244,30244.0
2024,7,Emilia Romagna Grand Prix,emilia-romagna-grand-prix,perez,1,37,15:54:16,29.669,29669.0
2024,7,Emilia Romagna Grand Prix,emilia-romagna-grand-prix,stroll,1,37,15:54:22,29.971,29971.0
2024,7,Emilia Romagna Grand Prix,emilia-romagna-grand-prix,kevin_magnussen,1,37,15:54:36,31.302,31302.0
2024,7,Emilia Romagna Grand Prix,emilia-romagna-grand-prix,alonso,2,40,15:59:03,30.483,30483.0
2024,7,Emilia Romagna Grand Prix,emilia-romagna-grand-prix,russell,2,52,16:14:22,29.605,29605.0
2024,7,Emilia Romagna Grand Prix,emilia-romagna-grand-prix,alonso,3,59,16:25:23,29.931,29931.0
2024,9,Canadian Grand Prix,canadian-grand-prix,kevin_magnussen,1,7,14:14:25,30.472,30472.0
2024,9,Canadian Grand Prix,canadian-grand-prix,hulkenberg,1,12,14:22:33,24.233,24233.0
2024,9,Canadian Grand Prix,canadian-grand-prix,zhou,1,24,14:40:42,25.598,25598.0
2024,9,Canadian Grand Prix,canadian-grand-prix,max_verstappen,1,25,14:40:52,24.306,24306.0
2024,9,Canadian Grand Prix,canadian-grand-prix,russell,1,25,14:40:52,24.044,24044.0
2024,9,Canadian Grand Prix,canadian-grand-prix,piastri,1,25,14:40:53,23.977,23977.0
2024,9,Canadian Grand Prix,canadian-grand-prix,alonso,1,25,14:41:12,25.788,25788.0
2024,9,Canadian Grand Prix,canadian-grand-prix,hamilton,1,25,14:41:13,23.762,23762.0
2024,9,Canadian Grand Prix,canadian-grand-prix,stroll,1,25,14:41:47,24.284,24284.0
2024,9,Canadian Grand Prix,canadian-grand-prix,albon,1,25,14:41:54,24.753,24753.0
2024,9,Canadian Grand Prix,canadian-grand-prix,leclerc,1,25,14:41:58,24.031,24031.0
2024,9,Canadian Grand Prix,canadian-grand-prix,sainz,1,25,14:42:01,27.626,27626.0
2024,9,Canadian Grand Prix,canadian-grand-prix,kevin_magnussen,2,25,14:42:03,26.794,26794.0
2024,9,Canadian Grand Prix,canadian-grand-prix,gasly,1,25,14:42:06,24.911,24911.0
2024,9,Canadian Grand Prix,canadian-grand-prix,perez,1,25,14:42:09,33.762,33762.0
2024,9,Canadian Grand Prix,canadian-grand-prix,hulkenberg,2,25,14:42:21,24.668,24668.0
2024,9,Canadian Grand Prix,canadian-grand-prix,norris,1,26,14:42:44,23.423,23423.0
2024,9,Canadian Grand Prix,canadian-grand-prix,ricciardo,1,26,14:43:37,30.298,30298.0
2024,9,Canadian Grand Prix,canadian-grand-prix,leclerc,2,28,14:47:31,47.186,47186.0
2024,9,Canadian Grand Prix,canadian-grand-prix,leclerc,3,31,14:53:31,24.629,24629.0
2024,9,Canadian Grand Prix,canadian-grand-prix,gasly,2,40,15:05:55,24.408,24408.0
2024,9,Canadian Grand Prix,canadian-grand-prix,kevin_magnussen,3,41,15:07:24,24.833,24833.0
2024,9,Canadian Grand Prix,canadian-grand-prix,bottas,1,42,15:08:45,24.929,24929.0
2024,9,Canadian Grand Prix,canadian-grand-prix,hamilton,2,43,15:09:46,24.226,24226.0
2024,9,Canadian Grand Prix,canadian-grand-prix,ricciardo,2,43,15:10:10,23.86,23860.0
2024,9,Canadian Grand Prix,canadian-grand-prix,sainz,2,43,15:10:12,24.125,24125.0
2024,9,Canadian Grand Prix,canadian-grand-prix,perez,2,43,15:10:12,24.423,24423.0
2024,9,Canadian Grand Prix,canadian-grand-prix,piastri,2,44,15:11:10,23.476,23476.0
2024,9,Canadian Grand Prix,canadian-grand-prix,alonso,2,44,15:11:23,24.346,24346.0
2024,9,Canadian Grand Prix,canadian-grand-prix,tsunoda,1,44,15:11:26,25.569,25569.0
2024,9,Canadian Grand Prix,canadian-grand-prix,stroll,2,44,15:11:30,25.025,25025.0
2024,9,Canadian Grand Prix,canadian-grand-prix,ocon,1,44,15:11:32,24.495,24495.0
2024,9,Canadian Grand Prix,canadian-grand-prix,albon,2,44,15:11:34,24.804,24804.0
2024,9,Canadian Grand Prix,canadian-grand-prix,hulkenberg,3,44,15:11:43,24.751,24751.0
2024,9,Canadian Grand Prix,canadian-grand-prix,zhou,2,44,15:11:53,,
2024,9,Canadian Grand Prix,canadian-grand-prix,max_verstappen,2,45,15:12:29,24.246,24246.0
2024,9,Canadian Grand Prix,canadian-grand-prix,russell,2,45,15:12:31,25.431,25431.0
2024,9,Canadian Grand Prix,canadian-grand-prix,norris,2,47,15:15:19,23.983,23983.0
2024,9,Canadian Grand Prix,canadian-grand-prix,zhou,3,52,15:25:02,28.375,28375.0
2024,9,Canadian Grand Prix,canadian-grand-prix,russell,3,54,15:25:19,28.157,28157.0
2024,9,Canadian Grand Prix,canadian-grand-prix,hamilton,3,54,15:25:24,28.817,28817.0
2024,9,Canadian Grand Prix,canadian-grand-prix,kevin_magnussen,4,54,15:26:25,26.845,26845.0
2024,8,Monaco Grand Prix,monaco-grand-prix,leclerc,1,1,15:04:50,,
2024,8,Monaco Grand Prix,monaco-grand-prix,piastri,1,1,15:04:52,,
2024,8,Monaco Grand Prix,monaco-grand-prix,norris,1,1,15:04:54,,
2024,8,Monaco Grand Prix,monaco-grand-prix,russell,1,1,15:04:56,,
2024,8,Monaco Grand Prix,monaco-grand-prix,max_verstappen,1,1,15:04:57,,
2024,8,Monaco Grand Prix,monaco-grand-prix,hamilton,1,1,15:05:00,,
2024,8,Monaco Grand Prix,monaco-grand-prix,tsunoda,1,1,15:05:02,,
2024,8,Monaco Grand Prix,monaco-grand-prix,albon,1,1,15:05:05,,
2024,8,Monaco Grand Prix,monaco-grand-prix,gasly,1,1,15:05:07,,
2024,8,Monaco Grand Prix,monaco-grand-prix,stroll,1,1,15:05:10,,
2024,8,Monaco Grand Prix,monaco-grand-prix,ricciardo,1,1,15:05:13,,
2024,8,Monaco Grand Prix,monaco-grand-prix,alonso,1,1,15:05:15,,
2024,8,Monaco Grand Prix,monaco-grand-prix,sargeant,1,1,15:05:16,,
2024,8,Monaco Grand Prix,monaco-grand-prix,bottas,1,1,15:05:19,,
2024,8,Monaco Grand Prix,monaco-grand-prix,sainz,1,1,15:05:27,,
2024,8,Monaco Grand Prix,monaco-grand-prix,zhou,1,1,15:05:31,,
2024,8,Monaco Grand Prix,monaco-grand-prix,bottas,2,15,16:04:57,24.239,24239.0
2024,8,Monaco Grand Prix,monaco-grand-prix,stroll,2,42,16:41:05,24.132,24132.0
2024,8,Monaco Grand Prix,monaco-grand-prix,stroll,3,48,16:49:27,28.211,28211.0
2024,8,Monaco Grand Prix,monaco-grand-prix,hamilton,2,51,16:52:10,24.232,24232.0
2024,8,Monaco Grand Prix,monaco-grand-prix,max_verstappen,2,52,16:53:26,23.813,23813.0
2024,8,Monaco Grand Prix,monaco-grand-prix,sargeant,2,57,17:01:43,24.384,24384.0
2024,8,Monaco Grand Prix,monaco-grand-prix,zhou,2,70,17:19:04,24.367,24367.0
2024,4,Japanese Grand Prix,japanese-grand-prix,max_verstappen,1,1,14:05:50,,
2024,4,Japanese Grand Prix,japanese-grand-prix,perez,1,1,14:05:52,,
2024,4,Japanese Grand Prix,japanese-grand-prix,norris,1,1,14:05:54,,
2024,4,Japanese Grand Prix,japanese-grand-prix,sainz,1,1,14:05:57,,
2024,4,Japanese Grand Prix,japanese-grand-prix,alonso,1,1,14:06:00,,
2024,4,Japanese Grand Prix,japanese-grand-prix,piastri,1,1,14:06:03,,
2024,4,Japanese Grand Prix,japanese-grand-prix,hamilton,1,1,14:06:12,,
2024,4,Japanese Grand Prix,japanese-grand-prix,leclerc,1,1,14:06:13,,
2024,4,Japanese Grand Prix,japanese-grand-prix,russell,1,1,14:06:18,,
2024,4,Japanese Grand Prix,japanese-grand-prix,hulkenberg,1,1,14:06:21,,
2024,4,Japanese Grand Prix,japanese-grand-prix,bottas,1,1,14:06:22,,
2024,4,Japanese Grand Prix,japanese-grand-prix,tsunoda,1,1,14:06:25,,
2024,4,Japanese Grand Prix,japanese-grand-prix,ocon,1,1,14:06:28,,
2024,4,Japanese Grand Prix,japanese-grand-prix,gasly,1,1,14:06:30,,
2024,4,Japanese Grand Prix,japanese-grand-prix,stroll,1,1,14:06:35,,
2024,4,Japanese Grand Prix,japanese-grand-prix,kevin_magnussen,1,1,14:06:40,,
2024,4,Japanese Grand Prix,japanese-grand-prix,sargeant,1,1,14:06:43,,
2024,4,Japanese Grand Prix,japanese-grand-prix,zhou,1,1,14:06:50,,
2024,4,Japanese Grand Prix,japanese-grand-prix,hulkenberg,2,5,14:40:46,23.622,23622.0
2024,4,Japanese Grand Prix,japanese-grand-prix,bottas,2,6,14:42:21,24.824,24824.0
2024,4,Japanese Grand Prix,japanese-grand-prix,tsunoda,2,7,14:43:59,23.358,23358.0
2024,4,Japanese Grand Prix,japanese-grand-prix,zhou,2,7,14:44:07,23.91,23910.0
2024,4,Japanese Grand Prix,japanese-grand-prix,norris,2,11,14:50:21,23.049,23049.0
2024,4,Japanese Grand Prix,japanese-grand-prix,zhou,3,11,14:51:01,26.653,26653.0
2024,4,Japanese Grand Prix,japanese-grand-prix,piastri,2,12,14:52:06,23.42,23420.0
2024,4,Japanese Grand Prix,japanese-grand-prix,stroll,2,12,14:52:17,23.358,23358.0
2024,4,Japanese Grand Prix,japanese-grand-prix,alonso,2,13,14:53:43,22.998,22998.0
2024,4,Japanese Grand Prix,japanese-grand-prix,perez,2,15,14:56:51,22.99,22990.0
2024,4,Japanese Grand Prix,japanese-grand-prix,sainz,2,15,14:56:55,23.136,23136.0
2024,4,Japanese Grand Prix,japanese-grand-prix,max_verstappen,2,16,14:58:23,23.177,23177.0
2024,4,Japanese Grand Prix,japanese-grand-prix,gasly,2,16,14:59:18,23.844,23844.0
2024,4,Japanese Grand Prix,japanese-grand-prix,ocon,2,19,15:04:11,23.394,23394.0
2024,4,Japanese Grand Prix,japanese-grand-prix,russell,2,22,15:08:39,23.577,23577.0
2024,4,Japanese Grand Prix,japanese-grand-prix,kevin_magnussen,2,22,15:09:03,26.198,26198.0
2024,4,Japanese Grand Prix,japanese-grand-prix,bottas,3,22,15:09:04,25.946,25946.0
2024,4,Japanese Grand Prix,japanese-grand-prix,sargeant,2,22,15:09:04,25.53,25530.0
2024,4,Japanese Grand Prix,japanese-grand-prix,tsunoda,3,22,15:09:05,23.486,23486.0
2024,4,Japanese Grand Prix,japanese-grand-prix,stroll,3,22,15:09:06,23.238,23238.0
2024,4,Japanese Grand Prix,japanese-grand-prix,hamilton,2,23,15:10:21,23.333,23333.0
2024,4,Japanese Grand Prix,japanese-grand-prix,leclerc,2,26,15:15:01,23.285,23285.0
2024,4,Japanese Grand Prix,japanese-grand-prix,norris,3,26,15:15:02,23.232,23232.0
2024,4,Japanese Grand Prix,japanese-grand-prix,piastri,3,32,15:25:00,22.848,22848.0
2024,4,Japanese Grand Prix,japanese-grand-prix,gasly,3,32,15:26:03,23.102,23102.0
2024,4,Japanese Grand Prix,japanese-grand-prix,perez,3,33,15:26:18,22.956,22956.0
2024,4,Japanese Grand Prix,japanese-grand-prix,alonso,3,33,15:26:33,23.157,23157.0
2024,4,Japanese Grand Prix,japanese-grand-prix,hulkenberg,3,33,15:27:22,23.993,23993.0
2024,4,Japanese Grand Prix,japanese-grand-prix,ocon,3,33,15:27:33,24.181,24181.0
2024,4,Japanese Grand Prix,japanese-grand-prix,max_verstappen,3,34,15:27:43,23.234,23234.0
2024,4,Japanese Grand Prix,japanese-grand-prix,stroll,4,34,15:28:58,22.911,22911.0
2024,4,Japanese Grand Prix,japanese-grand-prix,sargeant,3,34,15:29:04,24.22,24220.0
2024,4,Japanese Grand Prix,japanese-grand-prix,sainz,3,36,15:31:14,23.591,23591.0
2024,4,Japanese Grand Prix,japanese-grand-prix,russell,3,37,15:33:07,22.991,22991.0
2024,4,Japanese Grand Prix,japanese-grand-prix,hamilton,3,39,15:36:25,23.956,23956.0
2024,4,Japanese Grand Prix,japanese-grand-prix,sargeant,4,41,15:41:24,23.287,23287.0
2024,5,Chinese Grand Prix,chinese-grand-prix,hulkenberg,1,8,15:17:30,23.004,23004.0
2024,5,Chinese Grand Prix,chinese-grand-prix,tsunoda,1,8,15:17:35,23.16,23160.0
2024,5,Chinese Grand Prix,chinese-grand-prix,zhou,1,8,15:17:39,23.362,23362.0
2024,5,Chinese Grand Prix,chinese-grand-prix,stroll,1,9,15:19:10,23.823,23823.0
2024,5,Chinese Grand Prix,chinese-grand-prix,bottas,1,9,15:19:12,22.949,22949.0
2024,5,Chinese Grand Prix,chinese-grand-prix,ocon,1,9,15:19:14,23.156,23156.0
2024,5,Chinese Grand Prix,chinese-grand-prix,albon,1,9,15:19:15,23.273,23273.0
2024,5,Chinese Grand Prix,chinese-grand-prix,hamilton,1,9,15:19:19,22.518,22518.0
2024,5,Chinese Grand Prix,chinese-grand-prix,alonso,1,11,15:22:28,23.049,23049.0
2024,5,Chinese Grand Prix,chinese-grand-prix,russell,1,11,15:22:32,22.415,22415.0
2024,5,Chinese Grand Prix,chinese-grand-prix,gasly,1,11,15:22:43,39.712,39712.0
2024,5,Chinese Grand Prix,chinese-grand-prix,sargeant,1,12,15:24:34,23.229,23229.0
2024,5,Chinese Grand Prix,chinese-grand-prix,max_verstappen,1,13,15:25:33,22.456,22456.0
2024,5,Chinese Grand Prix,chinese-grand-prix,perez,1,13,15:25:43,22.027,22027.0
2024,5,Chinese Grand Prix,chinese-grand-prix,ricciardo,1,14,15:27:53,22.598,22598.0
2024,5,Chinese Grand Prix,chinese-grand-prix,piastri,1,16,15:31:03,22.673,22673.0
2024,5,Chinese Grand Prix,chinese-grand-prix,sainz,1,17,15:32:49,22.629,22629.0
2024,5,Chinese Grand Prix,chinese-grand-prix,kevin_magnussen,1,17,15:33:13,22.974,22974.0
2024,5,Chinese Grand Prix,chinese-grand-prix,leclerc,1,21,15:39:34,22.36,22360.0
2024,5,Chinese Grand Prix,chinese-grand-prix,stroll,2,21,15:40:07,22.911,22911.0
2024,5,Chinese Grand Prix,chinese-grand-prix,hamilton,2,21,15:40:23,22.662,22662.0
2024,5,Chinese Grand Prix,chinese-grand-prix,norris,1,22,15:41:37,22.161,22161.0
2024,5,Chinese Grand Prix,chinese-grand-prix,max_verstappen,2,23,15:43:44,22.27,22270.0
2024,5,Chinese Grand Prix,chinese-grand-prix,perez,2,23,15:44:03,22.371,22371.0
2024,5,Chinese Grand Prix,chinese-grand-prix,alonso,2,23,15:44:21,22.687,22687.0
2024,5,Chinese Grand Prix,chinese-grand-prix,russell,2,23,15:44:25,22.707,22707.0
2024,5,Chinese Grand Prix,chinese-grand-prix,hulkenberg,2,23,15:44:41,23.336,23336.0
2024,5,Chinese Grand Prix,chinese-grand-prix,ocon,2,23,15:44:48,23.208,23208.0
2024,5,Chinese Grand Prix,chinese-grand-prix,tsunoda,2,23,15:44:54,22.387,22387.0
2024,5,Chinese Grand Prix,chinese-grand-prix,albon,2,23,15:44:57,23.6,23600.0
2024,5,Chinese Grand Prix,chinese-grand-prix,zhou,2,23,15:45:02,25.61,25610.0
2024,5,Chinese Grand Prix,chinese-grand-prix,gasly,2,23,15:45:12,23.987,23987.0
2024,5,Chinese Grand Prix,chinese-grand-prix,piastri,2,24,15:46:41,22.262,22262.0
2024,5,Chinese Grand Prix,chinese-grand-prix,sargeant,2,24,15:47:14,22.684,22684.0
2024,5,Chinese Grand Prix,chinese-grand-prix,stroll,3,26,15:51:46,,
2024,5,Chinese Grand Prix,chinese-grand-prix,kevin_magnussen,2,27,15:54:22,25.727,25727.0
2024,5,Chinese Grand Prix,chinese-grand-prix,stroll,4,35,16:10:09,34.777,34777.0
2024,5,Chinese Grand Prix,chinese-grand-prix,gasly,3,38,16:15:11,22.836,22836.0
2024,5,Chinese Grand Prix,chinese-grand-prix,zhou,3,40,16:18:35,23.252,23252.0
2024,5,Chinese Grand Prix,chinese-grand-prix,alonso,3,43,16:23:18,23.179,23179.0
2024,22,Las Vegas Grand Prix,las-vegas-grand-prix,alonso,1,4,22:10:35,21.407,21407.0
2024,22,Las Vegas Grand Prix,las-vegas-grand-prix,leclerc,1,9,22:18:44,21.329,21329.0
2024,22,Las Vegas Grand Prix,las-vegas-grand-prix,norris,1,9,22:18:45,21.194,21194.0
2024,22,Las Vegas Grand Prix,las-vegas-grand-prix,albon,1,9,22:18:56,22.012,22012.0
2024,22,Las Vegas Grand Prix,las-vegas-grand-prix,stroll,1,9,22:18:57,34.863,34863.0
2024,22,Las Vegas Grand Prix,las-vegas-grand-prix,sainz,1,10,22:20:21,21.048,21048.0
2024,22,Las Vegas Grand Prix,las-vegas-grand-prix,gasly,1,10,22:20:28,22.179,22179.0
2024,22,Las Vegas Grand Prix,las-vegas-grand-prix,tsunoda,1,10,22:20:29,21.168,21168.0
2024,22,Las Vegas Grand Prix,las-vegas-grand-prix,piastri,1,10,22:20:30,27.732,27732.0
2024,22,Las Vegas Grand Prix,las-vegas-grand-prix,max_verstappen,1,11,22:21:59,20.697,20697.0
2024,22,Las Vegas Grand Prix,las-vegas-grand-prix,ocon,1,11,22:22:13,15.79,15790.0
2024,22,Las Vegas Grand Prix,las-vegas-grand-prix,zhou,1,11,22:22:14,22.96,22960.0
2024,22,Las Vegas Grand Prix,las-vegas-grand-prix,lawson,1,11,22:22:17,21.049,21049.0
2024,22,Las Vegas Grand Prix,las-vegas-grand-prix,russell,1,12,22:23:29,21.072,21072.0
2024,22,Las Vegas Grand Prix,las-vegas-grand-prix,ocon,2,12,22:24:07,21.142,21142.0
2024,22,Las Vegas Grand Prix,las-vegas-grand-prix,hamilton,1,13,22:25:24,21.067,21067.0
2024,22,Las Vegas Grand Prix,las-vegas-grand-prix,hulkenberg,1,14,22:27:15,21.511,21511.0
2024,22,Las Vegas Grand Prix,las-vegas-grand-prix,colapinto,1,16,22:30:50,21.17,21170.0
2024,22,Las Vegas Grand Prix,las-vegas-grand-prix,perez,1,17,22:32:20,21.294,21294.0
2024,22,Las Vegas Grand Prix,las-vegas-grand-prix,kevin_magnussen,1,17,22:32:31,21.963,21963.0
2024,22,Las Vegas Grand Prix,las-vegas-grand-prix,bottas,1,17,22:32:34,21.623,21623.0
2024,22,Las Vegas Grand Prix,las-vegas-grand-prix,alonso,2,24,22:44:09,21.407,21407.0
2024,22,Las Vegas Grand Prix,las-vegas-grand-prix,piastri,2,25,22:45:37,21.082,21082.0
2024,22,Las Vegas Grand Prix,las-vegas-grand-prix,colapinto,2,26,22:47:34,21.221,21221.0
2024,22,Las Vegas Grand Prix,las-vegas-grand-prix,max_verstappen,2,27,22:48:30,22.254,22254.0
2024,22,Las Vegas Grand Prix,las-vegas-grand-prix,hamilton,2,27,22:48:34,21.355,21355.0
2024,22,Las Vegas Grand Prix,las-vegas-grand-prix,sainz,2,28,22:50:14,20.879,20879.0
2024,22,Las Vegas Grand Prix,las-vegas-grand-prix,stroll,2,28,22:50:55,21.588,21588.0
2024,22,Las Vegas Grand Prix,las-vegas-grand-prix,tsunoda,2,29,22:52:13,21.208,21208.0
2024,22,Las Vegas Grand Prix,las-vegas-grand-prix,norris,2,30,22:53:40,20.668,20668.0
2024,22,Las Vegas Grand Prix,las-vegas-grand-prix,leclerc,2,31,22:55:05,21.585,21585.0
2024,22,Las Vegas Grand Prix,las-vegas-grand-prix,russell,2,32,22:56:26,20.975,20975.0
2024,22,Las Vegas Grand Prix,las-vegas-grand-prix,perez,2,32,22:57:18,21.034,21034.0
2024,22,Las Vegas Grand Prix,las-vegas-grand-prix,hulkenberg,2,33,22:58:49,21.702,21702.0
2024,22,Las Vegas Grand Prix,las-vegas-grand-prix,zhou,2,34,23:00:44,21.761,21761.0
2024,22,Las Vegas Grand Prix,las-vegas-grand-prix,bottas,2,35,23:02:48,22.821,22821.0
2024,22,Las Vegas Grand Prix,las-vegas-grand-prix,lawson,2,38,23:07:28,20.642,20642.0
2024,22,Las Vegas Grand Prix,las-vegas-grand-prix,ocon,3,45,23:18:59,21.858,21858.0
2024,22,Las Vegas Grand Prix,las-vegas-grand-prix,norris,3,48,23:22:59,21.059,21059.0
2024,21,Sao Paulo Grand Prix,sao-paulo-grand-prix,leclerc,1,24,13:24:06,24.573,24573.0
2024,21,Sao Paulo Grand Prix,sao-paulo-grand-prix,hulkenberg,1,25,13:25:44,25.369,25369.0
2024,21,Sao Paulo Grand Prix,sao-paulo-grand-prix,colapinto,1,26,13:27:23,25.287,25287.0
2024,21,Sao Paulo Grand Prix,sao-paulo-grand-prix,piastri,1,27,13:28:37,26.05,26050.0
2024,21,Sao Paulo Grand Prix,sao-paulo-grand-prix,alonso,1,27,13:28:41,25.107,25107.0
2024,21,Sao Paulo Grand Prix,sao-paulo-grand-prix,bearman,1,27,13:28:52,35.755,35755.0
2024,21,Sao Paulo Grand Prix,sao-paulo-grand-prix,hamilton,1,27,13:28:55,25.205,25205.0
2024,21,Sao Paulo Grand Prix,sao-paulo-grand-prix,sainz,1,27,13:29:01,25.92,25920.0
2024,21,Sao Paulo Grand Prix,sao-paulo-grand-prix,perez,1,27,13:29:04,26.692,26692.0
2024,21,Sao Paulo Grand Prix,sao-paulo-grand-prix,zhou,1,27,13:29:32,25.248,25248.0
2024,21,Sao Paulo Grand Prix,sao-paulo-grand-prix,russell,1,28,13:29:59,25.698,25698.0
2024,21,Sao Paulo Grand Prix,sao-paulo-grand-prix,norris,1,28,13:30:01,24.764,24764.0
2024,21,Sao Paulo Grand Prix,sao-paulo-grand-prix,tsunoda,1,28,13:30:16,25.431,25431.0
2024,21,Sao Paulo Grand Prix,sao-paulo-grand-prix,lawson,1,28,13:30:35,28.167,28167.0
2024,21,Sao Paulo Grand Prix,sao-paulo-grand-prix,hulkenberg,2,27,13:31:21,58.984,58984.0
2024,21,Sao Paulo Grand Prix,sao-paulo-grand-prix,zhou,2,28,13:31:38,27.067,27067.0
2024,21,Sao Paulo Grand Prix,sao-paulo-grand-prix,colapinto,2,30,13:35:02,25.239,25239.0
2024,21,Sao Paulo Grand Prix,sao-paulo-grand-prix,hulkenberg,3,29,13:36:17,28.59,28590.0
2024,21,Sao Paulo Grand Prix,sao-paulo-grand-prix,ocon,1,32,13:38:37,,
2024,21,Sao Paulo Grand Prix,sao-paulo-grand-prix,max_verstappen,1,32,13:38:39,,
2024,21,Sao Paulo Grand Prix,sao-paulo-grand-prix,zhou,3,31,13:38:42,,
2024,21,Sao Paulo Grand Prix,sao-paulo-grand-prix,gasly,1,32,13:38:45,,
2024,21,Sao Paulo Grand Prix,sao-paulo-grand-prix,norris,2,32,13:38:46,,
2024,21,Sao Paulo Grand Prix,sao-paulo-grand-prix,russell,2,32,13:38:51,,
2024,21,Sao Paulo Grand Prix,sao-paulo-grand-prix,tsunoda,2,32,13:38:53,,
2024,21,Sao Paulo Grand Prix,sao-paulo-grand-prix,leclerc,2,32,13:38:55,,
2024,21,Sao Paulo Grand Prix,sao-paulo-grand-prix,piastri,2,32,13:38:58,,
2024,21,Sao Paulo Grand Prix,sao-paulo-grand-prix,alonso,2,32,13:39:00,,
2024,21,Sao Paulo Grand Prix,sao-paulo-grand-prix,lawson,2,32,13:39:03,,
2024,21,Sao Paulo Grand Prix,sao-paulo-grand-prix,hamilton,2,32,13:39:05,,
2024,21,Sao Paulo Grand Prix,sao-paulo-grand-prix,bottas,1,32,13:39:10,,
2024,21,Sao Paulo Grand Prix,sao-paulo-grand-prix,sainz,2,32,13:39:11,,
2024,21,Sao Paulo Grand Prix,sao-paulo-grand-prix,perez,2,32,13:39:13,,
2024,21,Sao Paulo Grand Prix,sao-paulo-grand-prix,bearman,2,32,13:39:16,,
2024,21,Sao Paulo Grand Prix,sao-paulo-grand-prix,zhou,4,32,14:01:55,,
2024,1,Bahrain Grand Prix,bahrain-grand-prix,hulkenberg,1,1,18:05:33,36.604,36604.0
2024,1,Bahrain Grand Prix,bahrain-grand-prix,zhou,1,9,18:18:39,25.208,25208.0
2024,1,Bahrain Grand Prix,bahrain-grand-prix,stroll,1,9,18:18:42,24.418,24418.0
2024,1,Bahrain Grand Prix,bahrain-grand-prix,ocon,1,10,18:20:20,24.877,24877.0
2024,1,Bahrain Grand Prix,bahrain-grand-prix,sargeant,1,10,18:21:19,35.729,35729.0
2024,1,Bahrain Grand Prix,bahrain-grand-prix,russell,1,11,18:21:38,24.778,24778.0
2024,1,Bahrain Grand Prix,bahrain-grand-prix,leclerc,1,11,18:21:41,24.069,24069.0
2024,1,Bahrain Grand Prix,bahrain-grand-prix,kevin_magnussen,1,11,18:21:55,25.951,25951.0
2024,1,Bahrain Grand Prix,bahrain-grand-prix,perez,1,12,18:23:16,24.516,24516.0
2024,1,Bahrain Grand Prix,bahrain-grand-prix,piastri,1,12,18:23:24,25.45,25450.0
2024,1,Bahrain Grand Prix,bahrain-grand-prix,hamilton,1,12,18:23:26,25.087,25087.0
2024,1,Bahrain Grand Prix,bahrain-grand-prix,gasly,1,12,18:23:38,29.98,29980.0
2024,1,Bahrain Grand Prix,bahrain-grand-prix,bottas,1,12,18:23:42,26.42,26420.0
2024,1,Bahrain Grand Prix,bahrain-grand-prix,norris,1,13,18:25:00,24.205,24205.0
2024,1,Bahrain Grand Prix,bahrain-grand-prix,ricciardo,1,13,18:25:17,24.988,24988.0
2024,1,Bahrain Grand Prix,bahrain-grand-prix,sainz,1,14,18:26:32,24.474,24474.0
2024,1,Bahrain Grand Prix,bahrain-grand-prix,tsunoda,1,14,18:26:47,24.724,24724.0
2024,1,Bahrain Grand Prix,bahrain-grand-prix,alonso,1,15,18:28:24,24.786,24786.0
2024,1,Bahrain Grand Prix,bahrain-grand-prix,albon,1,15,18:28:29,24.681,24681.0
2024,1,Bahrain Grand Prix,bahrain-grand-prix,max_verstappen,1,17,18:31:12,25.064,25064.0
2024,1,Bahrain Grand Prix,bahrain-grand-prix,hulkenberg,2,20,18:37:08,24.768,24768.0
2024,1,Bahrain Grand Prix,bahrain-grand-prix,stroll,2,27,18:48:25,24.545,24545.0
2024,1,Bahrain Grand Prix,bahrain-grand-prix,zhou,2,28,18:49:59,25.094,25094.0
2024,1,Bahrain Grand Prix,bahrain-grand-prix,sargeant,2,28,18:51:33,25.07,25070.0
2024,1,Bahrain Grand Prix,bahrain-grand-prix,ocon,2,30,18:53:30,25.145,25145.0
2024,1,Bahrain Grand Prix,bahrain-grand-prix,bottas,2,30,18:53:32,,
2024,1,Bahrain Grand Prix,bahrain-grand-prix,russell,2,31,18:54:21,24.866,24866.0
2024,1,Bahrain Grand Prix,bahrain-grand-prix,gasly,2,31,18:55:10,26.462,26462.0
2024,1,Bahrain Grand Prix,bahrain-grand-prix,kevin_magnussen,2,32,18:56:37,24.446,24446.0
2024,1,Bahrain Grand Prix,bahrain-grand-prix,norris,2,33,18:57:39,24.705,24705.0
2024,1,Bahrain Grand Prix,bahrain-grand-prix,hamilton,2,33,18:57:45,24.094,24094.0
2024,1,Bahrain Grand Prix,bahrain-grand-prix,leclerc,2,34,18:59:13,24.136,24136.0
2024,1,Bahrain Grand Prix,bahrain-grand-prix,piastri,2,34,18:59:20,24.852,24852.0
2024,1,Bahrain Grand Prix,bahrain-grand-prix,tsunoda,2,34,18:59:47,24.324,24324.0
2024,1,Bahrain Grand Prix,bahrain-grand-prix,sainz,2,35,19:00:38,23.866,23866.0
2024,1,Bahrain Grand Prix,bahrain-grand-prix,ricciardo,2,35,19:01:34,24.856,24856.0
2024,1,Bahrain Grand Prix,bahrain-grand-prix,perez,2,36,19:02:12,24.563,24563.0
2024,1,Bahrain Grand Prix,bahrain-grand-prix,albon,2,36,19:03:09,24.61,24610.0
2024,1,Bahrain Grand Prix,bahrain-grand-prix,max_verstappen,2,37,19:03:29,24.209,24209.0
2024,1,Bahrain Grand Prix,bahrain-grand-prix,alonso,2,41,19:10:58,25.109,25109.0
2024,1,Bahrain Grand Prix,bahrain-grand-prix,sargeant,3,40,19:11:22,25.346,25346.0
2024,1,Bahrain Grand Prix,bahrain-grand-prix,hulkenberg,3,41,19:11:29,24.387,24387.0
2024,1,Bahrain Grand Prix,bahrain-grand-prix,gasly,3,43,19:14:55,25.24,25240.0
2024,13,Hungarian Grand Prix,hungarian-grand-prix,hulkenberg,1,2,15:06:01,22.287,22287.0
2024,13,Hungarian Grand Prix,hungarian-grand-prix,albon,1,6,15:11:43,22.091,22091.0
2024,13,Hungarian Grand Prix,hungarian-grand-prix,kevin_magnussen,1,6,15:11:43,21.871,21871.0
2024,13,Hungarian Grand Prix,hungarian-grand-prix,ocon,1,6,15:11:47,21.829,21829.0
2024,13,Hungarian Grand Prix,hungarian-grand-prix,alonso,1,7,15:13:05,22.542,22542.0
2024,13,Hungarian Grand Prix,hungarian-grand-prix,ricciardo,1,7,15:13:08,21.084,21084.0
2024,13,Hungarian Grand Prix,hungarian-grand-prix,zhou,1,7,15:13:15,21.993,21993.0
2024,13,Hungarian Grand Prix,hungarian-grand-prix,sargeant,1,8,15:14:38,21.757,21757.0
2024,13,Hungarian Grand Prix,hungarian-grand-prix,stroll,1,14,15:23:01,23.237,23237.0
2024,13,Hungarian Grand Prix,hungarian-grand-prix,hamilton,1,16,15:25:36,21.306,21306.0
2024,13,Hungarian Grand Prix,hungarian-grand-prix,bottas,1,16,15:25:58,22.146,22146.0
2024,13,Hungarian Grand Prix,hungarian-grand-prix,norris,1,17,15:26:55,21.861,21861.0
2024,13,Hungarian Grand Prix,hungarian-grand-prix,piastri,1,18,15:28:15,21.641,21641.0
2024,13,Hungarian Grand Prix,hungarian-grand-prix,max_verstappen,1,21,15:32:38,22.101,22101.0
2024,13,Hungarian Grand Prix,hungarian-grand-prix,sainz,1,21,15:32:46,21.655,21655.0
2024,13,Hungarian Grand Prix,hungarian-grand-prix,leclerc,1,23,15:35:30,21.894,21894.0
2024,13,Hungarian Grand Prix,hungarian-grand-prix,perez,1,28,15:43:04,21.395,21395.0
2024,13,Hungarian Grand Prix,hungarian-grand-prix,gasly,1,28,15:43:16,21.405,21405.0
2024,13,Hungarian Grand Prix,hungarian-grand-prix,ricciardo,2,28,15:43:23,21.378,21378.0
2024,13,Hungarian Grand Prix,hungarian-grand-prix,tsunoda,1,29,15:44:27,21.467,21467.0
2024,13,Hungarian Grand Prix,hungarian-grand-prix,hulkenberg,2,29,15:44:45,22.472,22472.0
2024,13,Hungarian Grand Prix,hungarian-grand-prix,albon,2,29,15:44:46,23.41,23410.0
2024,13,Hungarian Grand Prix,hungarian-grand-prix,ocon,2,30,15:46:17,21.444,21444.0
2024,13,Hungarian Grand Prix,hungarian-grand-prix,russell,1,33,15:50:09,21.369,21369.0
2024,13,Hungarian Grand Prix,hungarian-grand-prix,sargeant,2,33,15:50:34,21.398,21398.0
2024,13,Hungarian Grand Prix,hungarian-grand-prix,kevin_magnussen,2,34,15:51:57,22.531,22531.0
2024,13,Hungarian Grand Prix,hungarian-grand-prix,zhou,2,36,15:55:03,22.183,22183.0
2024,13,Hungarian Grand Prix,hungarian-grand-prix,alonso,2,37,15:55:57,21.8,21800.0
2024,13,Hungarian Grand Prix,hungarian-grand-prix,hamilton,2,40,15:59:28,21.91,21910.0
2024,13,Hungarian Grand Prix,hungarian-grand-prix,leclerc,2,40,15:59:29,21.723,21723.0
2024,13,Hungarian Grand Prix,hungarian-grand-prix,norris,2,45,16:06:18,21.249,21249.0
2024,13,Hungarian Grand Prix,hungarian-grand-prix,stroll,2,45,16:07:17,22.276,22276.0
2024,13,Hungarian Grand Prix,hungarian-grand-prix,bottas,2,45,16:07:35,21.981,21981.0
2024,13,Hungarian Grand Prix,hungarian-grand-prix,piastri,2,47,16:09:05,21.823,21823.0
2024,13,Hungarian Grand Prix,hungarian-grand-prix,sainz,2,47,16:09:23,21.439,21439.0
2024,13,Hungarian Grand Prix,hungarian-grand-prix,perez,2,47,16:09:46,21.056,21056.0
2024,13,Hungarian Grand Prix,hungarian-grand-prix,max_verstappen,2,49,16:12:02,21.344,21344.0
2024,13,Hungarian Grand Prix,hungarian-grand-prix,russell,2,53,16:18:05,21.328,21328.0
2024,13,Hungarian Grand Prix,hungarian-grand-prix,sargeant,3,63,16:33:22,21.908,21908.0
2024,13,Hungarian Grand Prix,hungarian-grand-prix,ocon,3,64,16:34:46,21.33,21330.0
2024,2,Saudi Arabian Grand Prix,saudi-arabian-grand-prix,max_verstappen,1,7,20:15:25,20.607,20607.0
2024,2,Saudi Arabian Grand Prix,saudi-arabian-grand-prix,perez,1,7,20:15:30,22.196,22196.0
2024,2,Saudi Arabian Grand Prix,saudi-arabian-grand-prix,leclerc,1,7,20:15:31,23.419,23419.0
2024,2,Saudi Arabian Grand Prix,saudi-arabian-grand-prix,piastri,1,7,20:15:36,21.427,21427.0
2024,2,Saudi Arabian Grand Prix,saudi-arabian-grand-prix,alonso,1,7,20:15:37,22.129,22129.0
2024,2,Saudi Arabian Grand Prix,saudi-arabian-grand-prix,russell,1,7,20:15:42,21.013,21013.0
2024,2,Saudi Arabian Grand Prix,saudi-arabian-grand-prix,bearman,1,7,20:15:51,22.457,22457.0
2024,2,Saudi Arabian Grand Prix,saudi-arabian-grand-prix,tsunoda,1,7,20:15:51,21.694,21694.0
2024,2,Saudi Arabian Grand Prix,saudi-arabian-grand-prix,albon,1,7,20:15:53,21.723,21723.0
2024,2,Saudi Arabian Grand Prix,saudi-arabian-grand-prix,kevin_magnussen,1,7,20:15:53,21.46,21460.0
2024,2,Saudi Arabian Grand Prix,saudi-arabian-grand-prix,ricciardo,1,7,20:15:57,,
2024,2,Saudi Arabian Grand Prix,saudi-arabian-grand-prix,ocon,1,7,20:15:59,22.502,22502.0
2024,2,Saudi Arabian Grand Prix,saudi-arabian-grand-prix,bottas,1,7,20:16:00,22.795,22795.0
2024,2,Saudi Arabian Grand Prix,saudi-arabian-grand-prix,sargeant,1,7,20:16:01,23.645,23645.0
2024,2,Saudi Arabian Grand Prix,saudi-arabian-grand-prix,hulkenberg,1,33,20:59:21,21.035,21035.0
2024,2,Saudi Arabian Grand Prix,saudi-arabian-grand-prix,bottas,2,35,21:02:58,23.281,23281.0
2024,2,Saudi Arabian Grand Prix,saudi-arabian-grand-prix,hamilton,1,36,21:03:38,20.17,20170.0
2024,2,Saudi Arabian Grand Prix,saudi-arabian-grand-prix,norris,1,37,21:05:08,22.211,22211.0
2024,2,Saudi Arabian Grand Prix,saudi-arabian-grand-prix,zhou,1,41,21:12:03,46.381,46381.0
2024,19,United States Grand Prix,united-states-grand-prix,albon,1,3,14:09:39,34.983,34983.0
2024,19,United States Grand Prix,united-states-grand-prix,zhou,1,13,14:28:22,24.433,24433.0
2024,19,United States Grand Prix,united-states-grand-prix,bottas,1,15,14:31:39,24.439,24439.0
2024,19,United States Grand Prix,united-states-grand-prix,kevin_magnussen,1,17,14:34:50,23.966,23966.0
2024,19,United States Grand Prix,united-states-grand-prix,gasly,1,18,14:36:29,28.228,28228.0
2024,19,United States Grand Prix,united-states-grand-prix,tsunoda,1,18,14:36:35,24.193,24193.0
2024,19,United States Grand Prix,united-states-grand-prix,sainz,1,21,14:41:13,23.963,23963.0
2024,19,United States Grand Prix,united-states-grand-prix,max_verstappen,1,25,14:47:52,24.228,24228.0
2024,19,United States Grand Prix,united-states-grand-prix,leclerc,1,26,14:49:20,23.817,23817.0
2024,19,United States Grand Prix,united-states-grand-prix,perez,1,26,14:49:57,23.58,23580.0
2024,19,United States Grand Prix,united-states-grand-prix,alonso,1,26,14:50:15,24.247,24247.0
2024,19,United States Grand Prix,united-states-grand-prix,hulkenberg,1,27,14:51:40,24.5,24500.0
2024,19,United States Grand Prix,united-states-grand-prix,stroll,1,27,14:52:06,26.399,26399.0
2024,19,United States Grand Prix,united-states-grand-prix,norris,1,31,14:57:52,23.731,23731.0
2024,19,United States Grand Prix,united-states-grand-prix,ocon,1,31,14:58:47,24.156,24156.0
2024,19,United States Grand Prix,united-states-grand-prix,piastri,1,32,14:59:38,24.107,24107.0
2024,19,United States Grand Prix,united-states-grand-prix,albon,2,33,15:02:17,24.391,24391.0
2024,19,United States Grand Prix,united-states-grand-prix,zhou,2,35,15:05:59,24.89,24890.0
2024,19,United States Grand Prix,united-states-grand-prix,lawson,1,36,15:06:52,23.839,23839.0
2024,19,United States Grand Prix,united-states-grand-prix,kevin_magnussen,2,38,15:10:18,24.087,24087.0
2024,19,United States Grand Prix,united-states-grand-prix,colapinto,1,39,15:11:56,23.971,23971.0
2024,19,United States Grand Prix,united-states-grand-prix,russell,1,40,15:13:16,29.327,29327.0
2024,19,United States Grand Prix,united-states-grand-prix,ocon,2,51,15:32:32,26.175,26175.0
2024,3,Australian Grand Prix,australian-grand-prix,ricciardo,1,5,15:10:25,18.265,18265.0
2024,3,Australian Grand Prix,australian-grand-prix,albon,1,6,15:11:45,17.755,17755.0
2024,3,Australian Grand Prix,australian-grand-prix,zhou,1,6,15:11:49,19.032,19032.0
2024,3,Australian Grand Prix,australian-grand-prix,hamilton,1,7,15:13:04,17.596,17596.0
2024,3,Australian Grand Prix,australian-grand-prix,kevin_magnussen,1,7,15:13:08,18.301,18301.0
2024,3,Australian Grand Prix,australian-grand-prix,russell,1,8,15:14:23,18.046,18046.0
2024,3,Australian Grand Prix,australian-grand-prix,stroll,1,8,15:14:26,17.901,17901.0
2024,3,Australian Grand Prix,australian-grand-prix,bottas,1,8,15:14:30,46.969,46969.0
2024,3,Australian Grand Prix,australian-grand-prix,leclerc,1,9,15:15:42,17.409,17409.0
2024,3,Australian Grand Prix,australian-grand-prix,piastri,1,9,15:15:43,17.573,17573.0
2024,3,Australian Grand Prix,australian-grand-prix,tsunoda,1,9,15:15:50,18.523,18523.0
2024,3,Australian Grand Prix,australian-grand-prix,ocon,1,9,15:15:55,18.287,18287.0
2024,3,Australian Grand Prix,australian-grand-prix,norris,1,14,15:22:37,17.776,17776.0
2024,3,Australian Grand Prix,australian-grand-prix,perez,1,14,15:22:45,18.112,18112.0
2024,3,Australian Grand Prix,australian-grand-prix,sainz,1,16,15:25:14,17.599,17599.0
2024,3,Australian Grand Prix,australian-grand-prix,ocon,2,16,15:25:58,30.626,30626.0
2024,3,Australian Grand Prix,australian-grand-prix,alonso,1,17,15:27:06,18.16,18160.0
2024,3,Australian Grand Prix,australian-grand-prix,hulkenberg,1,17,15:27:28,18.32,18320.0
2024,3,Australian Grand Prix,australian-grand-prix,gasly,1,17,15:27:32,20.316,20316.0
2024,3,Australian Grand Prix,australian-grand-prix,albon,2,27,15:41:35,17.745,17745.0
2024,3,Australian Grand Prix,australian-grand-prix,ricciardo,2,29,15:44:29,17.751,17751.0
2024,3,Australian Grand Prix,australian-grand-prix,kevin_magnussen,2,33,15:49:58,18.151,18151.0
2024,3,Australian Grand Prix,australian-grand-prix,leclerc,2,34,15:50:35,17.308,17308.0
2024,3,Australian Grand Prix,australian-grand-prix,perez,2,35,15:52:18,17.222,17222.0
2024,3,Australian Grand Prix,australian-grand-prix,hulkenberg,2,35,15:52:40,18.145,18145.0
2024,3,Australian Grand Prix,australian-grand-prix,zhou,2,35,15:52:50,36.866,36866.0
2024,3,Australian Grand Prix,australian-grand-prix,tsunoda,2,36,15:53:59,17.535,17535.0
2024,3,Australian Grand Prix,australian-grand-prix,bottas,2,36,15:54:30,18.938,18938.0
2024,3,Australian Grand Prix,australian-grand-prix,stroll,2,37,15:55:19,17.977,17977.0
2024,3,Australian Grand Prix,australian-grand-prix,piastri,2,39,15:57:32,18.533,18533.0
2024,3,Australian Grand Prix,australian-grand-prix,norris,2,40,15:58:46,17.653,17653.0
2024,3,Australian Grand Prix,australian-grand-prix,sainz,2,41,15:59:57,17.74,17740.0
2024,3,Australian Grand Prix,australian-grand-prix,alonso,2,41,16:00:37,17.995,17995.0
2024,3,Australian Grand Prix,australian-grand-prix,gasly,2,41,16:01:21,17.682,17682.0
2024,3,Australian Grand Prix,australian-grand-prix,ocon,3,42,16:02:51,18.007,18007.0
2024,3,Australian Grand Prix,australian-grand-prix,russell,2,45,16:06:07,17.964,17964.0
2024,14,Belgian Grand Prix,belgian-grand-prix,hulkenberg,1,7,15:17:00,23.562,23562.0
2024,14,Belgian Grand Prix,belgian-grand-prix,albon,1,8,15:18:45,23.606,23606.0
2024,14,Belgian Grand Prix,belgian-grand-prix,ricciardo,1,8,15:18:49,22.643,22643.0
2024,14,Belgian Grand Prix,belgian-grand-prix,sargeant,1,8,15:18:55,23.338,23338.0
2024,14,Belgian Grand Prix,belgian-grand-prix,gasly,1,9,15:20:39,22.9,22900.0
2024,14,Belgian Grand Prix,belgian-grand-prix,russell,1,10,15:22:19,22.686,22686.0
2024,14,Belgian Grand Prix,belgian-grand-prix,max_verstappen,1,10,15:22:21,23.214,23214.0
2024,14,Belgian Grand Prix,belgian-grand-prix,hamilton,1,11,15:24:02,23.188,23188.0
2024,14,Belgian Grand Prix,belgian-grand-prix,perez,1,11,15:24:06,22.692,22692.0
2024,14,Belgian Grand Prix,belgian-grand-prix,piastri,1,11,15:24:08,22.623,22623.0
2024,14,Belgian Grand Prix,belgian-grand-prix,bottas,1,11,15:24:22,23.147,23147.0
2024,14,Belgian Grand Prix,belgian-grand-prix,leclerc,1,12,15:25:53,22.942,22942.0
2024,14,Belgian Grand Prix,belgian-grand-prix,ocon,1,12,15:26:11,23.366,23366.0
2024,14,Belgian Grand Prix,belgian-grand-prix,stroll,1,12,15:26:15,23.01,23010.0
2024,14,Belgian Grand Prix,belgian-grand-prix,alonso,1,13,15:27:58,23.075,23075.0
2024,14,Belgian Grand Prix,belgian-grand-prix,norris,1,15,15:31:29,22.682,22682.0
2024,14,Belgian Grand Prix,belgian-grand-prix,tsunoda,1,15,15:31:55,23.452,23452.0
2024,14,Belgian Grand Prix,belgian-grand-prix,kevin_magnussen,1,17,15:35:32,23.619,23619.0
2024,14,Belgian Grand Prix,belgian-grand-prix,sainz,1,20,15:40:33,23.08,23080.0
2024,14,Belgian Grand Prix,belgian-grand-prix,hulkenberg,2,20,15:41:12,23.268,23268.0
2024,14,Belgian Grand Prix,belgian-grand-prix,perez,2,21,15:42:34,22.648,22648.0
2024,14,Belgian Grand Prix,belgian-grand-prix,ricciardo,2,21,15:42:55,22.328,22328.0
2024,14,Belgian Grand Prix,belgian-grand-prix,albon,2,23,15:46:34,23.146,23146.0
2024,14,Belgian Grand Prix,belgian-grand-prix,sargeant,2,24,15:48:46,23.692,23692.0
2024,14,Belgian Grand Prix,belgian-grand-prix,leclerc,2,25,15:49:39,23.33,23330.0
2024,14,Belgian Grand Prix,belgian-grand-prix,hamilton,2,26,15:51:24,22.704,22704.0
2024,14,Belgian Grand Prix,belgian-grand-prix,max_verstappen,2,28,15:55:10,22.943,22943.0
2024,14,Belgian Grand Prix,belgian-grand-prix,sainz,2,28,15:55:17,23.089,23089.0
2024,14,Belgian Grand Prix,belgian-grand-prix,gasly,2,28,15:55:46,22.844,22844.0
2024,14,Belgian Grand Prix,belgian-grand-prix,norris,2,29,15:56:59,22.61,22610.0
2024,14,Belgian Grand Prix,belgian-grand-prix,piastri,2,30,15:58:38,24.125,24125.0
2024,14,Belgian Grand Prix,belgian-grand-prix,ocon,2,30,15:59:14,23.546,23546.0
2024,14,Belgian Grand Prix,belgian-grand-prix,bottas,2,35,16:08:31,22.949,22949.0
2024,14,Belgian Grand Prix,belgian-grand-prix,perez,3,42,16:20:40,22.632,22632.0
2024,10,Spanish Grand Prix,spanish-grand-prix,zhou,1,9,15:15:47,22.523,22523.0
2024,10,Spanish Grand Prix,spanish-grand-prix,tsunoda,1,9,15:15:48,22.064,22064.0
2024,10,Spanish Grand Prix,spanish-grand-prix,kevin_magnussen,1,10,15:17:08,23.36,23360.0
2024,10,Spanish Grand Prix,spanish-grand-prix,bottas,1,11,15:18:28,22.744,22744.0
2024,10,Spanish Grand Prix,spanish-grand-prix,hulkenberg,1,12,15:19:44,22.722,22722.0
2024,10,Spanish Grand Prix,spanish-grand-prix,ocon,1,13,15:21:03,21.834,21834.0
2024,10,Spanish Grand Prix,spanish-grand-prix,perez,1,13,15:21:05,22.181,22181.0
2024,10,Spanish Grand Prix,spanish-grand-prix,gasly,1,14,15:22:19,26.097,26097.0
2024,10,Spanish Grand Prix,spanish-grand-prix,sargeant,1,14,15:22:45,22.401,22401.0
2024,10,Spanish Grand Prix,spanish-grand-prix,russell,1,15,15:23:33,25.023,25023.0
2024,10,Spanish Grand Prix,spanish-grand-prix,sainz,1,15,15:23:36,22.194,22194.0
2024,10,Spanish Grand Prix,spanish-grand-prix,hamilton,1,16,15:24:57,21.84,21840.0
2024,10,Spanish Grand Prix,spanish-grand-prix,ricciardo,1,16,15:25:24,22.364,22364.0
2024,10,Spanish Grand Prix,spanish-grand-prix,max_verstappen,1,17,15:26:11,21.544,21544.0
2024,10,Spanish Grand Prix,spanish-grand-prix,stroll,1,17,15:26:39,21.88,21880.0
2024,10,Spanish Grand Prix,spanish-grand-prix,albon,1,18,15:28:15,23.248,23248.0
2024,10,Spanish Grand Prix,spanish-grand-prix,alonso,1,19,15:29:25,21.957,21957.0
2024,10,Spanish Grand Prix,spanish-grand-prix,piastri,1,21,15:31:54,22.224,22224.0
2024,10,Spanish Grand Prix,spanish-grand-prix,norris,1,23,15:34:21,21.618,21618.0
2024,10,Spanish Grand Prix,spanish-grand-prix,leclerc,1,24,15:35:49,22.26,22260.0
2024,10,Spanish Grand Prix,spanish-grand-prix,tsunoda,2,27,15:40:44,22.084,22084.0
2024,10,Spanish Grand Prix,spanish-grand-prix,bottas,2,28,15:41:58,22.963,22963.0
2024,10,Spanish Grand Prix,spanish-grand-prix,kevin_magnussen,2,29,15:43:22,28.967,28967.0
2024,10,Spanish Grand Prix,spanish-grand-prix,perez,2,31,15:45:43,21.464,21464.0
2024,10,Spanish Grand Prix,spanish-grand-prix,sargeant,2,34,15:50:28,22.506,22506.0
2024,10,Spanish Grand Prix,spanish-grand-prix,russell,2,36,15:52:01,22.7,22700.0
2024,10,Spanish Grand Prix,spanish-grand-prix,sainz,2,36,15:52:05,22.249,22249.0
2024,10,Spanish Grand Prix,spanish-grand-prix,ocon,2,37,15:53:54,21.921,21921.0
2024,10,Spanish Grand Prix,spanish-grand-prix,stroll,2,37,15:54:06,23.381,23381.0
2024,10,Spanish Grand Prix,spanish-grand-prix,gasly,2,38,15:55:06,21.687,21687.0
2024,10,Spanish Grand Prix,spanish-grand-prix,hulkenberg,2,38,15:55:17,22.518,22518.0
2024,10,Spanish Grand Prix,spanish-grand-prix,zhou,2,41,15:59:31,24.253,24253.0
2024,10,Spanish Grand Prix,spanish-grand-prix,ricciardo,2,42,16:01:01,22.108,22108.0
2024,10,Spanish Grand Prix,spanish-grand-prix,hamilton,2,43,16:01:21,21.603,21603.0
2024,10,Spanish Grand Prix,spanish-grand-prix,max_verstappen,2,44,16:02:29,22.34,22340.0
2024,10,Spanish Grand Prix,spanish-grand-prix,albon,2,43,16:02:33,21.892,21892.0
2024,10,Spanish Grand Prix,spanish-grand-prix,tsunoda,3,44,16:04:06,22.564,22564.0
2024,10,Spanish Grand Prix,spanish-grand-prix,alonso,2,45,16:04:54,22.571,22571.0
2024,10,Spanish Grand Prix,spanish-grand-prix,piastri,2,46,16:05:37,22.42,22420.0
2024,10,Spanish Grand Prix,spanish-grand-prix,norris,2,47,16:06:31,22.631,22631.0
2024,10,Spanish Grand Prix,spanish-grand-prix,leclerc,2,47,16:06:44,21.624,21624.0
2024,10,Spanish Grand Prix,spanish-grand-prix,perez,3,49,16:09:52,21.472,21472.0
2024,20,Mexico City Grand Prix,mexico-city-grand-prix,perez,1,20,14:35:55,27.73,27730.0
2024,20,Mexico City Grand Prix,mexico-city-grand-prix,max_verstappen,1,26,14:43:43,43.73,43730.0
2024,20,Mexico City Grand Prix,mexico-city-grand-prix,stroll,1,26,14:44:17,22.592,22592.0
2024,20,Mexico City Grand Prix,mexico-city-grand-prix,hamilton,1,28,14:46:42,22.538,22538.0
2024,20,Mexico City Grand Prix,mexico-city-grand-prix,gasly,1,28,14:46:56,23.204,23204.0
2024,20,Mexico City Grand Prix,mexico-city-grand-prix,hulkenberg,1,29,14:48:15,23.077,23077.0
2024,20,Mexico City Grand Prix,mexico-city-grand-prix,norris,1,30,14:49:15,22.111,22111.0
2024,20,Mexico City Grand Prix,mexico-city-grand-prix,kevin_magnussen,1,30,14:49:36,23.332,23332.0
2024,20,Mexico City Grand Prix,mexico-city-grand-prix,leclerc,1,31,14:50:30,22.86,22860.0
2024,20,Mexico City Grand Prix,mexico-city-grand-prix,russell,1,31,14:50:44,22.462,22462.0
2024,20,Mexico City Grand Prix,mexico-city-grand-prix,sainz,1,32,14:51:43,22.249,22249.0
2024,20,Mexico City Grand Prix,mexico-city-grand-prix,piastri,1,39,15:02:09,21.825,21825.0
2024,20,Mexico City Grand Prix,mexico-city-grand-prix,lawson,1,39,15:02:15,22.586,22586.0
2024,20,Mexico City Grand Prix,mexico-city-grand-prix,zhou,1,43,15:08:09,22.935,22935.0
2024,20,Mexico City Grand Prix,mexico-city-grand-prix,perez,2,43,15:08:13,22.174,22174.0
2024,20,Mexico City Grand Prix,mexico-city-grand-prix,colapinto,1,47,15:13:22,23.895,23895.0
2024,20,Mexico City Grand Prix,mexico-city-grand-prix,ocon,1,48,15:14:59,23.245,23245.0
2024,20,Mexico City Grand Prix,mexico-city-grand-prix,bottas,1,49,15:16:16,22.505,22505.0
2024,20,Mexico City Grand Prix,mexico-city-grand-prix,lawson,2,65,15:38:15,30.299,30299.0
2024,20,Mexico City Grand Prix,mexico-city-grand-prix,leclerc,2,69,15:42:04,22.69,22690.0
2024,20,Mexico City Grand Prix,mexico-city-grand-prix,perez,3,68,15:42:41,21.92,21920.0
2024,12,British Grand Prix,british-grand-prix,zhou,1,12,15:22:07,29.178,29178.0
2024,12,British Grand Prix,british-grand-prix,leclerc,1,19,15:32:51,28.481,28481.0
2024,12,British Grand Prix,british-grand-prix,perez,1,19,15:32:59,28.391,28391.0
2024,12,British Grand Prix,british-grand-prix,ocon,1,19,15:33:21,28.495,28495.0
2024,12,British Grand Prix,british-grand-prix,zhou,2,19,15:33:46,29.838,29838.0
2024,12,British Grand Prix,british-grand-prix,ocon,2,21,15:37:02,28.276,28276.0
2024,12,British Grand Prix,british-grand-prix,max_verstappen,1,26,15:43:41,28.365,28365.0
2024,12,British Grand Prix,british-grand-prix,sainz,1,26,15:43:42,29.199,29199.0
2024,12,British Grand Prix,british-grand-prix,hulkenberg,1,26,15:43:59,29.412,29412.0
2024,12,British Grand Prix,british-grand-prix,stroll,1,26,15:44:01,29.023,29023.0
2024,12,British Grand Prix,british-grand-prix,ricciardo,1,26,15:44:23,28.875,28875.0
2024,12,British Grand Prix,british-grand-prix,bottas,1,26,15:44:42,30.628,30628.0
2024,12,British Grand Prix,british-grand-prix,norris,1,27,15:45:13,28.661,28661.0
2024,12,British Grand Prix,british-grand-prix,hamilton,1,27,15:45:17,28.929,28929.0
2024,12,British Grand Prix,british-grand-prix,russell,1,27,15:45:20,32.045,32045.0
2024,12,British Grand Prix,british-grand-prix,alonso,1,27,15:45:51,29.341,29341.0
2024,12,British Grand Prix,british-grand-prix,tsunoda,1,27,15:45:52,,
2024,12,British Grand Prix,british-grand-prix,albon,1,27,15:45:53,34.742,34742.0
2024,12,British Grand Prix,british-grand-prix,ocon,3,26,15:45:57,29.289,29289.0
2024,12,British Grand Prix,british-grand-prix,kevin_magnussen,1,27,15:45:59,30.308,30308.0
2024,12,British Grand Prix,british-grand-prix,sargeant,1,27,15:46:01,32.801,32801.0
2024,12,British Grand Prix,british-grand-prix,zhou,3,26,15:46:39,29.125,29125.0
2024,12,British Grand Prix,british-grand-prix,piastri,1,28,15:47:12,29.541,29541.0
2024,12,British Grand Prix,british-grand-prix,leclerc,2,27,15:47:17,29.233,29233.0
2024,12,British Grand Prix,british-grand-prix,perez,2,28,15:49:13,32.313,32313.000000000004
2024,12,British Grand Prix,british-grand-prix,kevin_magnussen,2,37,16:03:41,29.884,29884.0
2024,12,British Grand Prix,british-grand-prix,ricciardo,2,37,16:03:44,29.873,29873.0
2024,12,British Grand Prix,british-grand-prix,bottas,2,37,16:04:05,31.527,31527.0
2024,12,British Grand Prix,british-grand-prix,hamilton,2,38,16:04:09,30.038,30038.0
2024,12,British Grand Prix,british-grand-prix,max_verstappen,2,38,16:04:14,29.076,29076.0
2024,12,British Grand Prix,british-grand-prix,piastri,2,38,16:04:29,29.2,29200.0
2024,12,British Grand Prix,british-grand-prix,leclerc,3,37,16:04:40,29.166,29166.0
2024,12,British Grand Prix,british-grand-prix,perez,3,37,16:04:59,29.3,29300.0
2024,12,British Grand Prix,british-grand-prix,alonso,2,38,16:05:03,29.686,29686.0
2024,12,British Grand Prix,british-grand-prix,tsunoda,2,38,16:05:07,29.658,29658.0
2024,12,British Grand Prix,british-grand-prix,albon,2,38,16:05:11,29.41,29410.0
2024,12,British Grand Prix,british-grand-prix,sargeant,2,38,16:05:23,29.444,29444.0
2024,12,British Grand Prix,british-grand-prix,norris,2,39,16:05:44,30.387,30387.0
2024,12,British Grand Prix,british-grand-prix,zhou,4,37,16:06:00,33.083,33083.0
2024,12,British Grand Prix,british-grand-prix,sainz,2,39,16:06:06,29.097,29097.0
2024,12,British Grand Prix,british-grand-prix,hulkenberg,2,39,16:06:28,30.265,30265.0
2024,12,British Grand Prix,british-grand-prix,stroll,2,39,16:06:33,29.469,29469.0
2024,12,British Grand Prix,british-grand-prix,ocon,4,38,16:06:52,29.086,29086.0
2024,12,British Grand Prix,british-grand-prix,perez,4,47,16:20:38,28.871,28871.0
2024,12,British Grand Prix,british-grand-prix,sainz,3,50,16:22:59,28.706,28706.0
2024,15,Dutch Grand Prix,dutch-grand-prix,albon,1,12,15:18:56,21.258,21258.0
2024,15,Dutch Grand Prix,dutch-grand-prix,hulkenberg,1,14,15:21:26,21.619,21619.0
2024,15,Dutch Grand Prix,dutch-grand-prix,tsunoda,1,14,15:21:27,21.249,21249.0
2024,15,Dutch Grand Prix,dutch-grand-prix,bottas,1,15,15:22:50,21.095,21095.0
2024,15,Dutch Grand Prix,dutch-grand-prix,zhou,1,18,15:26:53,21.214,21214.0
2024,15,Dutch Grand Prix,dutch-grand-prix,sargeant,1,22,15:32:00,22.03,22030.0
2024,15,Dutch Grand Prix,dutch-grand-prix,hamilton,1,23,15:32:56,21.168,21168.0
2024,15,Dutch Grand Prix,dutch-grand-prix,leclerc,1,24,15:33:57,20.841,20841.0
2024,15,Dutch Grand Prix,dutch-grand-prix,russell,1,25,15:35:11,21.846,21846.0
2024,15,Dutch Grand Prix,dutch-grand-prix,max_verstappen,1,27,15:37:39,20.785,20785.0
2024,15,Dutch Grand Prix,dutch-grand-prix,norris,1,28,15:38:48,21.536,21536.0
2024,15,Dutch Grand Prix,dutch-grand-prix,perez,1,29,15:40:23,22.934,22934.0
2024,15,Dutch Grand Prix,dutch-grand-prix,ricciardo,1,29,15:40:51,20.942,20942.0
2024,15,Dutch Grand Prix,dutch-grand-prix,sainz,1,30,15:41:41,20.84,20840.0
2024,15,Dutch Grand Prix,dutch-grand-prix,stroll,1,30,15:42:05,21.385,21385.0
2024,15,Dutch Grand Prix,dutch-grand-prix,ocon,1,30,15:42:17,21.015,21015.0
2024,15,Dutch Grand Prix,dutch-grand-prix,alonso,1,31,15:43:19,21.348,21348.0
2024,15,Dutch Grand Prix,dutch-grand-prix,gasly,1,32,15:44:31,22.646,22646.0
2024,15,Dutch Grand Prix,dutch-grand-prix,tsunoda,2,32,15:44:50,20.88,20880.0
2024,15,Dutch Grand Prix,dutch-grand-prix,piastri,1,33,15:45:22,20.969,20969.0
2024,15,Dutch Grand Prix,dutch-grand-prix,kevin_magnussen,1,40,15:55:10,21.403,21403.0
2024,15,Dutch Grand Prix,dutch-grand-prix,bottas,2,43,15:59:12,21.273,21273.0
2024,15,Dutch Grand Prix,dutch-grand-prix,hamilton,2,48,16:04:40,21.026,21026.0
2024,15,Dutch Grand Prix,dutch-grand-prix,zhou,2,51,16:09:57,22.044,22044.0
2024,15,Dutch Grand Prix,dutch-grand-prix,russell,2,54,16:12:03,21.159,21159.0
2024,15,Dutch Grand Prix,dutch-grand-prix,albon,2,54,16:13:00,21.016,21016.0
2024,11,Austrian Grand Prix,austrian-grand-prix,leclerc,1,1,15:04:20,31.917,31917.0
2024,11,Austrian Grand Prix,austrian-grand-prix,sargeant,1,1,15:04:23,31.722,31722.0
2024,11,Austrian Grand Prix,austrian-grand-prix,kevin_magnussen,1,10,15:15:02,21.518,21518.0
2024,11,Austrian Grand Prix,austrian-grand-prix,ricciardo,1,10,15:15:04,21.502,21502.0
2024,11,Austrian Grand Prix,austrian-grand-prix,hulkenberg,1,11,15:16:12,22.355,22355.0
2024,11,Austrian Grand Prix,austrian-grand-prix,alonso,1,11,15:16:18,21.483,21483.0
2024,11,Austrian Grand Prix,austrian-grand-prix,albon,1,12,15:17:30,21.878,21878.0
2024,11,Austrian Grand Prix,austrian-grand-prix,leclerc,2,16,15:22:38,21.685,21685.0
2024,11,Austrian Grand Prix,austrian-grand-prix,ocon,1,19,15:25:51,22.291,22291.0
2024,11,Austrian Grand Prix,austrian-grand-prix,bottas,1,19,15:26:01,21.918,21918.0
2024,11,Austrian Grand Prix,austrian-grand-prix,gasly,1,20,15:27:05,21.431,21431.0
2024,11,Austrian Grand Prix,austrian-grand-prix,stroll,1,20,15:27:11,21.399,21399.0
2024,11,Austrian Grand Prix,austrian-grand-prix,sargeant,2,20,15:27:51,22.502,22502.0
2024,11,Austrian Grand Prix,austrian-grand-prix,hamilton,1,21,15:28:03,21.563,21563.0
2024,11,Austrian Grand Prix,austrian-grand-prix,perez,1,21,15:28:10,21.291,21291.0
2024,11,Austrian Grand Prix,austrian-grand-prix,tsunoda,1,21,15:28:21,21.25,21250.0
2024,11,Austrian Grand Prix,austrian-grand-prix,russell,1,22,15:29:09,21.673,21673.0
2024,11,Austrian Grand Prix,austrian-grand-prix,sainz,1,22,15:29:12,21.226,21226.0
2024,11,Austrian Grand Prix,austrian-grand-prix,max_verstappen,1,23,15:30:10,21.899,21899.0
2024,11,Austrian Grand Prix,austrian-grand-prix,norris,1,23,15:30:16,21.617,21617.0
2024,11,Austrian Grand Prix,austrian-grand-prix,piastri,1,25,15:32:49,20.978,20978.0
2024,11,Austrian Grand Prix,austrian-grand-prix,zhou,1,28,15:37:09,23.198,23198.0
2024,11,Austrian Grand Prix,austrian-grand-prix,leclerc,3,33,15:43:03,22.243,22243.0
2024,11,Austrian Grand Prix,austrian-grand-prix,alonso,2,35,15:45:19,33.947,33947.0
2024,11,Austrian Grand Prix,austrian-grand-prix,ricciardo,2,37,15:47:39,21.093,21093.0
2024,11,Austrian Grand Prix,austrian-grand-prix,kevin_magnussen,2,38,15:48:49,21.832,21832.0
2024,11,Austrian Grand Prix,austrian-grand-prix,hulkenberg,2,39,15:49:55,21.814,21814.0
2024,11,Austrian Grand Prix,austrian-grand-prix,albon,2,39,15:50:11,21.692,21692.0
2024,11,Austrian Grand Prix,austrian-grand-prix,gasly,2,42,15:53:40,22.043,22043.0
2024,11,Austrian Grand Prix,austrian-grand-prix,bottas,2,42,15:53:49,21.991,21991.0
2024,11,Austrian Grand Prix,austrian-grand-prix,ocon,2,43,15:54:52,21.231,21231.0
2024,11,Austrian Grand Prix,austrian-grand-prix,stroll,2,43,15:54:58,21.302,21302.0
2024,11,Austrian Grand Prix,austrian-grand-prix,tsunoda,2,44,15:56:07,23.444,23444.0
2024,11,Austrian Grand Prix,austrian-grand-prix,russell,2,46,15:57:41,21.229,21229.0
2024,11,Austrian Grand Prix,austrian-grand-prix,sainz,2,47,15:58:55,21.283,21283.0
2024,11,Austrian Grand Prix,austrian-grand-prix,sargeant,3,49,16:03:04,22.093,22093.0
2024,11,Austrian Grand Prix,austrian-grand-prix,max_verstappen,2,51,16:03:13,25.841,25841.0
2024,11,Austrian Grand Prix,austrian-grand-prix,norris,2,51,16:03:21,21.411,21411.0
2024,11,Austrian Grand Prix,austrian-grand-prix,piastri,2,51,16:03:40,20.775,20775.0
2024,11,Austrian Grand Prix,austrian-grand-prix,perez,2,51,16:04:03,27.5,27500.0
2024,11,Austrian Grand Prix,austrian-grand-prix,leclerc,4,51,16:04:33,20.903,20903.0
2024,11,Austrian Grand Prix,austrian-grand-prix,zhou,2,51,16:05:02,21.594,21594.0
2024,11,Austrian Grand Prix,austrian-grand-prix,hamilton,2,53,16:06:06,27.281,27281.0
2024,11,Austrian Grand Prix,austrian-grand-prix,max_verstappen,3,64,16:19:06,22.729,22729.0
2024,11,Austrian Grand Prix,austrian-grand-prix,alonso,3,68,16:25:31,22.487,22487.0
2024,24,Abu Dhabi Grand Prix,abu-dhabi-grand-prix,colapinto,1,3,17:09:29,24.941,24941.0
2024,24,Abu Dhabi Grand Prix,abu-dhabi-grand-prix,piastri,1,4,17:10:26,23.582,23582.0
2024,24,Abu Dhabi Grand Prix,abu-dhabi-grand-prix,bottas,1,6,17:13:23,41.144,41144.0
2024,24,Abu Dhabi Grand Prix,abu-dhabi-grand-prix,stroll,1,11,17:20:50,23.266,23266.0
2024,24,Abu Dhabi Grand Prix,abu-dhabi-grand-prix,kevin_magnussen,1,12,17:22:19,26.363,26363.0
2024,24,Abu Dhabi Grand Prix,abu-dhabi-grand-prix,zhou,1,12,17:22:26,23.024,23024.0
2024,24,Abu Dhabi Grand Prix,abu-dhabi-grand-prix,albon,1,12,17:22:27,22.065,22065.0
2024,24,Abu Dhabi Grand Prix,abu-dhabi-grand-prix,hulkenberg,1,13,17:23:45,21.53,21530.0
2024,24,Abu Dhabi Grand Prix,abu-dhabi-grand-prix,alonso,1,13,17:23:49,23.326,23326.0
2024,24,Abu Dhabi Grand Prix,abu-dhabi-grand-prix,gasly,1,14,17:25:11,22.059,22059.0
2024,24,Abu Dhabi Grand Prix,abu-dhabi-grand-prix,leclerc,1,20,17:34:12,21.869,21869.0
2024,24,Abu Dhabi Grand Prix,abu-dhabi-grand-prix,tsunoda,1,22,17:37:40,21.869,21869.0
2024,24,Abu Dhabi Grand Prix,abu-dhabi-grand-prix,doohan,1,22,17:37:42,22.08,22080.0
2024,24,Abu Dhabi Grand Prix,abu-dhabi-grand-prix,lawson,1,23,17:39:04,23.415,23415.0
2024,24,Abu Dhabi Grand Prix,abu-dhabi-grand-prix,lawson,2,24,17:41:00,22.565,22565.0
2024,24,Abu Dhabi Grand Prix,abu-dhabi-grand-prix,sainz,1,25,17:41:22,21.28,21280.0
2024,24,Abu Dhabi Grand Prix,abu-dhabi-grand-prix,norris,1,26,17:42:49,21.276,21276.0
2024,24,Abu Dhabi Grand Prix,abu-dhabi-grand-prix,russell,1,26,17:43:11,21.656,21656.0
2024,24,Abu Dhabi Grand Prix,abu-dhabi-grand-prix,max_verstappen,1,29,17:47:46,32.652,32652.0
2024,24,Abu Dhabi Grand Prix,abu-dhabi-grand-prix,kevin_magnussen,2,29,17:48:18,21.678,21678.0
2024,24,Abu Dhabi Grand Prix,abu-dhabi-grand-prix,lawson,3,29,17:48:52,32.317,32317.0
2024,24,Abu Dhabi Grand Prix,abu-dhabi-grand-prix,kevin_magnussen,3,30,17:50:20,22.815,22815.0
2024,24,Abu Dhabi Grand Prix,abu-dhabi-grand-prix,piastri,2,32,17:52:42,32.774,32774.0
2024,24,Abu Dhabi Grand Prix,abu-dhabi-grand-prix,stroll,2,32,17:52:48,22.053,22053.0
2024,24,Abu Dhabi Grand Prix,abu-dhabi-grand-prix,hamilton,1,34,17:55:17,21.694,21694.0
2024,24,Abu Dhabi Grand Prix,abu-dhabi-grand-prix,alonso,2,37,18:00:10,22.437,22437.0
2024,24,Abu Dhabi Grand Prix,abu-dhabi-grand-prix,zhou,2,39,18:03:21,28.765,28765.0
2024,24,Abu Dhabi Grand Prix,abu-dhabi-grand-prix,kevin_magnussen,4,55,18:28:06,22.09,22090.0
2024,23,Qatar Grand Prix,qatar-grand-prix,stroll,1,1,19:05:45,29.783,29783.0
2024,23,Qatar Grand Prix,qatar-grand-prix,hulkenberg,1,1,19:06:14,32.957,32957.0
2024,23,Qatar Grand Prix,qatar-grand-prix,stroll,2,7,19:17:19,41.674,41674.0
2024,23,Qatar Grand Prix,qatar-grand-prix,russell,1,23,19:39:53,32.309,32308.999999999996
2024,23,Qatar Grand Prix,qatar-grand-prix,bottas,1,24,19:41:56,29.034,29034.0
2024,23,Qatar Grand Prix,qatar-grand-prix,kevin_magnussen,1,27,19:46:04,28.543,28543.0
2024,23,Qatar Grand Prix,qatar-grand-prix,hulkenberg,2,31,19:52:08,28.343,28343.0
2024,23,Qatar Grand Prix,qatar-grand-prix,piastri,1,34,19:55:28,27.818,27818.0
2024,23,Qatar Grand Prix,qatar-grand-prix,sainz,1,34,19:55:52,36.143,36143.0
2024,23,Qatar Grand Prix,qatar-grand-prix,hamilton,1,34,19:56:36,37.915,37915.0
2024,23,Qatar Grand Prix,qatar-grand-prix,max_verstappen,1,35,19:56:43,28.303,28303.0
2024,23,Qatar Grand Prix,qatar-grand-prix,norris,1,35,19:56:47,28.024,28024.0
2024,23,Qatar Grand Prix,qatar-grand-prix,leclerc,1,35,19:57:03,28.46,28460.0
2024,23,Qatar Grand Prix,qatar-grand-prix,perez,1,35,19:57:29,28.088,28088.0
2024,23,Qatar Grand Prix,qatar-grand-prix,gasly,1,35,19:57:50,28.792,28792.0
2024,23,Qatar Grand Prix,qatar-grand-prix,russell,2,35,19:57:59,27.87,27870.0
2024,23,Qatar Grand Prix,qatar-grand-prix,alonso,1,35,19:58:01,28.628,28628.0
2024,23,Qatar Grand Prix,qatar-grand-prix,zhou,1,35,19:58:03,29.085,29085.0
2024,23,Qatar Grand Prix,qatar-grand-prix,tsunoda,1,35,19:58:23,29.024,29024.0
2024,23,Qatar Grand Prix,qatar-grand-prix,albon,1,35,19:58:26,29.179,29179.0
2024,23,Qatar Grand Prix,qatar-grand-prix,lawson,1,35,19:58:28,45.049,45049.0
2024,23,Qatar Grand Prix,qatar-grand-prix,max_verstappen,2,36,19:59:32,23.884,23884.0
2024,23,Qatar Grand Prix,qatar-grand-prix,hamilton,2,35,19:59:34,23.412,23412.0
2024,23,Qatar Grand Prix,qatar-grand-prix,bottas,2,35,19:59:35,28.968,28968.0
2024,23,Qatar Grand Prix,qatar-grand-prix,norris,2,36,19:59:37,25.592,25592.0
2024,23,Qatar Grand Prix,qatar-grand-prix,leclerc,2,36,19:59:40,25.675,25675.0
2024,23,Qatar Grand Prix,qatar-grand-prix,piastri,2,36,19:59:44,22.867,22867.0
2024,23,Qatar Grand Prix,qatar-grand-prix,perez,2,36,19:59:53,22.705,22705.0
2024,23,Qatar Grand Prix,qatar-grand-prix,gasly,2,36,20:00:12,22.717,22717.0
2024,23,Qatar Grand Prix,qatar-grand-prix,russell,3,36,20:00:22,22.763,22763.0
2024,23,Qatar Grand Prix,qatar-grand-prix,sainz,2,36,20:00:24,22.776,22776.0
2024,23,Qatar Grand Prix,qatar-grand-prix,alonso,2,36,20:00:27,28.592,28592.0
2024,23,Qatar Grand Prix,qatar-grand-prix,zhou,2,36,20:00:29,23.228,23228.0
2024,23,Qatar Grand Prix,qatar-grand-prix,kevin_magnussen,2,36,20:00:33,22.696,22696.0
2024,23,Qatar Grand Prix,qatar-grand-prix,tsunoda,2,36,20:00:47,22.714,22714.0
2024,23,Qatar Grand Prix,qatar-grand-prix,albon,2,36,20:00:48,22.71,22710.0
2024,23,Qatar Grand Prix,qatar-grand-prix,hulkenberg,3,36,20:00:50,23.81,23810.0
2024,23,Qatar Grand Prix,qatar-grand-prix,lawson,2,36,20:01:08,22.737,22737.0
2024,23,Qatar Grand Prix,qatar-grand-prix,max_verstappen,3,37,20:02:21,22.703,22703.0
2024,23,Qatar Grand Prix,qatar-grand-prix,hamilton,3,36,20:02:23,26.815,26815.0
2024,23,Qatar Grand Prix,qatar-grand-prix,norris,3,37,20:02:24,28.746,28746.0
2024,23,Qatar Grand Prix,qatar-grand-prix,bottas,3,36,20:02:25,28.14,28140.0
2024,23,Qatar Grand Prix,qatar-grand-prix,leclerc,3,37,20:02:26,28.983,28983.0
2024,23,Qatar Grand Prix,qatar-grand-prix,piastri,3,37,20:02:28,29.326,29326.0
2024,23,Qatar Grand Prix,qatar-grand-prix,perez,3,37,20:02:30,29.459,29459.0
2024,23,Qatar Grand Prix,qatar-grand-prix,gasly,3,37,20:02:33,30.488,30488.0
2024,23,Qatar Grand Prix,qatar-grand-prix,russell,4,37,20:02:34,34.037,34037.0
2024,23,Qatar Grand Prix,qatar-grand-prix,sainz,3,37,20:02:35,34.356,34356.0
2024,23,Qatar Grand Prix,qatar-grand-prix,zhou,3,37,20:02:37,34.818,34818.0
2024,23,Qatar Grand Prix,qatar-grand-prix,alonso,3,37,20:02:41,32.811,32811.0
2024,23,Qatar Grand Prix,qatar-grand-prix,kevin_magnussen,3,37,20:02:42,33.363,33363.0
2024,23,Qatar Grand Prix,qatar-grand-prix,tsunoda,3,37,20:02:45,35.849,35849.0
2024,23,Qatar Grand Prix,qatar-grand-prix,albon,3,37,20:02:46,36.548,36548.0
2024,23,Qatar Grand Prix,qatar-grand-prix,hulkenberg,4,37,20:02:48,37.692,37692.0
2024,23,Qatar Grand Prix,qatar-grand-prix,lawson,3,37,20:03:03,26.79,26790.0
2024,23,Qatar Grand Prix,qatar-grand-prix,tsunoda,4,40,20:09:21,29.271,29271.0
2024,23,Qatar Grand Prix,qatar-grand-prix,lawson,4,40,20:09:24,34.655,34655.0
2024,23,Qatar Grand Prix,qatar-grand-prix,norris,4,45,20:17:59,36.069,36069.0
2024,23,Qatar Grand Prix,qatar-grand-prix,hamilton,4,47,20:21:04,22.705,22705.0
2024,23,Qatar Grand Prix,qatar-grand-prix,albon,4,55,20:32:43,39.687,39687.0
2024,18,Singapore Grand Prix,singapore-grand-prix,ricciardo,1,10,20:20:46,30.316,30316.0
2024,18,Singapore Grand Prix,singapore-grand-prix,albon,1,11,20:22:22,29.126,29126.0
2024,18,Singapore Grand Prix,singapore-grand-prix,sainz,1,13,20:25:37,29.385,29385.0
2024,18,Singapore Grand Prix,singapore-grand-prix,hamilton,1,17,20:31:54,29.272,29272.0
2024,18,Singapore Grand Prix,singapore-grand-prix,alonso,1,25,20:45:21,29.251,29251.0
2024,18,Singapore Grand Prix,singapore-grand-prix,stroll,1,26,20:47:31,29.816,29816.0
2024,18,Singapore Grand Prix,singapore-grand-prix,russell,1,27,20:48:22,28.739,28739.0
2024,18,Singapore Grand Prix,singapore-grand-prix,perez,1,28,20:50:26,28.99,28990.0
2024,18,Singapore Grand Prix,singapore-grand-prix,kevin_magnussen,1,28,20:50:47,29.707,29707.0
2024,18,Singapore Grand Prix,singapore-grand-prix,max_verstappen,1,29,20:51:28,29.655,29655.0
2024,18,Singapore Grand Prix,singapore-grand-prix,hulkenberg,1,29,20:52:00,29.808,29808.0
2024,18,Singapore Grand Prix,singapore-grand-prix,colapinto,1,29,20:52:02,29.772,29772.0
2024,18,Singapore Grand Prix,singapore-grand-prix,ocon,1,29,20:52:22,29.601,29601.0
2024,18,Singapore Grand Prix,singapore-grand-prix,norris,1,30,20:52:44,29.091,29091.0
2024,18,Singapore Grand Prix,singapore-grand-prix,tsunoda,1,33,20:58:54,29.662,29662.0
2024,18,Singapore Grand Prix,singapore-grand-prix,bottas,1,33,20:59:22,30.423,30423.0
2024,18,Singapore Grand Prix,singapore-grand-prix,zhou,1,34,21:01:01,29.36,29360.0
2024,18,Singapore Grand Prix,singapore-grand-prix,leclerc,1,36,21:03:29,29.042,29042.0
2024,18,Singapore Grand Prix,singapore-grand-prix,gasly,1,37,21:06:04,31.509,31509.0
2024,18,Singapore Grand Prix,singapore-grand-prix,piastri,1,38,21:06:22,29.152,29152.0
2024,18,Singapore Grand Prix,singapore-grand-prix,ricciardo,2,46,21:20:58,29.066,29066.0
2024,18,Singapore Grand Prix,singapore-grand-prix,kevin_magnussen,2,49,21:26:52,31.291,31291.0
2024,18,Singapore Grand Prix,singapore-grand-prix,ricciardo,3,58,21:40:58,29.653,29653.0
2024,6,Miami Grand Prix,miami-grand-prix,albon,1,10,16:19:16,22.828,22828.0
2024,6,Miami Grand Prix,miami-grand-prix,stroll,1,11,16:20:48,23.038,23038.0
2024,6,Miami Grand Prix,miami-grand-prix,sargeant,1,11,16:20:52,22.611,22611.0
2024,6,Miami Grand Prix,miami-grand-prix,bottas,1,11,16:20:55,23.73,23730.0
2024,6,Miami Grand Prix,miami-grand-prix,hulkenberg,1,12,16:22:21,23.055,23055.0
2024,6,Miami Grand Prix,miami-grand-prix,gasly,1,12,16:22:22,22.466,22466.0
2024,6,Miami Grand Prix,miami-grand-prix,perez,1,17,16:29:57,21.695,21695.0
2024,6,Miami Grand Prix,miami-grand-prix,leclerc,1,19,16:32:56,21.825,21825.0
2024,6,Miami Grand Prix,miami-grand-prix,ocon,1,22,16:38:08,22.663,22663.0
2024,6,Miami Grand Prix,miami-grand-prix,alonso,1,22,16:38:11,22.374,22374.0
2024,6,Miami Grand Prix,miami-grand-prix,kevin_magnussen,1,22,16:38:18,23.265,23265.0
2024,6,Miami Grand Prix,miami-grand-prix,max_verstappen,1,23,16:39:17,22.187,22187.0
2024,6,Miami Grand Prix,miami-grand-prix,russell,1,24,16:41:18,22.8,22800.0
2024,6,Miami Grand Prix,miami-grand-prix,hamilton,1,26,16:44:23,22.107,22107.0
2024,6,Miami Grand Prix,miami-grand-prix,piastri,1,27,16:45:31,22.216,22216.0
2024,6,Miami Grand Prix,miami-grand-prix,sainz,1,27,16:45:33,22.805,22805.0
2024,6,Miami Grand Prix,miami-grand-prix,perez,2,28,16:47:40,22.396,22396.0
2024,6,Miami Grand Prix,miami-grand-prix,tsunoda,1,28,16:47:44,22.153,22153.0
2024,6,Miami Grand Prix,miami-grand-prix,zhou,1,28,16:48:01,23.017,23017.0
2024,6,Miami Grand Prix,miami-grand-prix,ricciardo,1,28,16:48:05,22.54,22540.0
2024,6,Miami Grand Prix,miami-grand-prix,hulkenberg,2,28,16:48:13,22.487,22487.0
2024,6,Miami Grand Prix,miami-grand-prix,stroll,2,28,16:48:15,22.631,22631.0
2024,6,Miami Grand Prix,miami-grand-prix,kevin_magnussen,2,28,16:48:47,29.727,29727.0
2024,6,Miami Grand Prix,miami-grand-prix,norris,1,29,16:49:15,22.041,22041.0
2024,6,Miami Grand Prix,miami-grand-prix,bottas,2,29,16:50:34,22.765,22765.0
2024,6,Miami Grand Prix,miami-grand-prix,kevin_magnussen,3,31,16:54:36,30.732,30732.0
2024,6,Miami Grand Prix,miami-grand-prix,piastri,2,40,17:08:34,30.409,30409.0
2024,6,Miami Grand Prix,miami-grand-prix,albon,2,53,17:29:03,22.567,22567.0
2024,16,Italian Grand Prix,italian-grand-prix,hulkenberg,1,5,15:10:58,38.875,38875.0
2024,16,Italian Grand Prix,italian-grand-prix,gasly,1,10,15:18:08,24.335,24335.0
2024,16,Italian Grand Prix,italian-grand-prix,russell,1,11,15:19:22,32.696,32695.999999999996
2024,16,Italian Grand Prix,italian-grand-prix,ricciardo,1,11,15:19:31,30.317,30317.0
2024,16,Italian Grand Prix,italian-grand-prix,alonso,1,12,15:20:54,24.866,24866.0
2024,16,Italian Grand Prix,italian-grand-prix,norris,1,14,15:23:26,24.169,24169.0
2024,16,Italian Grand Prix,italian-grand-prix,kevin_magnussen,1,14,15:23:48,25.672,25672.0
2024,16,Italian Grand Prix,italian-grand-prix,leclerc,1,15,15:24:52,24.551,24551.0
2024,16,Italian Grand Prix,italian-grand-prix,hamilton,1,15,15:24:58,24.469,24469.0
2024,16,Italian Grand Prix,italian-grand-prix,zhou,1,15,15:25:28,27.138,27138.0
2024,16,Italian Grand Prix,italian-grand-prix,piastri,1,16,15:26:13,23.793,23793.0
2024,16,Italian Grand Prix,italian-grand-prix,colapinto,1,16,15:26:50,25.147,25147.0
2024,16,Italian Grand Prix,italian-grand-prix,albon,1,17,15:28:04,24.801,24801.0
2024,16,Italian Grand Prix,italian-grand-prix,sainz,1,19,15:30:37,24.313,24313.0
2024,16,Italian Grand Prix,italian-grand-prix,stroll,1,19,15:31:07,24.98,24980.0
2024,16,Italian Grand Prix,italian-grand-prix,max_verstappen,1,22,15:34:56,28.198,28198.0
2024,16,Italian Grand Prix,italian-grand-prix,perez,1,23,15:36:25,24.728,24728.0
2024,16,Italian Grand Prix,italian-grand-prix,gasly,2,30,15:47:05,24.203,24203.0
2024,16,Italian Grand Prix,italian-grand-prix,ocon,1,31,15:48:20,24.146,24146.0
2024,16,Italian Grand Prix,italian-grand-prix,norris,2,32,15:48:59,24.87,24870.0
2024,16,Italian Grand Prix,italian-grand-prix,hulkenberg,2,32,15:50:05,36.576,36576.0
2024,16,Italian Grand Prix,italian-grand-prix,russell,2,33,15:50:51,26.297,26297.0
2024,16,Italian Grand Prix,italian-grand-prix,bottas,1,33,15:51:24,24.41,24410.0
2024,16,Italian Grand Prix,italian-grand-prix,perez,2,35,15:53:38,24.03,24030.0
2024,16,Italian Grand Prix,italian-grand-prix,alonso,2,35,15:53:55,24.501,24501.0
2024,16,Italian Grand Prix,italian-grand-prix,stroll,2,36,15:55:36,24.209,24209.0
2024,16,Italian Grand Prix,italian-grand-prix,hamilton,2,37,15:56:11,24.155,24155.0
2024,16,Italian Grand Prix,italian-grand-prix,piastri,2,38,15:57:15,24.67,24670.0
2024,16,Italian Grand Prix,italian-grand-prix,max_verstappen,2,41,16:01:54,24.15,24150.0
2024,16,Italian Grand Prix,italian-grand-prix,stroll,3,50,16:15:41,25.269,25269.0
2024,17,Azerbaijan Grand Prix,azerbaijan-grand-prix,stroll,1,1,15:06:20,21.123,21123.0
2024,17,Azerbaijan Grand Prix,azerbaijan-grand-prix,colapinto,1,10,15:22:39,20.596,20596.0
2024,17,Azerbaijan Grand Prix,azerbaijan-grand-prix,alonso,1,11,15:24:27,20.073,20073.0
2024,17,Azerbaijan Grand Prix,azerbaijan-grand-prix,bottas,1,11,15:25:01,20.045,20045.0
2024,17,Azerbaijan Grand Prix,azerbaijan-grand-prix,max_verstappen,1,12,15:26:10,21.145,21145.0
2024,17,Azerbaijan Grand Prix,azerbaijan-grand-prix,russell,1,12,15:26:14,19.954,19954.0
2024,17,Azerbaijan Grand Prix,azerbaijan-grand-prix,hamilton,1,12,15:26:34,21.289,21289.0
2024,17,Azerbaijan Grand Prix,azerbaijan-grand-prix,tsunoda,1,12,15:26:54,20.922,20922.0
2024,17,Azerbaijan Grand Prix,azerbaijan-grand-prix,perez,1,13,15:27:51,20.63,20630.0
2024,17,Azerbaijan Grand Prix,azerbaijan-grand-prix,bearman,1,14,15:30:09,21.276,21276.0
2024,17,Azerbaijan Grand Prix,azerbaijan-grand-prix,piastri,1,15,15:31:28,20.181,20181.0
2024,17,Azerbaijan Grand Prix,azerbaijan-grand-prix,hulkenberg,1,15,15:31:57,21.617,21617.0
2024,17,Azerbaijan Grand Prix,azerbaijan-grand-prix,leclerc,1,16,15:33:13,20.671,20671.0
2024,17,Azerbaijan Grand Prix,azerbaijan-grand-prix,sainz,1,17,15:35:11,21.483,21483.0
2024,17,Azerbaijan Grand Prix,azerbaijan-grand-prix,stroll,2,22,15:45:17,20.214,20214.0
2024,17,Azerbaijan Grand Prix,azerbaijan-grand-prix,albon,1,31,16:00:54,20.287,20287.0
2024,17,Azerbaijan Grand Prix,azerbaijan-grand-prix,zhou,1,34,16:07:12,20.52,20520.0
2024,17,Azerbaijan Grand Prix,azerbaijan-grand-prix,norris,1,37,16:11:41,19.712,19712.0
2024,17,Azerbaijan Grand Prix,azerbaijan-grand-prix,max_verstappen,2,49,16:33:13,20.725,20725.0
2024,17,Azerbaijan Grand Prix,azerbaijan-grand-prix,ricciardo,1,49,16:34:12,21.984,21984.0
2024,17,Azerbaijan Grand Prix,azerbaijan-grand-prix,ocon,1,49,16:34:42,20.634,20634.0
2024,17,Azerbaijan Grand Prix,azerbaijan-grand-prix,gasly,1,50,16:36:20,20.257,20257.0
