season,round,race_name,race_slug,driver_id,driver_number,driver_code,driver_name,constructor_name,quali_position,q1,q2,q3,q1_ms,q2_ms,q3_ms,best_quali_ms
2024,7,Emilia Romagna Grand Prix,emilia-romagna-grand-prix,max_verstappen,1,VER,Max Verstappen,Red Bull,1,1:15.762,1:15.176,1:14.746,75762.0,75176.0,74746.0,74746.0
2024,7,Emilia Romagna Grand Prix,emilia-romagna-grand-prix,piastri,81,PIA,Oscar Piastri,McLaren,2,1:15.940,1:15.407,1:14.820,75940.0,75407.0,74820.0,74820.0
2024,7,Emilia Romagna Grand Prix,emilia-romagna-grand-prix,norris,4,NOR,Lando Norris,McLaren,3,1:15.915,1:15.371,1:14.837,75915.0,75371.0,74837.0,74837.0
2024,7,Emilia Romagna Grand Prix,emilia-romagna-grand-prix,leclerc,16,LEC,Charles Leclerc,Ferrari,4,1:15.823,1:15.328,1:14.970,75823.0,75328.0,74970.0,74970.0
2024,7,Emilia Romagna Grand Prix,emilia-romagna-grand-prix,sainz,55,SAI,Carlos Sainz,Ferrari,5,1:16.015,1:15.512,1:15.233,76015.0,75512.0,75233.0,75233.0
2024,7,Emilia Romagna Grand Prix,emilia-romagna-grand-prix,russell,63,RUS,George Russell,Mercedes,6,1:16.107,1:15.671,1:15.234,76107.0,75671.0,75234.0,75234.0
2024,7,Emilia Romagna Grand Prix,emilia-romagna-grand-prix,tsunoda,22,TSU,Yuki Tsunoda,RB F1 Team,7,1:15.894,1:15.358,1:15.465,75894.0,75358.0,75465.0,75358.0
2024,7,Emilia Romagna Grand Prix,emilia-romagna-grand-prix,hamilton,44,HAM,Lewis Hamilton,Mercedes,8,1:16.604,1:15.677,1:15.504,76604.0,75677.0,75504.0,75504.0
2024,7,Emilia Romagna Grand Prix,emilia-romagna-grand-prix,ricciardo,3,RIC,Daniel Ricciardo,RB F1 Team,9,1:16.060,1:15.691,1:15.674,76060.0,75691.0,75674.0,75674.0
2024,7,Emilia Romagna Grand Prix,emilia-romagna-grand-prix,hulkenberg,27,HUL,Nico Hulkenberg,Haas F1 Team,10,1:15.841,1:15.569,1:15.980,75841.0,75569.0,75980.0,75569.0
2024,7,Emilia Romagna Grand Prix,emilia-romagna-grand-prix,perez,11,PER,Sergio Perez,Red Bull,11,1:16.404,1:15.706,,76404.0,75706.0,,75706.0
2024,7,Emilia Romagna Grand Prix,emilia-romagna-grand-prix,ocon,31,OCO,Esteban Ocon,Alpine F1 Team,12,1:16.361,1:15.906,,76361.0,75906.0,,75906.0
2024,7,Emilia Romagna Grand Prix,emilia-romagna-grand-prix,stroll,18,STR,Lance Stroll,Aston Martin,13,1:16.458,1:15.992,,76458.0,75992.0,,75992.0
2024,7,Emilia Romagna Grand Prix,emilia-romagna-grand-prix,albon,23,ALB,Alexander Albon,Williams,14,1:16.524,1:16.200,,76524.0,76200.0,,76200.0
2024,7,Emilia Romagna Grand Prix,emilia-romagna-grand-prix,gasly,10,GAS,Pierre Gasly,Alpine F1 Team,15,1:16.015,1:16.381,,76015.0,76381.0,,76015.0
2024,7,Emilia Romagna Grand Prix,emilia-romagna-grand-prix,bottas,77,BOT,Valtteri Bottas,Sauber,16,1:16.626,,,76626.0,,,76626.0
2024,7,Emilia Romagna Grand Prix,emilia-romagna-grand-prix,zhou,24,ZHO,Guanyu Zhou,Sauber,17,1:16.834,,,76834.0,,,76834.0
2024,7,Emilia Romagna Grand Prix,emilia-romagna-grand-prix,kevin_magnussen,20,MAG,Kevin Magnussen,Haas F1 Team,18,1:16.854,,,76854.0,,,76854.0
2024,7,Emilia Romagna Grand Prix,emilia-romagna-grand-prix,alonso,14,ALO,Fernando Alonso,Aston Martin,19,1:16.917,,,76917.0,,,76917.0
2024,7,Emilia Romagna Grand Prix,emilia-romagna-grand-prix,sargeant,2,SAR,Logan Sargeant,Williams,20,,,,,,,
2024,9,Canadian Grand Prix,canadian-grand-prix,russell,63,RUS,George Russell,Mercedes,1,1:13.013,1:11.742,1:12.000,73013.0,71742.0,72000.0,71742.0
2024,9,Canadian Grand Prix,canadian-grand-prix,max_verstappen,1,VER,Max Verstappen,Red Bull,2,1:12.360,1:12.549,1:12.000,72360.0,72549.0,72000.0,72000.0
2024,9,Canadian Grand Prix,canadian-grand-prix,norris,4,NOR,Lando Norris,McLaren,3,1:12.959,1:12.201,1:12.021,72959.0,72201.0,72021.0,72021.0
2024,9,Canadian Grand Prix,canadian-grand-prix,piastri,81,PIA,Oscar Piastri,McLaren,4,1:12.907,1:12.462,1:12.103,72907.0,72462.0,72103.0,72103.0
2024,9,Canadian Grand Prix,canadian-grand-prix,ricciardo,3,RIC,Daniel Ricciardo,RB F1 Team,5,1:13.240,1:12.572,1:12.178,73240.0,72572.0,72178.0,72178.0
2024,9,Canadian Grand Prix,canadian-grand-prix,alonso,14,ALO,Fernando Alonso,Aston Martin,6,1:13.117,1:12.635,1:12.228,73117.0,72635.0,72228.0,72228.0
2024,9,Canadian Grand Prix,canadian-grand-prix,hamilton,44,HAM,Lewis Hamilton,Mercedes,7,1:12.851,1:11.979,1:12.280,72851.0,71979.0,72280.0,71979.0
2024,9,Canadian Grand Prix,canadian-grand-prix,tsunoda,22,TSU,Yuki Tsunoda,RB F1 Team,8,1:12.748,1:12.303,1:12.414,72748.0,72303.0,72414.0,72303.0
2024,9,Canadian Grand Prix,canadian-grand-prix,stroll,18,STR,Lance Stroll,Aston Martin,9,1:13.088,1:12.659,1:12.701,73088.0,72659.0,72701.0,72659.0
2024,9,Canadian Grand Prix,canadian-grand-prix,albon,23,ALB,Alexander Albon,Williams,10,1:12.896,1:12.485,1:12.796,72896.0,72485.0,72796.0,72485.0
2024,9,Canadian Grand Prix,canadian-grand-prix,leclerc,16,LEC,Charles Leclerc,Ferrari,11,1:13.107,1:12.691,,73107.0,72691.0,,72691.0
2024,9,Canadian Grand Prix,canadian-grand-prix,sainz,55,SAI,Carlos Sainz,Ferrari,12,1:13.038,1:12.728,,73038.0,72728.0,,72728.0
2024,9,Canadian Grand Prix,canadian-grand-prix,sargeant,2,SAR,Logan Sargeant,Williams,13,1:13.063,1:12.736,,73063.0,72736.0,,72736.0
2024,9,Canadian Grand Prix,canadian-grand-prix,kevin_magnussen,20,MAG,Kevin Magnussen,Haas F1 Team,14,1:13.217,1:12.916,,73217.0,72916.0,,72916.0
2024,9,Canadian Grand Prix,canadian-grand-prix,gasly,10,GAS,Pierre Gasly,Alpine F1 Team,15,1:13.289,1:12.940,,73289.0,72940.0,,72940.0
2024,9,Canadian Grand Prix,canadian-grand-prix,perez,11,PER,Sergio Perez,Red Bull,16,1:13.326,,,73326.0,,,73326.0
2024,9,Canadian Grand Prix,canadian-grand-prix,bottas,77,BOT,Valtteri Bottas,Sauber,17,1:13.366,,,73366.0,,,73366.0
2024,9,Canadian Grand Prix,canadian-grand-prix,ocon,31,OCO,Esteban Ocon,Alpine F1 Team,18,1:13.435,,,73435.0,,,73435.0
2024,9,Canadian Grand Prix,canadian-grand-prix,hulkenberg,27,HUL,Nico Hulkenberg,Haas F1 Team,19,1:13.978,,,73978.0,,,73978.0
2024,9,Canadian Grand Prix,canadian-grand-prix,zhou,24,ZHO,Guanyu Zhou,Sauber,20,1:14.292,,,74292.0,,,74292.0
2024,8,Monaco Grand Prix,monaco-grand-prix,leclerc,16,LEC,Charles Leclerc,Ferrari,1,1:11.584,1:10.825,1:10.270,71584.0,70825.0,70270.0,70270.0
2024,8,Monaco Grand Prix,monaco-grand-prix,piastri,81,PIA,Oscar Piastri,McLaren,2,1:11.500,1:10.756,1:10.424,71500.0,70756.0,70424.0,70424.0
2024,8,Monaco Grand Prix,monaco-grand-prix,sainz,55,SAI,Carlos Sainz,Ferrari,3,1:11.543,1:11.075,1:10.518,71543.0,71075.0,70518.0,70518.0
2024,8,Monaco Grand Prix,monaco-grand-prix,norris,4,NOR,Lando Norris,McLaren,4,1:11.760,1:10.732,1:10.542,71760.0,70732.0,70542.0,70542.0
2024,8,Monaco Grand Prix,monaco-grand-prix,russell,63,RUS,George Russell,Mercedes,5,1:11.492,1:10.929,1:10.543,71492.0,70929.0,70543.0,70543.0
2024,8,Monaco Grand Prix,monaco-grand-prix,max_verstappen,1,VER,Max Verstappen,Red Bull,6,1:11.711,1:10.745,1:10.567,71711.0,70745.0,70567.0,70567.0
2024,8,Monaco Grand Prix,monaco-grand-prix,hamilton,44,HAM,Lewis Hamilton,Mercedes,7,1:11.528,1:11.056,1:10.621,71528.0,71056.0,70621.0,70621.0
2024,8,Monaco Grand Prix,monaco-grand-prix,tsunoda,22,TSU,Yuki Tsunoda,RB F1 Team,8,1:11.852,1:11.106,1:10.858,71852.0,71106.0,70858.0,70858.0
2024,8,Monaco Grand Prix,monaco-grand-prix,albon,23,ALB,Alexander Albon,Williams,9,1:11.623,1:11.216,1:10.948,71623.0,71216.0,70948.0,70948.0
2024,8,Monaco Grand Prix,monaco-grand-prix,gasly,10,GAS,Pierre Gasly,Alpine F1 Team,10,1:11.714,1:10.896,1:11.311,71714.0,70896.0,71311.0,70896.0
2024,8,Monaco Grand Prix,monaco-grand-prix,ocon,31,OCO,Esteban Ocon,Alpine F1 Team,11,1:11.887,1:11.285,,71887.0,71285.0,,71285.0
2024,8,Monaco Grand Prix,monaco-grand-prix,ricciardo,3,RIC,Daniel Ricciardo,RB F1 Team,12,1:11.785,1:11.482,,71785.0,71482.0,,71482.0
2024,8,Monaco Grand Prix,monaco-grand-prix,stroll,18,STR,Lance Stroll,Aston Martin,13,1:11.728,1:11.563,,71728.0,71563.0,,71563.0
2024,8,Monaco Grand Prix,monaco-grand-prix,alonso,14,ALO,Fernando Alonso,Aston Martin,14,1:12.019,,,72019.0,,,72019.0
2024,8,Monaco Grand Prix,monaco-grand-prix,hulkenberg,27,HUL,Nico Hulkenberg,Haas F1 Team,14,1:11.876,1:11.440,,71876.0,71440.0,,71440.0
2024,8,Monaco Grand Prix,monaco-grand-prix,sargeant,2,SAR,Logan Sargeant,Williams,15,1:12.020,,,72020.0,,,72020.0
2024,8,Monaco Grand Prix,monaco-grand-prix,kevin_magnussen,20,MAG,Kevin Magnussen,Haas F1 Team,15,1:11.832,1:11.725,,71832.0,71725.0,,71725.0
2024,8,Monaco Grand Prix,monaco-grand-prix,perez,11,PER,Sergio Perez,Red Bull,16,1:12.060,,,72060.0,,,72060.0
2024,8,Monaco Grand Prix,monaco-grand-prix,bottas,77,BOT,Valtteri Bottas,Sauber,17,1:12.512,,,72512.0,,,72512.0
2024,8,Monaco Grand Prix,monaco-grand-prix,zhou,24,ZHO,Guanyu Zhou,Sauber,18,1:13.028,,,73028.0,,,73028.0
2024,4,Japanese Grand Prix,japanese-grand-prix,max_verstappen,1,VER,Max Verstappen,Red Bull,1,1:28.866,1:28.740,1:28.197,88866.0,88740.0,88197.0,88197.0
2024,4,Japanese Grand Prix,japanese-grand-prix,perez,11,PER,Sergio Perez,Red Bull,2,1:29.303,1:28.752,1:28.263,89303.0,88752.0,88263.0,88263.0
2024,4,Japanese Grand Prix,japanese-grand-prix,norris,4,NOR,Lando Norris,McLaren,3,1:29.536,1:28.940,1:28.489,89536.0,88940.0,88489.0,88489.0
2024,4,Japanese Grand Prix,japanese-grand-prix,sainz,55,SAI,Carlos Sainz,Ferrari,4,1:29.513,1:29.099,1:28.682,89513.0,89099.0,88682.0,88682.0
2024,4,Japanese Grand Prix,japanese-grand-prix,alonso,14,ALO,Fernando Alonso,Aston Martin,5,1:29.254,1:29.082,1:28.686,89254.0,89082.0,88686.0,88686.0
2024,4,Japanese Grand Prix,japanese-grand-prix,piastri,81,PIA,Oscar Piastri,McLaren,6,1:29.425,1:29.148,1:28.760,89425.0,89148.0,88760.0,88760.0
2024,4,Japanese Grand Prix,japanese-grand-prix,hamilton,44,HAM,Lewis Hamilton,Mercedes,7,1:29.661,1:28.887,1:28.766,89661.0,88887.0,88766.0,88766.0
2024,4,Japanese Grand Prix,japanese-grand-prix,leclerc,16,LEC,Charles Leclerc,Ferrari,8,1:29.338,1:29.196,1:28.786,89338.0,89196.0,88786.0,88786.0
2024,4,Japanese Grand Prix,japanese-grand-prix,russell,63,RUS,George Russell,Mercedes,9,1:29.799,1:29.140,1:29.008,89799.0,89140.0,89008.0,89008.0
2024,4,Japanese Grand Prix,japanese-grand-prix,tsunoda,22,TSU,Yuki Tsunoda,RB F1 Team,10,1:29.775,1:29.417,1:29.413,89775.0,89417.0,89413.0,89413.0
2024,4,Japanese Grand Prix,japanese-grand-prix,ricciardo,3,RIC,Daniel Ricciardo,RB F1 Team,11,1:29.727,1:29.472,,89727.0,89472.0,,89472.0
2024,4,Japanese Grand Prix,japanese-grand-prix,hulkenberg,27,HUL,Nico Hulkenberg,Haas F1 Team,12,1:29.821,1:29.494,,89821.0,89494.0,,89494.0
2024,4,Japanese Grand Prix,japanese-grand-prix,bottas,77,BOT,Valtteri Bottas,Sauber,13,1:29.602,1:29.593,,89602.0,89593.0,,89593.0
2024,4,Japanese Grand Prix,japanese-grand-prix,albon,23,ALB,Alexander Albon,Williams,14,1:29.963,1:29.714,,89963.0,89714.0,,89714.0
2024,4,Japanese Grand Prix,japanese-grand-prix,ocon,31,OCO,Esteban Ocon,Alpine F1 Team,15,1:29.811,1:29.816,,89811.0,89816.0,,89811.0
2024,4,Japanese Grand Prix,japanese-grand-prix,stroll,18,STR,Lance Stroll,Aston Martin,16,1:30.024,,,90024.0,,,90024.0
2024,4,Japanese Grand Prix,japanese-grand-prix,gasly,10,GAS,Pierre Gasly,Alpine F1 Team,17,1:30.119,,,90119.0,,,90119.0
2024,4,Japanese Grand Prix,japanese-grand-prix,kevin_magnussen,20,MAG,Kevin Magnussen,Haas F1 Team,18,1:30.131,,,90131.0,,,90131.0
2024,4,Japanese Grand Prix,japanese-grand-prix,sargeant,2,SAR,Logan Sargeant,Williams,19,1:30.139,,,90139.0,,,90139.0
2024,4,Japanese Grand Prix,japanese-grand-prix,zhou,24,ZHO,Guanyu Zhou,Sauber,20,1:30.143,,,90143.0,,,90143.0
2024,5,Chinese Grand Prix,chinese-grand-prix,max_verstappen,1,VER,Max Verstappen,Red Bull,1,1:34.742,1:33.794,1:33.660,94742.0,93794.0,93660.0,93660.0
2024,5,Chinese Grand Prix,chinese-grand-prix,perez,11,PER,Sergio Perez,Red Bull,2,1:35.457,1:34.026,1:33.982,95457.0,94026.0,93982.0,93982.0
2024,5,Chinese Grand Prix,chinese-grand-prix,alonso,14,ALO,Fernando Alonso,Aston Martin,3,1:35.116,1:34.652,1:34.148,95116.0,94652.0,94148.0,94148.0
2024,5,Chinese Grand Prix,chinese-grand-prix,norris,4,NOR,Lando Norris,McLaren,4,1:34.842,1:34.460,1:34.165,94842.0,94460.0,94165.0,94165.0
2024,5,Chinese Grand Prix,chinese-grand-prix,piastri,81,PIA,Oscar Piastri,McLaren,5,1:35.014,1:34.659,1:34.273,95014.0,94659.0,94273.0,94273.0
2024,5,Chinese Grand Prix,chinese-grand-prix,leclerc,16,LEC,Charles Leclerc,Ferrari,6,1:34.797,1:34.399,1:34.289,94797.0,94399.0,94289.0,94289.0
2024,5,Chinese Grand Prix,chinese-grand-prix,sainz,55,SAI,Carlos Sainz,Ferrari,7,1:34.970,1:34.368,1:34.297,94970.0,94368.0,94297.0,94297.0
2024,5,Chinese Grand Prix,chinese-grand-prix,russell,63,RUS,George Russell,Mercedes,8,1:35.084,1:34.609,1:34.433,95084.0,94609.0,94433.0,94433.0
2024,5,Chinese Grand Prix,chinese-grand-prix,hulkenberg,27,HUL,Nico Hulkenberg,Haas F1 Team,9,1:35.068,1:34.667,1:34.604,95068.0,94667.0,94604.0,94604.0
2024,5,Chinese Grand Prix,chinese-grand-prix,bottas,77,BOT,Valtteri Bottas,Sauber,10,1:35.169,1:34.769,1:34.665,95169.0,94769.0,94665.0,94665.0
2024,5,Chinese Grand Prix,chinese-grand-prix,stroll,18,STR,Lance Stroll,Aston Martin,11,1:35.334,1:34.838,,95334.0,94838.0,,94838.0
2024,5,Chinese Grand Prix,chinese-grand-prix,ricciardo,3,RIC,Daniel Ricciardo,RB F1 Team,12,1:35.443,1:34.934,,95443.0,94934.0,,94934.0
2024,5,Chinese Grand Prix,chinese-grand-prix,ocon,31,OCO,Esteban Ocon,Alpine F1 Team,13,1:35.356,1:35.223,,95356.0,95223.0,,95223.0
2024,5,Chinese Grand Prix,chinese-grand-prix,albon,23,ALB,Alexander Albon,Williams,14,1:35.384,1:35.241,,95384.0,95241.0,,95241.0
2024,5,Chinese Grand Prix,chinese-grand-prix,gasly,10,GAS,Pierre Gasly,Alpine F1 Team,15,1:35.287,1:35.463,,95287.0,95463.0,,95287.0
2024,5,Chinese Grand Prix,chinese-grand-prix,zhou,24,ZHO,Guanyu Zhou,Sauber,16,1:35.505,,,95505.0,,,95505.0
2024,5,Chinese Grand Prix,chinese-grand-prix,kevin_magnussen,20,MAG,Kevin Magnussen,Haas F1 Team,17,1:35.516,,,95516.0,,,95516.0
2024,5,Chinese Grand Prix,chinese-grand-prix,hamilton,44,HAM,Lewis Hamilton,Mercedes,18,1:35.573,,,95573.0,,,95573.0
2024,5,Chinese Grand Prix,chinese-grand-prix,tsunoda,22,TSU,Yuki Tsunoda,RB F1 Team,19,1:35.746,,,95746.0,,,95746.0
2024,5,Chinese Grand Prix,chinese-grand-prix,sargeant,2,SAR,Logan Sargeant,Williams,20,1:36.358,,,96358.0,,,96358.0
2024,22,Las Vegas Grand Prix,las-vegas-grand-prix,russell,63,RUS,George Russell,Mercedes,1,1:33.186,1:32.779,1:32.312,93186.0,92779.0,92312.0,92312.0
2024,22,Las Vegas Grand Prix,las-vegas-grand-prix,sainz,55,SAI,Carlos Sainz,Ferrari,2,1:33.484,1:32.711,1:32.410,93484.0,92711.0,92410.0,92410.0
2024,22,Las Vegas Grand Prix,las-vegas-grand-prix,gasly,10,GAS,Pierre Gasly,Alpine F1 Team,3,1:33.691,1:32.879,1:32.664,93691.0,92879.0,92664.0,92664.0
2024,22,Las Vegas Grand Prix,las-vegas-grand-prix,leclerc,16,LEC,Charles Leclerc,Ferrari,4,1:33.446,1:33.016,1:32.783,93446.0,93016.0,92783.0,92783.0
2024,22,Las Vegas Grand Prix,las-vegas-grand-prix,max_verstappen,1,VER,Max Verstappen,Red Bull,5,1:33.299,1:33.085,1:32.797,93299.0,93085.0,92797.0,92797.0
2024,22,Las Vegas Grand Prix,las-vegas-grand-prix,norris,4,NOR,Lando Norris,McLaren,6,1:33.592,1:33.099,1:33.008,93592.0,93099.0,93008.0,93008.0
2024,22,Las Vegas Grand Prix,las-vegas-grand-prix,tsunoda,22,TSU,Yuki Tsunoda,RB F1 Team,7,1:33.789,1:33.089,1:33.029,93789.0,93089.0,93029.0,93029.0
2024,22,Las Vegas Grand Prix,las-vegas-grand-prix,piastri,81,PIA,Oscar Piastri,McLaren,8,1:33.450,1:33.024,1:33.033,93450.0,93024.0,93033.0,93024.0
2024,22,Las Vegas Grand Prix,las-vegas-grand-prix,hulkenberg,27,HUL,Nico Hulkenberg,Haas F1 Team,9,1:33.920,1:33.114,1:33.062,93920.0,93114.0,93062.0,93062.0
2024,22,Las Vegas Grand Prix,las-vegas-grand-prix,hamilton,44,HAM,Lewis Hamilton,Mercedes,10,1:33.225,1:32.567,1:48.106,93225.0,92567.0,108106.0,92567.0
2024,22,Las Vegas Grand Prix,las-vegas-grand-prix,ocon,31,OCO,Esteban Ocon,Alpine F1 Team,11,1:33.968,1:33.221,,93968.0,93221.0,,93221.0
2024,22,Las Vegas Grand Prix,las-vegas-grand-prix,kevin_magnussen,20,MAG,Kevin Magnussen,Haas F1 Team,12,1:33.991,1:33.297,,93991.0,93297.0,,93297.0
2024,22,Las Vegas Grand Prix,las-vegas-grand-prix,zhou,24,ZHO,Guanyu Zhou,Sauber,13,1:34.079,1:33.566,,94079.0,93566.0,,93566.0
2024,22,Las Vegas Grand Prix,las-vegas-grand-prix,colapinto,43,COL,Franco Colapinto,Williams,14,1:33.746,1:33.749,,93746.0,93749.0,,93746.0
2024,22,Las Vegas Grand Prix,las-vegas-grand-prix,lawson,30,LAW,Liam Lawson,RB F1 Team,15,1:34.087,1:34.257,,94087.0,94257.0,,94087.0
2024,22,Las Vegas Grand Prix,las-vegas-grand-prix,perez,11,PER,Sergio Perez,Red Bull,16,1:34.155,,,94155.0,,,94155.0
2024,22,Las Vegas Grand Prix,las-vegas-grand-prix,alonso,14,ALO,Fernando Alonso,Aston Martin,17,1:34.258,,,94258.0,,,94258.0
2024,22,Las Vegas Grand Prix,las-vegas-grand-prix,albon,23,ALB,Alexander Albon,Williams,18,1:34.425,,,94425.0,,,94425.0
2024,22,Las Vegas Grand Prix,las-vegas-grand-prix,bottas,77,BOT,Valtteri Bottas,Sauber,19,1:34.430,,,94430.0,,,94430.0
2024,22,Las Vegas Grand Prix,las-vegas-grand-prix,stroll,18,STR,Lance Stroll,Aston Martin,20,1:34.484,,,94484.0,,,94484.0
2024,21,Sao Paulo Grand Prix,sao-paulo-grand-prix,norris,4,NOR,Lando Norris,McLaren,1,1:30.944,1:24.844,1:23.405,90944.0,84844.0,83405.0,83405.0
2024,21,Sao Paulo Grand Prix,sao-paulo-grand-prix,russell,63,RUS,George Russell,Mercedes,2,1:29.121,1:26.307,1:23.578,89121.0,86307.0,83578.0,83578.0
2024,21,Sao Paulo Grand Prix,sao-paulo-grand-prix,tsunoda,22,TSU,Yuki Tsunoda,RB F1 Team,3,1:29.172,1:26.464,1:24.111,89172.0,86464.0,84111.0,84111.0
2024,21,Sao Paulo Grand Prix,sao-paulo-grand-prix,ocon,31,OCO,Esteban Ocon,Alpine F1 Team,4,1:29.171,1:26.206,1:24.475,89171.0,86206.0,84475.0,84475.0
2024,21,Sao Paulo Grand Prix,sao-paulo-grand-prix,lawson,30,LAW,Liam Lawson,RB F1 Team,5,1:30.758,1:25.654,1:24.484,90758.0,85654.0,84484.0,84484.0
2024,21,Sao Paulo Grand Prix,sao-paulo-grand-prix,leclerc,16,LEC,Charles Leclerc,Ferrari,6,1:29.839,1:26.097,1:24.525,89839.0,86097.0,84525.0,84525.0
2024,21,Sao Paulo Grand Prix,sao-paulo-grand-prix,albon,23,ALB,Alexander Albon,Williams,7,1:29.072,1:24.657,1:24.657,89072.0,84657.0,84657.0,84657.0
2024,21,Sao Paulo Grand Prix,sao-paulo-grand-prix,piastri,81,PIA,Oscar Piastri,McLaren,8,1:30.114,1:24.686,1:24.686,90114.0,84686.0,84686.0,84686.0
2024,21,Sao Paulo Grand Prix,sao-paulo-grand-prix,alonso,14,ALO,Fernando Alonso,Aston Martin,9,1:30.207,1:28.998,1:28.998,90207.0,88998.0,88998.0,88998.0
2024,21,Sao Paulo Grand Prix,sao-paulo-grand-prix,stroll,18,STR,Lance Stroll,Aston Martin,10,1:30.580,1:26.334,,90580.0,86334.0,,86334.0
2024,21,Sao Paulo Grand Prix,sao-paulo-grand-prix,bottas,77,BOT,Valtteri Bottas,Sauber,11,1:30.633,1:26.472,,90633.0,86472.0,,86472.0
2024,21,Sao Paulo Grand Prix,sao-paulo-grand-prix,max_verstappen,1,VER,Max Verstappen,Red Bull,12,1:28.522,1:27.771,,88522.0,87771.0,,87771.0
2024,21,Sao Paulo Grand Prix,sao-paulo-grand-prix,perez,11,PER,Sergio Perez,Red Bull,13,1:30.035,1:28.158,,90035.0,88158.0,,88158.0
2024,21,Sao Paulo Grand Prix,sao-paulo-grand-prix,sainz,55,SAI,Carlos Sainz,Ferrari,14,1:30.303,1:29.406,,90303.0,89406.0,,89406.0
2024,21,Sao Paulo Grand Prix,sao-paulo-grand-prix,gasly,10,GAS,Pierre Gasly,Alpine F1 Team,15,1:29.420,1:29.614,,89420.0,89614.0,,89420.0
2024,21,Sao Paulo Grand Prix,sao-paulo-grand-prix,hamilton,44,HAM,Lewis Hamilton,Mercedes,16,1:31.150,,,91150.0,,,91150.0
2024,21,Sao Paulo Grand Prix,sao-paulo-grand-prix,bearman,50,BEA,Oliver Bearman,Haas F1 Team,17,1:31.229,,,91229.0,,,91229.0
2024,21,Sao Paulo Grand Prix,sao-paulo-grand-prix,colapinto,43,COL,Franco Colapinto,Williams,18,1:31.270,,,91270.0,,,91270.0
2024,21,Sao Paulo Grand Prix,sao-paulo-grand-prix,hulkenberg,27,HUL,Nico Hulkenberg,Haas F1 Team,19,1:31.623,,,91623.0,,,91623.0
2024,21,Sao Paulo Grand Prix,sao-paulo-grand-prix,zhou,24,ZHO,Guanyu Zhou,Sauber,20,1:32.263,,,92263.0,,,92263.0
2024,1,Bahrain Grand Prix,bahrain-grand-prix,max_verstappen,1,VER,Max Verstappen,Red Bull,1,1:30.031,1:29.374,1:29.179,90031.0,89374.0,89179.0,89179.0
2024,1,Bahrain Grand Prix,bahrain-grand-prix,leclerc,16,LEC,Charles Leclerc,Ferrari,2,1:30.243,1:29.165,1:29.407,90243.0,89165.0,89407.0,89165.0
2024,1,Bahrain Grand Prix,bahrain-grand-prix,russell,63,RUS,George Russell,Mercedes,3,1:30.350,1:29.922,1:29.485,90350.0,89922.0,89485.0,89485.0
2024,1,Bahrain Grand Prix,bahrain-grand-prix,sainz,55,SAI,Carlos Sainz,Ferrari,4,1:29.909,1:29.573,1:29.507,89909.0,89573.0,89507.0,89507.0
2024,1,Bahrain Grand Prix,bahrain-grand-prix,perez,11,PER,Sergio Perez,Red Bull,5,1:30.221,1:29.932,1:29.537,90221.0,89932.0,89537.0,89537.0
2024,1,Bahrain Grand Prix,bahrain-grand-prix,alonso,14,ALO,Fernando Alonso,Aston Martin,6,1:30.179,1:29.801,1:29.542,90179.0,89801.0,89542.0,89542.0
2024,1,Bahrain Grand Prix,bahrain-grand-prix,norris,4,NOR,Lando Norris,McLaren,7,1:30.143,1:29.941,1:29.614,90143.0,89941.0,89614.0,89614.0
2024,1,Bahrain Grand Prix,bahrain-grand-prix,piastri,81,PIA,Oscar Piastri,McLaren,8,1:30.531,1:30.122,1:29.683,90531.0,90122.0,89683.0,89683.0
2024,1,Bahrain Grand Prix,bahrain-grand-prix,hamilton,44,HAM,Lewis Hamilton,Mercedes,9,1:30.451,1:29.718,1:29.710,90451.0,89718.0,89710.0,89710.0
2024,1,Bahrain Grand Prix,bahrain-grand-prix,hulkenberg,27,HUL,Nico Hulkenberg,Haas F1 Team,10,1:30.566,1:29.851,1:30.502,90566.0,89851.0,90502.0,89851.0
2024,1,Bahrain Grand Prix,bahrain-grand-prix,tsunoda,22,TSU,Yuki Tsunoda,RB F1 Team,11,1:30.481,1:30.129,,90481.0,90129.0,,90129.0
2024,1,Bahrain Grand Prix,bahrain-grand-prix,stroll,18,STR,Lance Stroll,Aston Martin,12,1:29.965,1:30.200,,89965.0,90200.0,,89965.0
2024,1,Bahrain Grand Prix,bahrain-grand-prix,albon,23,ALB,Alexander Albon,Williams,13,1:30.397,1:30.221,,90397.0,90221.0,,90221.0
2024,1,Bahrain Grand Prix,bahrain-grand-prix,ricciardo,3,RIC,Daniel Ricciardo,RB F1 Team,14,1:30.562,1:30.278,,90562.0,90278.0,,90278.0
2024,1,Bahrain Grand Prix,bahrain-grand-prix,kevin_magnussen,20,MAG,Kevin Magnussen,Haas F1 Team,15,1:30.646,1:30.529,,90646.0,90529.0,,90529.0
2024,1,Bahrain Grand Prix,bahrain-grand-prix,bottas,77,BOT,Valtteri Bottas,Sauber,16,1:30.756,,,90756.0,,,90756.0
2024,1,Bahrain Grand Prix,bahrain-grand-prix,zhou,24,ZHO,Guanyu Zhou,Sauber,17,1:30.757,,,90757.0,,,90757.0
2024,1,Bahrain Grand Prix,bahrain-grand-prix,sargeant,2,SAR,Logan Sargeant,Williams,18,1:30.770,,,90770.0,,,90770.0
2024,1,Bahrain Grand Prix,bahrain-grand-prix,ocon,31,OCO,Esteban Ocon,Alpine F1 Team,19,1:30.793,,,90793.0,,,90793.0
2024,1,Bahrain Grand Prix,bahrain-grand-prix,gasly,10,GAS,Pierre Gasly,Alpine F1 Team,20,1:30.948,,,90948.0,,,90948.0
2024,13,Hungarian Grand Prix,hungarian-grand-prix,norris,4,NOR,Lando Norris,McLaren,1,1:17.755,1:15.540,1:15.227,77755.0,75540.0,75227.0,75227.0
2024,13,Hungarian Grand Prix,hungarian-grand-prix,piastri,81,PIA,Oscar Piastri,McLaren,2,1:17.504,1:15.785,1:15.249,77504.0,75785.0,75249.0,75249.0
2024,13,Hungarian Grand Prix,hungarian-grand-prix,max_verstappen,1,VER,Max Verstappen,Red Bull,3,1:17.087,1:15.770,1:15.273,77087.0,75770.0,75273.0,75273.0
2024,13,Hungarian Grand Prix,hungarian-grand-prix,sainz,55,SAI,Carlos Sainz,Ferrari,4,1:17.244,1:15.885,1:15.696,77244.0,75885.0,75696.0,75696.0
2024,13,Hungarian Grand Prix,hungarian-grand-prix,hamilton,44,HAM,Lewis Hamilton,Mercedes,5,1:17.087,1:16.307,1:15.854,77087.0,76307.0,75854.0,75854.0
2024,13,Hungarian Grand Prix,hungarian-grand-prix,leclerc,16,LEC,Charles Leclerc,Ferrari,6,1:17.437,1:15.891,1:15.905,77437.0,75891.0,75905.0,75891.0
2024,13,Hungarian Grand Prix,hungarian-grand-prix,alonso,14,ALO,Fernando Alonso,Aston Martin,7,1:17.624,1:16.117,1:16.043,77624.0,76117.0,76043.0,76043.0
2024,13,Hungarian Grand Prix,hungarian-grand-prix,stroll,18,STR,Lance Stroll,Aston Martin,8,1:17.405,1:16.075,1:16.244,77405.0,76075.0,76244.0,76075.0
2024,13,Hungarian Grand Prix,hungarian-grand-prix,ricciardo,3,RIC,Daniel Ricciardo,RB F1 Team,9,1:17.050,1:16.202,1:16.447,77050.0,76202.0,76447.0,76202.0
2024,13,Hungarian Grand Prix,hungarian-grand-prix,tsunoda,22,TSU,Yuki Tsunoda,RB F1 Team,10,1:17.436,1:16.121,1:16.477,77436.0,76121.0,76477.0,76121.0
2024,13,Hungarian Grand Prix,hungarian-grand-prix,hulkenberg,27,HUL,Nico Hulkenberg,Haas F1 Team,11,1:17.362,1:16.317,,77362.0,76317.0,,76317.0
2024,13,Hungarian Grand Prix,hungarian-grand-prix,bottas,77,BOT,Valtteri Bottas,Sauber,12,1:17.487,1:16.384,,77487.0,76384.0,,76384.0
2024,13,Hungarian Grand Prix,hungarian-grand-prix,albon,23,ALB,Alexander Albon,Williams,13,1:17.280,1:16.429,,77280.0,76429.0,,76429.0
2024,13,Hungarian Grand Prix,hungarian-grand-prix,sargeant,2,SAR,Logan Sargeant,Williams,14,1:17.770,1:16.543,,77770.0,76543.0,,76543.0
2024,13,Hungarian Grand Prix,hungarian-grand-prix,kevin_magnussen,20,MAG,Kevin Magnussen,Haas F1 Team,15,1:17.851,1:16.548,,77851.0,76548.0,,76548.0
2024,13,Hungarian Grand Prix,hungarian-grand-prix,perez,11,PER,Sergio Perez,Red Bull,16,1:17.886,,,77886.0,,,77886.0
2024,13,Hungarian Grand Prix,hungarian-grand-prix,russell,63,RUS,George Russell,Mercedes,17,1:17.968,,,77968.0,,,77968.0
2024,13,Hungarian Grand Prix,hungarian-grand-prix,zhou,24,ZHO,Guanyu Zhou,Sauber,18,1:18.037,,,78037.0,,,78037.0
2024,13,Hungarian Grand Prix,hungarian-grand-prix,ocon,31,OCO,Esteban Ocon,Alpine F1 Team,19,1:18.049,,,78049.0,,,78049.0
2024,13,Hungarian Grand Prix,hungarian-grand-prix,gasly,10,GAS,Pierre Gasly,Alpine F1 Team,20,1:18.166,,,78166.0,,,78166.0
2024,2,Saudi Arabian Grand Prix,saudi-arabian-grand-prix,max_verstappen,1,VER,Max Verstappen,Red Bull,1,1:28.171,1:28.033,1:27.472,88171.0,88033.0,87472.0,87472.0
2024,2,Saudi Arabian Grand Prix,saudi-arabian-grand-prix,leclerc,16,LEC,Charles Leclerc,Ferrari,2,1:28.318,1:28.112,1:27.791,88318.0,88112.0,87791.0,87791.0
2024,2,Saudi Arabian Grand Prix,saudi-arabian-grand-prix,perez,11,PER,Sergio Perez,Red Bull,3,1:28.638,1:28.467,1:27.807,88638.0,88467.0,87807.0,87807.0
2024,2,Saudi Arabian Grand Prix,saudi-arabian-grand-prix,alonso,14,ALO,Fernando Alonso,Aston Martin,4,1:28.706,1:28.122,1:27.846,88706.0,88122.0,87846.0,87846.0
2024,2,Saudi Arabian Grand Prix,saudi-arabian-grand-prix,piastri,81,PIA,Oscar Piastri,McLaren,5,1:28.755,1:28.343,1:28.089,88755.0,88343.0,88089.0,88089.0
2024,2,Saudi Arabian Grand Prix,saudi-arabian-grand-prix,norris,4,NOR,Lando Norris,McLaren,6,1:28.805,1:28.479,1:28.132,88805.0,88479.0,88132.0,88132.0
2024,2,Saudi Arabian Grand Prix,saudi-arabian-grand-prix,russell,63,RUS,George Russell,Mercedes,7,1:28.749,1:28.448,1:28.316,88749.0,88448.0,88316.0,88316.0
2024,2,Saudi Arabian Grand Prix,saudi-arabian-grand-prix,hamilton,44,HAM,Lewis Hamilton,Mercedes,8,1:28.994,1:28.606,1:28.460,88994.0,88606.0,88460.0,88460.0
2024,2,Saudi Arabian Grand Prix,saudi-arabian-grand-prix,tsunoda,22,TSU,Yuki Tsunoda,RB F1 Team,9,1:28.988,1:28.564,1:28.547,88988.0,88564.0,88547.0,88547.0
2024,2,Saudi Arabian Grand Prix,saudi-arabian-grand-prix,stroll,18,STR,Lance Stroll,Aston Martin,10,1:28.250,1:28.578,1:28.572,88250.0,88578.0,88572.0,88250.0
2024,2,Saudi Arabian Grand Prix,saudi-arabian-grand-prix,bearman,38,BEA,Oliver Bearman,Ferrari,11,1:28.984,1:28.642,,88984.0,88642.0,,88642.0
2024,2,Saudi Arabian Grand Prix,saudi-arabian-grand-prix,albon,23,ALB,Alexander Albon,Williams,12,1:29.107,1:28.980,,89107.0,88980.0,,88980.0
2024,2,Saudi Arabian Grand Prix,saudi-arabian-grand-prix,kevin_magnussen,20,MAG,Kevin Magnussen,Haas F1 Team,13,1:29.069,1:29.020,,89069.0,89020.0,,89020.0
2024,2,Saudi Arabian Grand Prix,saudi-arabian-grand-prix,ricciardo,3,RIC,Daniel Ricciardo,RB F1 Team,14,1:29.065,1:29.025,,89065.0,89025.0,,89025.0
2024,2,Saudi Arabian Grand Prix,saudi-arabian-grand-prix,hulkenberg,27,HUL,Nico Hulkenberg,Haas F1 Team,15,1:29.055,,,89055.0,,,89055.0
2024,2,Saudi Arabian Grand Prix,saudi-arabian-grand-prix,bottas,77,BOT,Valtteri Bottas,Sauber,16,1:29.179,,,89179.0,,,89179.0
2024,2,Saudi Arabian Grand Prix,saudi-arabian-grand-prix,ocon,31,OCO,Esteban Ocon,Alpine F1 Team,17,1:29.475,,,89475.0,,,89475.0
2024,2,Saudi Arabian Grand Prix,saudi-arabian-grand-prix,gasly,10,GAS,Pierre Gasly,Alpine F1 Team,18,1:29.479,,,89479.0,,,89479.0
2024,2,Saudi Arabian Grand Prix,saudi-arabian-grand-prix,sargeant,2,SAR,Logan Sargeant,Williams,19,1:29.526,,,89526.0,,,89526.0
2024,2,Saudi Arabian Grand Prix,saudi-arabian-grand-prix,zhou,24,ZHO,Guanyu Zhou,Sauber,20,,,,,,,
2024,19,United States Grand Prix,united-states-grand-prix,norris,4,NOR,Lando Norris,McLaren,1,1:33.616,1:32.851,1:32.330,93616.0,92851.0,92330.0,92330.0
2024,19,United States Grand Prix,united-states-grand-prix,max_verstappen,1,VER,Max Verstappen,Red Bull,2,1:33.046,1:32.584,1:32.361,93046.0,92584.0,92361.0,92361.0
2024,19,United States Grand Prix,united-states-grand-prix,sainz,55,SAI,Carlos Sainz,Ferrari,3,1:33.556,1:32.836,1:32.652,93556.0,92836.0,92652.0,92652.0
2024,19,United States Grand Prix,united-states-grand-prix,leclerc,16,LEC,Charles Leclerc,Ferrari,4,1:33.241,1:32.962,1:32.740,93241.0,92962.0,92740.0,92740.0
2024,19,United States Grand Prix,united-states-grand-prix,piastri,81,PIA,Oscar Piastri,McLaren,5,1:33.864,1:33.057,1:32.950,93864.0,93057.0,92950.0,92950.0
2024,19,United States Grand Prix,united-states-grand-prix,russell,63,RUS,George Russell,Mercedes,6,1:33.536,1:33.142,1:32.974,93536.0,93142.0,92974.0,92974.0
2024,19,United States Grand Prix,united-states-grand-prix,gasly,10,GAS,Pierre Gasly,Alpine F1 Team,7,1:33.550,1:33.162,1:33.018,93550.0,93162.0,93018.0,93018.0
2024,19,United States Grand Prix,united-states-grand-prix,alonso,14,ALO,Fernando Alonso,Aston Martin,8,1:33.973,1:33.429,1:33.309,93973.0,93429.0,93309.0,93309.0
2024,19,United States Grand Prix,united-states-grand-prix,kevin_magnussen,20,MAG,Kevin Magnussen,Haas F1 Team,9,1:33.564,1:33.474,1:33.481,93564.0,93474.0,93481.0,93474.0
2024,19,United States Grand Prix,united-states-grand-prix,perez,11,PER,Sergio Perez,Red Bull,10,1:33.611,1:33.020,,93611.0,93020.0,,93020.0
2024,19,United States Grand Prix,united-states-grand-prix,tsunoda,22,TSU,Yuki Tsunoda,RB F1 Team,11,1:33.795,1:33.506,,93795.0,93506.0,,93506.0
2024,19,United States Grand Prix,united-states-grand-prix,hulkenberg,27,HUL,Nico Hulkenberg,Haas F1 Team,12,1:33.601,1:33.544,,93601.0,93544.0,,93544.0
2024,19,United States Grand Prix,united-states-grand-prix,ocon,31,OCO,Esteban Ocon,Alpine F1 Team,13,1:33.986,1:33.597,,93986.0,93597.0,,93597.0
2024,19,United States Grand Prix,united-states-grand-prix,stroll,18,STR,Lance Stroll,Aston Martin,14,1:34.033,1:33.759,,94033.0,93759.0,,93759.0
2024,19,United States Grand Prix,united-states-grand-prix,lawson,30,LAW,Liam Lawson,RB F1 Team,15,1:33.339,,,93339.0,,,93339.0
2024,19,United States Grand Prix,united-states-grand-prix,albon,23,ALB,Alexander Albon,Williams,16,1:34.051,,,94051.0,,,94051.0
2024,19,United States Grand Prix,united-states-grand-prix,colapinto,43,COL,Franco Colapinto,Williams,17,1:34.062,,,94062.0,,,94062.0
2024,19,United States Grand Prix,united-states-grand-prix,bottas,77,BOT,Valtteri Bottas,Sauber,18,1:34.152,,,94152.0,,,94152.0
2024,19,United States Grand Prix,united-states-grand-prix,hamilton,44,HAM,Lewis Hamilton,Mercedes,19,1:34.154,,,94154.0,,,94154.0
2024,19,United States Grand Prix,united-states-grand-prix,zhou,24,ZHO,Guanyu Zhou,Sauber,20,1:34.228,,,94228.0,,,94228.0
2024,3,Australian Grand Prix,australian-grand-prix,max_verstappen,1,VER,Max Verstappen,Red Bull,1,1:16.819,1:16.387,1:15.915,76819.0,76387.0,75915.0,75915.0
2024,3,Australian Grand Prix,australian-grand-prix,sainz,55,SAI,Carlos Sainz,Ferrari,2,1:16.731,1:16.189,1:16.185,76731.0,76189.0,76185.0,76185.0
2024,3,Australian Grand Prix,australian-grand-prix,perez,11,PER,Sergio Perez,Red Bull,3,1:16.805,1:16.631,1:16.274,76805.0,76631.0,76274.0,76274.0
2024,3,Australian Grand Prix,australian-grand-prix,norris,4,NOR,Lando Norris,McLaren,4,1:17.430,1:16.750,1:16.315,77430.0,76750.0,76315.0,76315.0
2024,3,Australian Grand Prix,australian-grand-prix,leclerc,16,LEC,Charles Leclerc,Ferrari,5,1:16.984,1:16.304,1:16.435,76984.0,76304.0,76435.0,76304.0
2024,3,Australian Grand Prix,australian-grand-prix,piastri,81,PIA,Oscar Piastri,McLaren,6,1:17.369,1:16.601,1:16.572,77369.0,76601.0,76572.0,76572.0
2024,3,Australian Grand Prix,australian-grand-prix,russell,63,RUS,George Russell,Mercedes,7,1:17.062,1:16.901,1:16.724,77062.0,76901.0,76724.0,76724.0
2024,3,Australian Grand Prix,australian-grand-prix,tsunoda,22,TSU,Yuki Tsunoda,RB F1 Team,8,1:17.356,1:16.791,1:16.788,77356.0,76791.0,76788.0,76788.0
2024,3,Australian Grand Prix,australian-grand-prix,stroll,18,STR,Lance Stroll,Aston Martin,9,1:17.376,1:16.780,1:17.072,77376.0,76780.0,77072.0,76780.0
2024,3,Australian Grand Prix,australian-grand-prix,alonso,14,ALO,Fernando Alonso,Aston Martin,10,1:16.991,1:16.710,1:17.552,76991.0,76710.0,77552.0,76710.0
2024,3,Australian Grand Prix,australian-grand-prix,hamilton,44,HAM,Lewis Hamilton,Mercedes,11,1:17.499,1:16.960,,77499.0,76960.0,,76960.0
2024,3,Australian Grand Prix,australian-grand-prix,albon,23,ALB,Alexander Albon,Williams,12,1:17.130,1:17.167,,77130.0,77167.0,,77130.0
2024,3,Australian Grand Prix,australian-grand-prix,bottas,77,BOT,Valtteri Bottas,Sauber,13,1:17.543,1:17.340,,77543.0,77340.0,,77340.0
2024,3,Australian Grand Prix,australian-grand-prix,kevin_magnussen,20,MAG,Kevin Magnussen,Haas F1 Team,14,1:17.709,1:17.427,,77709.0,77427.0,,77427.0
2024,3,Australian Grand Prix,australian-grand-prix,ocon,31,OCO,Esteban Ocon,Alpine F1 Team,15,1:17.617,1:17.697,,77617.0,77697.0,,77617.0
2024,3,Australian Grand Prix,australian-grand-prix,hulkenberg,27,HUL,Nico Hulkenberg,Haas F1 Team,16,1:17.976,,,77976.0,,,77976.0
2024,3,Australian Grand Prix,australian-grand-prix,gasly,10,GAS,Pierre Gasly,Alpine F1 Team,17,1:17.982,,,77982.0,,,77982.0
2024,3,Australian Grand Prix,australian-grand-prix,ricciardo,3,RIC,Daniel Ricciardo,RB F1 Team,18,1:18.085,,,78085.0,,,78085.0
2024,3,Australian Grand Prix,australian-grand-prix,zhou,24,ZHO,Guanyu Zhou,Sauber,19,1:18.188,,,78188.0,,,78188.0
2024,14,Belgian Grand Prix,belgian-grand-prix,max_verstappen,1,VER,Max Verstappen,Red Bull,1,1:54.938,1:53.837,1:53.159,114938.0,113837.0,113159.0,113159.0
2024,14,Belgian Grand Prix,belgian-grand-prix,leclerc,16,LEC,Charles Leclerc,Ferrari,2,1:55.349,1:54.193,1:53.754,115349.0,114193.0,113754.0,113754.0
2024,14,Belgian Grand Prix,belgian-grand-prix,perez,11,PER,Sergio Perez,Red Bull,3,1:55.139,1:54.470,1:53.765,115139.0,114470.0,113765.0,113765.0
2024,14,Belgian Grand Prix,belgian-grand-prix,hamilton,44,HAM,Lewis Hamilton,Mercedes,4,1:55.692,1:54.037,1:53.835,115692.0,114037.0,113835.0,113835.0
2024,14,Belgian Grand Prix,belgian-grand-prix,norris,4,NOR,Lando Norris,McLaren,5,1:55.582,1:54.358,1:53.981,115582.0,114358.0,113981.0,113981.0
2024,14,Belgian Grand Prix,belgian-grand-prix,piastri,81,PIA,Oscar Piastri,McLaren,6,1:54.835,1:54.136,1:54.027,114835.0,114136.0,114027.0,114027.0
2024,14,Belgian Grand Prix,belgian-grand-prix,russell,63,RUS,George Russell,Mercedes,7,1:55.353,1:54.095,1:54.184,115353.0,114095.0,114184.0,114095.0
2024,14,Belgian Grand Prix,belgian-grand-prix,sainz,55,SAI,Carlos Sainz,Ferrari,8,1:55.169,1:54.112,1:54.477,115169.0,114112.0,114477.0,114112.0
2024,14,Belgian Grand Prix,belgian-grand-prix,alonso,14,ALO,Fernando Alonso,Aston Martin,9,1:55.489,1:54.258,1:54.765,115489.0,114258.0,114765.0,114258.0
2024,14,Belgian Grand Prix,belgian-grand-prix,ocon,31,OCO,Esteban Ocon,Alpine F1 Team,10,1:55.417,1:54.460,1:54.810,115417.0,114460.0,114810.0,114460.0
2024,14,Belgian Grand Prix,belgian-grand-prix,albon,23,ALB,Alexander Albon,Williams,11,1:55.722,1:54.473,,115722.0,114473.0,,114473.0
2024,14,Belgian Grand Prix,belgian-grand-prix,gasly,10,GAS,Pierre Gasly,Alpine F1 Team,12,1:54.911,1:54.635,,114911.0,114635.0,,114635.0
2024,14,Belgian Grand Prix,belgian-grand-prix,ricciardo,3,RIC,Daniel Ricciardo,RB F1 Team,13,1:55.451,1:54.682,,115451.0,114682.0,,114682.0
2024,14,Belgian Grand Prix,belgian-grand-prix,bottas,77,BOT,Valtteri Bottas,Sauber,14,1:55.531,1:54.764,,115531.0,114764.0,,114764.0
2024,14,Belgian Grand Prix,belgian-grand-prix,stroll,18,STR,Lance Stroll,Aston Martin,15,1:56.072,1:55.716,,116072.0,115716.0,,115716.0
2024,14,Belgian Grand Prix,belgian-grand-prix,hulkenberg,27,HUL,Nico Hulkenberg,Haas F1 Team,16,1:56.308,,,116308.0,,,116308.0
2024,14,Belgian Grand Prix,belgian-grand-prix,kevin_magnussen,20,MAG,Kevin Magnussen,Haas F1 Team,17,1:56.500,,,116500.0,,,116500.0
2024,14,Belgian Grand Prix,belgian-grand-prix,tsunoda,22,TSU,Yuki Tsunoda,RB F1 Team,18,1:56.593,,,116593.0,,,116593.0
2024,14,Belgian Grand Prix,belgian-grand-prix,sargeant,2,SAR,Logan Sargeant,Williams,19,1:57.230,,,117230.0,,,117230.0
2024,14,Belgian Grand Prix,belgian-grand-prix,zhou,24,ZHO,Guanyu Zhou,Sauber,20,1:57.775,,,117775.0,,,117775.0
2024,10,Spanish Grand Prix,spanish-grand-prix,norris,4,NOR,Lando Norris,McLaren,1,1:12.386,1:11.872,1:11.383,72386.0,71872.0,71383.0,71383.0
2024,10,Spanish Grand Prix,spanish-grand-prix,max_verstappen,1,VER,Max Verstappen,Red Bull,2,1:12.306,1:11.653,1:11.403,72306.0,71653.0,71403.0,71403.0
2024,10,Spanish Grand Prix,spanish-grand-prix,hamilton,44,HAM,Lewis Hamilton,Mercedes,3,1:12.143,1:11.792,1:11.701,72143.0,71792.0,71701.0,71701.0
2024,10,Spanish Grand Prix,spanish-grand-prix,russell,63,RUS,George Russell,Mercedes,4,1:12.456,1:11.812,1:11.703,72456.0,71812.0,71703.0,71703.0
2024,10,Spanish Grand Prix,spanish-grand-prix,leclerc,16,LEC,Charles Leclerc,Ferrari,5,1:12.257,1:12.038,1:11.731,72257.0,72038.0,71731.0,71731.0
2024,10,Spanish Grand Prix,spanish-grand-prix,sainz,55,SAI,Carlos Sainz,Ferrari,6,1:12.403,1:11.874,1:11.736,72403.0,71874.0,71736.0,71736.0
2024,10,Spanish Grand Prix,spanish-grand-prix,gasly,10,GAS,Pierre Gasly,Alpine F1 Team,7,1:12.651,1:12.079,1:11.857,72651.0,72079.0,71857.0,71857.0
2024,10,Spanish Grand Prix,spanish-grand-prix,perez,11,PER,Sergio Perez,Red Bull,8,1:12.477,1:12.054,1:12.061,72477.0,72054.0,72061.0,72054.0
2024,10,Spanish Grand Prix,spanish-grand-prix,ocon,31,OCO,Esteban Ocon,Alpine F1 Team,9,1:12.691,1:12.109,1:12.125,72691.0,72109.0,72125.0,72109.0
2024,10,Spanish Grand Prix,spanish-grand-prix,piastri,81,PIA,Oscar Piastri,McLaren,10,1:12.460,1:12.011,,72460.0,72011.0,,72011.0
2024,10,Spanish Grand Prix,spanish-grand-prix,alonso,14,ALO,Fernando Alonso,Aston Martin,11,1:12.505,1:12.128,,72505.0,72128.0,,72128.0
2024,10,Spanish Grand Prix,spanish-grand-prix,bottas,77,BOT,Valtteri Bottas,Sauber,12,1:12.758,1:12.227,,72758.0,72227.0,,72227.0
2024,10,Spanish Grand Prix,spanish-grand-prix,hulkenberg,27,HUL,Nico Hulkenberg,Haas F1 Team,13,1:12.708,1:12.310,,72708.0,72310.0,,72310.0
2024,10,Spanish Grand Prix,spanish-grand-prix,stroll,18,STR,Lance Stroll,Aston Martin,14,1:12.881,1:12.372,,72881.0,72372.0,,72372.0
2024,10,Spanish Grand Prix,spanish-grand-prix,zhou,24,ZHO,Guanyu Zhou,Sauber,15,1:12.880,1:12.738,,72880.0,72738.0,,72738.0
2024,10,Spanish Grand Prix,spanish-grand-prix,kevin_magnussen,20,MAG,Kevin Magnussen,Haas F1 Team,16,1:12.937,,,72937.0,,,72937.0
2024,10,Spanish Grand Prix,spanish-grand-prix,tsunoda,22,TSU,Yuki Tsunoda,RB F1 Team,17,1:12.985,,,72985.0,,,72985.0
2024,10,Spanish Grand Prix,spanish-grand-prix,ricciardo,3,RIC,Daniel Ricciardo,RB F1 Team,18,1:13.075,,,73075.0,,,73075.0
2024,10,Spanish Grand Prix,spanish-grand-prix,albon,23,ALB,Alexander Albon,Williams,19,1:13.153,,,73153.0,,,73153.0
2024,10,Spanish Grand Prix,spanish-grand-prix,sargeant,2,SAR,Logan Sargeant,Williams,20,1:13.509,,,73509.0,,,73509.0
2024,20,Mexico City Grand Prix,mexico-city-grand-prix,sainz,55,SAI,Carlos Sainz,Ferrari,1,1:16.778,1:16.515,1:15.946,76778.0,76515.0,75946.0,75946.0
2024,20,Mexico City Grand Prix,mexico-city-grand-prix,max_verstappen,1,VER,Max Verstappen,Red Bull,2,1:16.803,1:16.514,1:16.171,76803.0,76514.0,76171.0,76171.0
2024,20,Mexico City Grand Prix,mexico-city-grand-prix,norris,4,NOR,Lando Norris,McLaren,3,1:16.505,1:16.301,1:16.260,76505.0,76301.0,76260.0,76260.0
2024,20,Mexico City Grand Prix,mexico-city-grand-prix,leclerc,16,LEC,Charles Leclerc,Ferrari,4,1:16.972,1:16.641,1:16.265,76972.0,76641.0,76265.0,76265.0
2024,20,Mexico City Grand Prix,mexico-city-grand-prix,russell,63,RUS,George Russell,Mercedes,5,1:17.194,1:16.937,1:16.356,77194.0,76937.0,76356.0,76356.0
2024,20,Mexico City Grand Prix,mexico-city-grand-prix,hamilton,44,HAM,Lewis Hamilton,Mercedes,6,1:17.306,1:16.973,1:16.651,77306.0,76973.0,76651.0,76651.0
2024,20,Mexico City Grand Prix,mexico-city-grand-prix,kevin_magnussen,20,MAG,Kevin Magnussen,Haas F1 Team,7,1:17.125,1:17.003,1:16.886,77125.0,77003.0,76886.0,76886.0
2024,20,Mexico City Grand Prix,mexico-city-grand-prix,gasly,10,GAS,Pierre Gasly,Alpine F1 Team,8,1:17.149,1:17.048,1:16.892,77149.0,77048.0,76892.0,76892.0
2024,20,Mexico City Grand Prix,mexico-city-grand-prix,albon,23,ALB,Alexander Albon,Williams,9,1:17.189,1:16.988,1:17.065,77189.0,76988.0,77065.0,76988.0
2024,20,Mexico City Grand Prix,mexico-city-grand-prix,hulkenberg,27,HUL,Nico Hulkenberg,Haas F1 Team,10,1:17.186,1:16.995,1:17.365,77186.0,76995.0,77365.0,76995.0
2024,20,Mexico City Grand Prix,mexico-city-grand-prix,tsunoda,22,TSU,Yuki Tsunoda,RB F1 Team,11,1:17.182,1:17.129,,77182.0,77129.0,,77129.0
2024,20,Mexico City Grand Prix,mexico-city-grand-prix,lawson,30,LAW,Liam Lawson,RB F1 Team,12,1:17.380,1:17.162,,77380.0,77162.0,,77162.0
2024,20,Mexico City Grand Prix,mexico-city-grand-prix,alonso,14,ALO,Fernando Alonso,Aston Martin,13,1:17.307,1:17.168,,77307.0,77168.0,,77168.0
2024,20,Mexico City Grand Prix,mexico-city-grand-prix,stroll,18,STR,Lance Stroll,Aston Martin,14,1:17.407,1:17.294,,77407.0,77294.0,,77294.0
2024,20,Mexico City Grand Prix,mexico-city-grand-prix,bottas,77,BOT,Valtteri Bottas,Sauber,15,1:17.393,1:17.817,,77393.0,77817.0,,77393.0
2024,20,Mexico City Grand Prix,mexico-city-grand-prix,colapinto,43,COL,Franco Colapinto,Williams,16,1:17.558,,,77558.0,,,77558.0
2024,20,Mexico City Grand Prix,mexico-city-grand-prix,piastri,81,PIA,Oscar Piastri,McLaren,17,1:17.597,,,77597.0,,,77597.0
2024,20,Mexico City Grand Prix,mexico-city-grand-prix,perez,11,PER,Sergio Perez,Red Bull,18,1:17.611,,,77611.0,,,77611.0
2024,20,Mexico City Grand Prix,mexico-city-grand-prix,ocon,31,OCO,Esteban Ocon,Alpine F1 Team,19,1:17.617,,,77617.0,,,77617.0
2024,20,Mexico City Grand Prix,mexico-city-grand-prix,zhou,24,ZHO,Guanyu Zhou,Sauber,20,1:18.072,,,78072.0,,,78072.0
2024,12,British Grand Prix,british-grand-prix,russell,63,RUS,George Russell,Mercedes,1,1:30.106,1:26.723,1:25.819,90106.0,86723.0,85819.0,85819.0
2024,12,British Grand Prix,british-grand-prix,hamilton,44,HAM,Lewis Hamilton,Mercedes,2,1:29.547,1:26.770,1:25.990,89547.0,86770.0,85990.0,85990.0
2024,12,British Grand Prix,british-grand-prix,norris,4,NOR,Lando Norris,McLaren,3,1:31.596,1:26.559,1:26.030,91596.0,86559.0,86030.0,86030.0
2024,12,British Grand Prix,british-grand-prix,max_verstappen,1,VER,Max Verstappen,Red Bull,4,1:31.342,1:26.796,1:26.203,91342.0,86796.0,86203.0,86203.0
2024,12,British Grand Prix,british-grand-prix,piastri,81,PIA,Oscar Piastri,McLaren,5,1:30.895,1:26.733,1:26.237,90895.0,86733.0,86237.0,86237.0
2024,12,British Grand Prix,british-grand-prix,hulkenberg,27,HUL,Nico Hulkenberg,Haas F1 Team,6,1:31.929,1:26.847,1:26.338,91929.0,86847.0,86338.0,86338.0
2024,12,British Grand Prix,british-grand-prix,sainz,55,SAI,Carlos Sainz,Ferrari,7,1:30.557,1:26.843,1:26.509,90557.0,86843.0,86509.0,86509.0
2024,12,British Grand Prix,british-grand-prix,stroll,18,STR,Lance Stroll,Aston Martin,8,1:31.410,1:26.938,1:26.585,91410.0,86938.0,86585.0,86585.0
2024,12,British Grand Prix,british-grand-prix,albon,23,ALB,Alexander Albon,Williams,9,1:31.135,1:26.933,1:26.640,91135.0,86933.0,86640.0,86640.0
2024,12,British Grand Prix,british-grand-prix,alonso,14,ALO,Fernando Alonso,Aston Martin,10,1:31.264,1:26.730,1:26.917,91264.0,86730.0,86917.0,86730.0
2024,12,British Grand Prix,british-grand-prix,leclerc,16,LEC,Charles Leclerc,Ferrari,11,1:30.496,1:27.097,,90496.0,87097.0,,87097.0
2024,12,British Grand Prix,british-grand-prix,sargeant,2,SAR,Logan Sargeant,Williams,12,1:31.608,1:27.175,,91608.0,87175.0,,87175.0
2024,12,British Grand Prix,british-grand-prix,tsunoda,22,TSU,Yuki Tsunoda,RB F1 Team,13,1:30.994,1:27.269,,90994.0,87269.0,,87269.0
2024,12,British Grand Prix,british-grand-prix,zhou,24,ZHO,Guanyu Zhou,Sauber,14,1:31.190,1:27.867,,91190.0,87867.0,,87867.0
2024,12,British Grand Prix,british-grand-prix,ricciardo,3,RIC,Daniel Ricciardo,RB F1 Team,15,1:31.291,1:27.949,,91291.0,87949.0,,87949.0
2024,12,British Grand Prix,british-grand-prix,bottas,77,BOT,Valtteri Bottas,Sauber,16,1:32.431,,,92431.0,,,92431.0
2024,12,British Grand Prix,british-grand-prix,kevin_magnussen,20,MAG,Kevin Magnussen,Haas F1 Team,17,1:32.905,,,92905.0,,,92905.0
2024,12,British Grand Prix,british-grand-prix,ocon,31,OCO,Esteban Ocon,Alpine F1 Team,18,1:34.557,,,94557.0,,,94557.0
2024,12,British Grand Prix,british-grand-prix,perez,11,PER,Sergio Perez,Red Bull,19,1:38.348,,,98348.0,,,98348.0
2024,12,British Grand Prix,british-grand-prix,gasly,10,GAS,Pierre Gasly,Alpine F1 Team,20,1:39.804,,,99804.0,,,99804.0
2024,15,Dutch Grand Prix,dutch-grand-prix,norris,4,NOR,Lando Norris,McLaren,1,1:11.377,1:10.496,1:09.673,71377.0,70496.0,69673.0,69673.0
2024,15,Dutch Grand Prix,dutch-grand-prix,max_verstappen,1,VER,Max Verstappen,Red Bull,2,1:11.393,1:10.811,1:10.029,71393.0,70811.0,70029.0,70029.0
2024,15,Dutch Grand Prix,dutch-grand-prix,piastri,81,PIA,Oscar Piastri,McLaren,3,1:11.541,1:10.505,1:10.172,71541.0,70505.0,70172.0,70172.0
2024,15,Dutch Grand Prix,dutch-grand-prix,russell,63,RUS,George Russell,Mercedes,4,1:11.049,1:10.552,1:10.244,71049.0,70552.0,70244.0,70244.0
2024,15,Dutch Grand Prix,dutch-grand-prix,perez,11,PER,Sergio Perez,Red Bull,5,1:11.006,1:10.678,1:10.416,71006.0,70678.0,70416.0,70416.0
2024,15,Dutch Grand Prix,dutch-grand-prix,leclerc,16,LEC,Charles Leclerc,Ferrari,6,1:11.370,1:10.689,1:10.582,71370.0,70689.0,70582.0,70582.0
2024,15,Dutch Grand Prix,dutch-grand-prix,alonso,14,ALO,Fernando Alonso,Aston Martin,7,1:11.493,1:10.845,1:10.633,71493.0,70845.0,70633.0,70633.0
2024,15,Dutch Grand Prix,dutch-grand-prix,stroll,18,STR,Lance Stroll,Aston Martin,8,1:11.518,1:10.661,1:10.857,71518.0,70661.0,70857.0,70661.0
2024,15,Dutch Grand Prix,dutch-grand-prix,gasly,10,GAS,Pierre Gasly,Alpine F1 Team,9,1:11.718,1:10.815,1:10.977,71718.0,70815.0,70977.0,70815.0
2024,15,Dutch Grand Prix,dutch-grand-prix,sainz,55,SAI,Carlos Sainz,Ferrari,10,1:11.327,1:10.914,,71327.0,70914.0,,70914.0
2024,15,Dutch Grand Prix,dutch-grand-prix,albon,23,ALB,Alexander Albon,Williams,10,,1:10.768,1:10.653,,70768.0,70653.0,70653.0
2024,15,Dutch Grand Prix,dutch-grand-prix,hamilton,44,HAM,Lewis Hamilton,Mercedes,11,1:11.375,1:10.948,,71375.0,70948.0,,70948.0
2024,15,Dutch Grand Prix,dutch-grand-prix,tsunoda,22,TSU,Yuki Tsunoda,RB F1 Team,12,1:11.603,1:10.955,,71603.0,70955.0,,70955.0
2024,15,Dutch Grand Prix,dutch-grand-prix,hulkenberg,27,HUL,Nico Hulkenberg,Haas F1 Team,13,1:11.832,1:11.215,,71832.0,71215.0,,71215.0
2024,15,Dutch Grand Prix,dutch-grand-prix,kevin_magnussen,20,MAG,Kevin Magnussen,Haas F1 Team,14,1:11.630,1:11.295,,71630.0,71295.0,,71295.0
2024,15,Dutch Grand Prix,dutch-grand-prix,ricciardo,3,RIC,Daniel Ricciardo,RB F1 Team,15,1:11.943,,,71943.0,,,71943.0
2024,15,Dutch Grand Prix,dutch-grand-prix,ocon,31,OCO,Esteban Ocon,Alpine F1 Team,16,1:11.995,,,71995.0,,,71995.0
2024,15,Dutch Grand Prix,dutch-grand-prix,bottas,77,BOT,Valtteri Bottas,Sauber,17,1:12.168,,,72168.0,,,72168.0
2024,15,Dutch Grand Prix,dutch-grand-prix,zhou,24,ZHO,Guanyu Zhou,Sauber,18,1:13.261,,,73261.0,,,73261.0
2024,15,Dutch Grand Prix,dutch-grand-prix,sargeant,2,SAR,Logan Sargeant,Williams,20,,,,,,,
2024,11,Austrian Grand Prix,austrian-grand-prix,max_verstappen,1,VER,Max Verstappen,Red Bull,1,1:05.336,1:04.469,1:04.314,65336.0,64469.0,64314.0,64314.0
2024,11,Austrian Grand Prix,austrian-grand-prix,norris,4,NOR,Lando Norris,McLaren,2,1:05.450,1:05.103,1:04.718,65450.0,65103.0,64718.0,64718.0
2024,11,Austrian Grand Prix,austrian-grand-prix,russell,63,RUS,George Russell,Mercedes,3,1:05.585,1:05.016,1:04.840,65585.0,65016.0,64840.0,64840.0
2024,11,Austrian Grand Prix,austrian-grand-prix,sainz,55,SAI,Carlos Sainz,Ferrari,4,1:05.263,1:05.016,1:04.851,65263.0,65016.0,64851.0,64851.0
2024,11,Austrian Grand Prix,austrian-grand-prix,hamilton,44,HAM,Lewis Hamilton,Mercedes,5,1:05.541,1:05.053,1:04.903,65541.0,65053.0,64903.0,64903.0
2024,11,Austrian Grand Prix,austrian-grand-prix,leclerc,16,LEC,Charles Leclerc,Ferrari,6,1:05.509,1:05.104,1:05.044,65509.0,65104.0,65044.0,65044.0
2024,11,Austrian Grand Prix,austrian-grand-prix,piastri,81,PIA,Oscar Piastri,McLaren,7,1:05.311,1:05.070,1:05.048,65311.0,65070.0,65048.0,65048.0
2024,11,Austrian Grand Prix,austrian-grand-prix,perez,11,PER,Sergio Perez,Red Bull,8,1:05.587,1:05.144,1:05.202,65587.0,65144.0,65202.0,65144.0
2024,11,Austrian Grand Prix,austrian-grand-prix,hulkenberg,27,HUL,Nico Hulkenberg,Haas F1 Team,9,1:05.596,1:05.262,1:05.385,65596.0,65262.0,65385.0,65262.0
2024,11,Austrian Grand Prix,austrian-grand-prix,ocon,31,OCO,Esteban Ocon,Alpine F1 Team,10,1:05.574,1:05.274,1:05.883,65574.0,65274.0,65883.0,65274.0
2024,11,Austrian Grand Prix,austrian-grand-prix,ricciardo,3,RIC,Daniel Ricciardo,RB F1 Team,11,1:05.569,1:05.289,,65569.0,65289.0,,65289.0
2024,11,Austrian Grand Prix,austrian-grand-prix,kevin_magnussen,20,MAG,Kevin Magnussen,Haas F1 Team,12,1:05.508,1:05.347,,65508.0,65347.0,,65347.0
2024,11,Austrian Grand Prix,austrian-grand-prix,gasly,10,GAS,Pierre Gasly,Alpine F1 Team,13,1:05.598,1:05.359,,65598.0,65359.0,,65359.0
2024,11,Austrian Grand Prix,austrian-grand-prix,tsunoda,22,TSU,Yuki Tsunoda,RB F1 Team,14,1:05.563,1:05.412,,65563.0,65412.0,,65412.0
2024,11,Austrian Grand Prix,austrian-grand-prix,alonso,14,ALO,Fernando Alonso,Aston Martin,15,1:05.656,1:05.639,,65656.0,65639.0,,65639.0
2024,11,Austrian Grand Prix,austrian-grand-prix,albon,23,ALB,Alexander Albon,Williams,16,1:05.736,,,65736.0,,,65736.0
2024,11,Austrian Grand Prix,austrian-grand-prix,stroll,18,STR,Lance Stroll,Aston Martin,17,1:05.819,,,65819.0,,,65819.0
2024,11,Austrian Grand Prix,austrian-grand-prix,bottas,77,BOT,Valtteri Bottas,Sauber,18,1:05.847,,,65847.0,,,65847.0
2024,11,Austrian Grand Prix,austrian-grand-prix,sargeant,2,SAR,Logan Sargeant,Williams,19,1:05.856,,,65856.0,,,65856.0
2024,11,Austrian Grand Prix,austrian-grand-prix,zhou,24,ZHO,Guanyu Zhou,Sauber,20,1:06.061,,,66061.0,,,66061.0
2024,24,Abu Dhabi Grand Prix,abu-dhabi-grand-prix,norris,4,NOR,Lando Norris,McLaren,1,1:23.682,1:23.098,1:22.595,83682.0,83098.0,82595.0,82595.0
2024,24,Abu Dhabi Grand Prix,abu-dhabi-grand-prix,piastri,81,PIA,Oscar Piastri,McLaren,2,1:23.640,1:23.199,1:22.804,83640.0,83199.0,82804.0,82804.0
2024,24,Abu Dhabi Grand Prix,abu-dhabi-grand-prix,sainz,55,SAI,Carlos Sainz,Ferrari,3,1:23.487,1:22.985,1:22.824,83487.0,82985.0,82824.0,82824.0
2024,24,Abu Dhabi Grand Prix,abu-dhabi-grand-prix,hulkenberg,27,HUL,Nico Hulkenberg,Haas F1 Team,4,1:23.722,1:23.040,1:22.886,83722.0,83040.0,82886.0,82886.0
2024,24,Abu Dhabi Grand Prix,abu-dhabi-grand-prix,max_verstappen,1,VER,Max Verstappen,Red Bull,5,1:23.516,1:22.998,1:22.945,83516.0,82998.0,82945.0,82945.0
2024,24,Abu Dhabi Grand Prix,abu-dhabi-grand-prix,gasly,10,GAS,Pierre Gasly,Alpine F1 Team,6,1:23.548,1:23.086,1:22.984,83548.0,83086.0,82984.0,82984.0
2024,24,Abu Dhabi Grand Prix,abu-dhabi-grand-prix,russell,63,RUS,George Russell,Mercedes,7,1:23.678,1:23.283,1:23.132,83678.0,83283.0,83132.0,83132.0
2024,24,Abu Dhabi Grand Prix,abu-dhabi-grand-prix,alonso,14,ALO,Fernando Alonso,Aston Martin,8,1:23.794,1:23.268,1:23.196,83794.0,83268.0,83196.0,83196.0
2024,24,Abu Dhabi Grand Prix,abu-dhabi-grand-prix,bottas,77,BOT,Valtteri Bottas,Sauber,9,1:23.481,1:23.341,1:23.204,83481.0,83341.0,83204.0,83204.0
2024,24,Abu Dhabi Grand Prix,abu-dhabi-grand-prix,perez,11,PER,Sergio Perez,Red Bull,10,1:23.559,1:23.379,1:23.264,83559.0,83379.0,83264.0,83264.0
2024,24,Abu Dhabi Grand Prix,abu-dhabi-grand-prix,tsunoda,22,TSU,Yuki Tsunoda,RB F1 Team,11,1:23.735,1:23.419,,83735.0,83419.0,,83419.0
2024,24,Abu Dhabi Grand Prix,abu-dhabi-grand-prix,lawson,30,LAW,Liam Lawson,RB F1 Team,12,1:23.733,1:23.472,,83733.0,83472.0,,83472.0
2024,24,Abu Dhabi Grand Prix,abu-dhabi-grand-prix,stroll,18,STR,Lance Stroll,Aston Martin,13,1:23.729,1:23.784,,83729.0,83784.0,,83729.0
2024,24,Abu Dhabi Grand Prix,abu-dhabi-grand-prix,leclerc,16,LEC,Charles Leclerc,Ferrari,14,1:23.302,1:23.833,,83302.0,83833.0,,83302.0
2024,24,Abu Dhabi Grand Prix,abu-dhabi-grand-prix,kevin_magnussen,20,MAG,Kevin Magnussen,Haas F1 Team,15,1:23.632,1:23.877,,83632.0,83877.0,,83632.0
2024,24,Abu Dhabi Grand Prix,abu-dhabi-grand-prix,albon,23,ALB,Alexander Albon,Williams,16,1:23.821,,,83821.0,,,83821.0
2024,24,Abu Dhabi Grand Prix,abu-dhabi-grand-prix,zhou,24,ZHO,Guanyu Zhou,Sauber,17,1:23.880,,,83880.0,,,83880.0
2024,24,Abu Dhabi Grand Prix,abu-dhabi-grand-prix,hamilton,44,HAM,Lewis Hamilton,Mercedes,18,1:23.887,,,83887.0,,,83887.0
2024,24,Abu Dhabi Grand Prix,abu-dhabi-grand-prix,colapinto,43,COL,Franco Colapinto,Williams,19,1:23.912,,,83912.0,,,83912.0
2024,24,Abu Dhabi Grand Prix,abu-dhabi-grand-prix,doohan,61,DOO,Jack Doohan,Alpine F1 Team,20,1:24.105,,,84105.0,,,84105.0
2024,23,Qatar Grand Prix,qatar-grand-prix,max_verstappen,1,VER,Max Verstappen,Red Bull,1,1:21.579,1:20.687,1:20.520,81579.0,80687.0,80520.0,80520.0
2024,23,Qatar Grand Prix,qatar-grand-prix,russell,63,RUS,George Russell,Mercedes,2,1:21.241,1:21.069,1:20.575,81241.0,81069.0,80575.0,80575.0
2024,23,Qatar Grand Prix,qatar-grand-prix,norris,4,NOR,Lando Norris,McLaren,3,1:21.578,1:20.983,1:20.772,81578.0,80983.0,80772.0,80772.0
2024,23,Qatar Grand Prix,qatar-grand-prix,piastri,81,PIA,Oscar Piastri,McLaren,4,1:21.821,1:21.121,1:20.829,81821.0,81121.0,80829.0,80829.0
2024,23,Qatar Grand Prix,qatar-grand-prix,leclerc,16,LEC,Charles Leclerc,Ferrari,5,1:21.278,1:21.000,1:20.852,81278.0,81000.0,80852.0,80852.0
2024,23,Qatar Grand Prix,qatar-grand-prix,hamilton,44,HAM,Lewis Hamilton,Mercedes,6,1:21.637,1:21.095,1:21.011,81637.0,81095.0,81011.0,81011.0
2024,23,Qatar Grand Prix,qatar-grand-prix,sainz,55,SAI,Carlos Sainz,Ferrari,7,1:21.447,1:21.199,1:21.041,81447.0,81199.0,81041.0,81041.0
2024,23,Qatar Grand Prix,qatar-grand-prix,alonso,14,ALO,Fernando Alonso,Aston Martin,8,1:21.608,1:21.208,1:21.251,81608.0,81208.0,81251.0,81208.0
2024,23,Qatar Grand Prix,qatar-grand-prix,perez,11,PER,Sergio Perez,Red Bull,9,1:21.675,1:21.425,1:21.425,81675.0,81425.0,81425.0,81425.0
2024,23,Qatar Grand Prix,qatar-grand-prix,kevin_magnussen,20,MAG,Kevin Magnussen,Haas F1 Team,10,1:21.891,1:21.387,1:21.500,81891.0,81387.0,81500.0,81387.0
2024,23,Qatar Grand Prix,qatar-grand-prix,gasly,10,GAS,Pierre Gasly,Alpine F1 Team,11,1:21.843,1:21.437,,81843.0,81437.0,,81437.0
2024,23,Qatar Grand Prix,qatar-grand-prix,zhou,24,ZHO,Guanyu Zhou,Sauber,12,1:22.103,1:21.501,,82103.0,81501.0,,81501.0
2024,23,Qatar Grand Prix,qatar-grand-prix,bottas,77,BOT,Valtteri Bottas,Sauber,13,1:21.927,1:21.731,,81927.0,81731.0,,81731.0
2024,23,Qatar Grand Prix,qatar-grand-prix,tsunoda,22,TSU,Yuki Tsunoda,RB F1 Team,14,1:22.364,1:21.771,,82364.0,81771.0,,81771.0
2024,23,Qatar Grand Prix,qatar-grand-prix,stroll,18,STR,Lance Stroll,Aston Martin,15,1:22.011,1:21.911,,82011.0,81911.0,,81911.0
2024,23,Qatar Grand Prix,qatar-grand-prix,albon,23,ALB,Alexander Albon,Williams,16,1:22.390,,,82390.0,,,82390.0
2024,23,Qatar Grand Prix,qatar-grand-prix,lawson,30,LAW,Liam Lawson,RB F1 Team,17,1:22.411,,,82411.0,,,82411.0
2024,23,Qatar Grand Prix,qatar-grand-prix,hulkenberg,27,HUL,Nico Hulkenberg,Haas F1 Team,18,1:22.442,,,82442.0,,,82442.0
2024,23,Qatar Grand Prix,qatar-grand-prix,colapinto,43,COL,Franco Colapinto,Williams,19,1:22.594,,,82594.0,,,82594.0
2024,23,Qatar Grand Prix,qatar-grand-prix,ocon,31,OCO,Esteban Ocon,Alpine F1 Team,20,1:22.714,,,82714.0,,,82714.0
2024,18,Singapore Grand Prix,singapore-grand-prix,norris,4,NOR,Lando Norris,McLaren,1,1:30.002,1:30.007,1:29.525,90002.0,90007.0,89525.0,89525.0
2024,18,Singapore Grand Prix,singapore-grand-prix,max_verstappen,1,VER,Max Verstappen,Red Bull,2,1:30.157,1:29.680,1:29.728,90157.0,89680.0,89728.0,89680.0
2024,18,Singapore Grand Prix,singapore-grand-prix,hamilton,44,HAM,Lewis Hamilton,Mercedes,3,1:30.393,1:29.929,1:29.841,90393.0,89929.0,89841.0,89841.0
2024,18,Singapore Grand Prix,singapore-grand-prix,russell,63,RUS,George Russell,Mercedes,4,1:30.811,1:30.153,1:29.867,90811.0,90153.0,89867.0,89867.0
2024,18,Singapore Grand Prix,singapore-grand-prix,piastri,81,PIA,Oscar Piastri,McLaren,5,1:30.258,1:29.640,1:29.953,90258.0,89640.0,89953.0,89640.0
2024,18,Singapore Grand Prix,singapore-grand-prix,hulkenberg,27,HUL,Nico Hulkenberg,Haas F1 Team,6,1:30.724,1:30.150,1:30.115,90724.0,90150.0,90115.0,90115.0
2024,18,Singapore Grand Prix,singapore-grand-prix,alonso,14,ALO,Fernando Alonso,Aston Martin,7,1:30.684,1:30.450,1:30.214,90684.0,90450.0,90214.0,90214.0
2024,18,Singapore Grand Prix,singapore-grand-prix,tsunoda,22,TSU,Yuki Tsunoda,RB F1 Team,8,1:30.716,1:30.289,1:30.354,90716.0,90289.0,90354.0,90289.0
2024,18,Singapore Grand Prix,singapore-grand-prix,leclerc,16,LEC,Charles Leclerc,Ferrari,9,1:30.786,1:29.747,,90786.0,89747.0,,89747.0
2024,18,Singapore Grand Prix,singapore-grand-prix,sainz,55,SAI,Carlos Sainz,Ferrari,10,1:30.670,1:30.108,,90670.0,90108.0,,90108.0
2024,18,Singapore Grand Prix,singapore-grand-prix,albon,23,ALB,Alexander Albon,Williams,11,1:30.679,1:30.474,,90679.0,90474.0,,90474.0
2024,18,Singapore Grand Prix,singapore-grand-prix,colapinto,43,COL,Franco Colapinto,Williams,12,1:30.704,1:30.481,,90704.0,90481.0,,90481.0
2024,18,Singapore Grand Prix,singapore-grand-prix,perez,11,PER,Sergio Perez,Red Bull,13,1:30.624,1:30.579,,90624.0,90579.0,,90579.0
2024,18,Singapore Grand Prix,singapore-grand-prix,kevin_magnussen,20,MAG,Kevin Magnussen,Haas F1 Team,14,1:30.829,1:30.653,,90829.0,90653.0,,90653.0
2024,18,Singapore Grand Prix,singapore-grand-prix,ocon,31,OCO,Esteban Ocon,Alpine F1 Team,15,1:30.958,1:30.769,,90958.0,90769.0,,90769.0
2024,18,Singapore Grand Prix,singapore-grand-prix,ricciardo,3,RIC,Daniel Ricciardo,RB F1 Team,16,1:31.085,,,91085.0,,,91085.0
2024,18,Singapore Grand Prix,singapore-grand-prix,stroll,18,STR,Lance Stroll,Aston Martin,17,1:31.094,,,91094.0,,,91094.0
2024,18,Singapore Grand Prix,singapore-grand-prix,gasly,10,GAS,Pierre Gasly,Alpine F1 Team,18,1:31.312,,,91312.0,,,91312.0
2024,18,Singapore Grand Prix,singapore-grand-prix,bottas,77,BOT,Valtteri Bottas,Sauber,19,1:31.572,,,91572.0,,,91572.0
2024,18,Singapore Grand Prix,singapore-grand-prix,zhou,24,ZHO,Guanyu Zhou,Sauber,20,1:32.054,,,92054.0,,,92054.0
2024,6,Miami Grand Prix,miami-grand-prix,max_verstappen,1,VER,Max Verstappen,Red Bull,1,1:27.689,1:27.566,1:27.241,87689.0,87566.0,87241.0,87241.0
2024,6,Miami Grand Prix,miami-grand-prix,leclerc,16,LEC,Charles Leclerc,Ferrari,2,1:28.081,1:27.533,1:27.382,88081.0,87533.0,87382.0,87382.0
2024,6,Miami Grand Prix,miami-grand-prix,sainz,55,SAI,Carlos Sainz,Ferrari,3,1:27.937,1:27.941,1:27.455,87937.0,87941.0,87455.0,87455.0
2024,6,Miami Grand Prix,miami-grand-prix,perez,11,PER,Sergio Perez,Red Bull,4,1:27.772,1:27.839,1:27.460,87772.0,87839.0,87460.0,87460.0
2024,6,Miami Grand Prix,miami-grand-prix,norris,4,NOR,Lando Norris,McLaren,5,1:27.913,1:27.871,1:27.594,87913.0,87871.0,87594.0,87594.0
2024,6,Miami Grand Prix,miami-grand-prix,piastri,81,PIA,Oscar Piastri,McLaren,6,1:28.032,1:27.721,1:27.675,88032.0,87721.0,87675.0,87675.0
2024,6,Miami Grand Prix,miami-grand-prix,russell,63,RUS,George Russell,Mercedes,7,1:28.159,1:28.095,1:28.067,88159.0,88095.0,88067.0,88067.0
2024,6,Miami Grand Prix,miami-grand-prix,hamilton,44,HAM,Lewis Hamilton,Mercedes,8,1:28.167,1:27.697,1:28.107,88167.0,87697.0,88107.0,87697.0
2024,6,Miami Grand Prix,miami-grand-prix,hulkenberg,27,HUL,Nico Hulkenberg,Haas F1 Team,9,1:28.383,1:28.200,1:28.146,88383.0,88200.0,88146.0,88146.0
2024,6,Miami Grand Prix,miami-grand-prix,tsunoda,22,TSU,Yuki Tsunoda,RB F1 Team,10,1:28.324,1:28.167,1:28.192,88324.0,88167.0,88192.0,88167.0
2024,6,Miami Grand Prix,miami-grand-prix,stroll,18,STR,Lance Stroll,Aston Martin,11,1:28.177,1:28.222,,88177.0,88222.0,,88177.0
2024,6,Miami Grand Prix,miami-grand-prix,gasly,10,GAS,Pierre Gasly,Alpine F1 Team,12,1:27.976,1:28.324,,87976.0,88324.0,,87976.0
2024,6,Miami Grand Prix,miami-grand-prix,ocon,31,OCO,Esteban Ocon,Alpine F1 Team,13,1:28.209,1:28.371,,88209.0,88371.0,,88209.0
2024,6,Miami Grand Prix,miami-grand-prix,albon,23,ALB,Alexander Albon,Williams,14,1:28.343,1:28.413,,88343.0,88413.0,,88343.0
2024,6,Miami Grand Prix,miami-grand-prix,alonso,14,ALO,Fernando Alonso,Aston Martin,15,1:28.453,1:28.427,,88453.0,88427.0,,88427.0
2024,6,Miami Grand Prix,miami-grand-prix,bottas,77,BOT,Valtteri Bottas,Sauber,16,1:28.463,,,88463.0,,,88463.0
2024,6,Miami Grand Prix,miami-grand-prix,sargeant,2,SAR,Logan Sargeant,Williams,17,1:28.487,,,88487.0,,,88487.0
2024,6,Miami Grand Prix,miami-grand-prix,ricciardo,3,RIC,Daniel Ricciardo,RB F1 Team,18,1:28.617,,,88617.0,,,88617.0
2024,6,Miami Grand Prix,miami-grand-prix,kevin_magnussen,20,MAG,Kevin Magnussen,Haas F1 Team,19,1:28.619,,,88619.0,,,88619.0
2024,6,Miami Grand Prix,miami-grand-prix,zhou,24,ZHO,Guanyu Zhou,Sauber,20,1:28.824,,,88824.0,,,88824.0
2024,16,Italian Grand Prix,italian-grand-prix,norris,4,NOR,Lando Norris,McLaren,1,1:19.911,1:19.727,1:19.327,79911.0,79727.0,79327.0,79327.0
2024,16,Italian Grand Prix,italian-grand-prix,piastri,81,PIA,Oscar Piastri,McLaren,2,1:20.076,1:19.808,1:19.436,80076.0,79808.0,79436.0,79436.0
2024,16,Italian Grand Prix,italian-grand-prix,russell,63,RUS,George Russell,Mercedes,3,1:20.169,1:19.877,1:19.440,80169.0,79877.0,79440.0,79440.0
2024,16,Italian Grand Prix,italian-grand-prix,leclerc,16,LEC,Charles Leclerc,Ferrari,4,1:20.074,1:20.007,1:19.461,80074.0,80007.0,79461.0,79461.0
2024,16,Italian Grand Prix,italian-grand-prix,sainz,55,SAI,Carlos Sainz,Ferrari,5,1:20.149,1:19.799,1:19.467,80149.0,79799.0,79467.0,79467.0
2024,16,Italian Grand Prix,italian-grand-prix,hamilton,44,HAM,Lewis Hamilton,Mercedes,6,1:20.477,1:19.641,1:19.513,80477.0,79641.0,79513.0,79513.0
2024,16,Italian Grand Prix,italian-grand-prix,max_verstappen,1,VER,Max Verstappen,Red Bull,7,1:20.226,1:19.662,1:20.022,80226.0,79662.0,80022.0,79662.0
2024,16,Italian Grand Prix,italian-grand-prix,perez,11,PER,Sergio Perez,Red Bull,8,1:20.598,1:20.216,1:20.062,80598.0,80216.0,80062.0,80062.0
2024,16,Italian Grand Prix,italian-grand-prix,albon,23,ALB,Alexander Albon,Williams,9,1:20.542,1:20.314,1:20.299,80542.0,80314.0,80299.0,80299.0
2024,16,Italian Grand Prix,italian-grand-prix,hulkenberg,27,HUL,Nico Hulkenberg,Haas F1 Team,10,1:20.781,1:20.411,1:20.339,80781.0,80411.0,80339.0,80339.0
2024,16,Italian Grand Prix,italian-grand-prix,alonso,14,ALO,Fernando Alonso,Aston Martin,11,1:20.617,1:20.421,,80617.0,80421.0,,80421.0
2024,16,Italian Grand Prix,italian-grand-prix,ricciardo,3,RIC,Daniel Ricciardo,RB F1 Team,12,1:20.901,1:20.479,,80901.0,80479.0,,80479.0
2024,16,Italian Grand Prix,italian-grand-prix,kevin_magnussen,20,MAG,Kevin Magnussen,Haas F1 Team,13,1:20.856,1:20.698,,80856.0,80698.0,,80698.0
2024,16,Italian Grand Prix,italian-grand-prix,gasly,10,GAS,Pierre Gasly,Alpine F1 Team,14,1:20.748,1:20.738,,80748.0,80738.0,,80738.0
2024,16,Italian Grand Prix,italian-grand-prix,ocon,31,OCO,Esteban Ocon,Alpine F1 Team,15,1:20.764,1:20.766,,80764.0,80766.0,,80764.0
2024,16,Italian Grand Prix,italian-grand-prix,tsunoda,22,TSU,Yuki Tsunoda,RB F1 Team,16,1:20.945,,,80945.0,,,80945.0
2024,16,Italian Grand Prix,italian-grand-prix,stroll,18,STR,Lance Stroll,Aston Martin,17,1:21.013,,,81013.0,,,81013.0
2024,16,Italian Grand Prix,italian-grand-prix,colapinto,43,COL,Franco Colapinto,Williams,18,1:21.061,,,81061.0,,,81061.0
2024,16,Italian Grand Prix,italian-grand-prix,bottas,77,BOT,Valtteri Bottas,Sauber,19,1:21.101,,,81101.0,,,81101.0
2024,16,Italian Grand Prix,italian-grand-prix,zhou,24,ZHO,Guanyu Zhou,Sauber,20,1:21.445,,,81445.0,,,81445.0
2024,17,Azerbaijan Grand Prix,azerbaijan-grand-prix,leclerc,16,LEC,Charles Leclerc,Ferrari,1,1:42.775,1:42.056,1:41.365,102775.0,102056.0,101365.0,101365.0
2024,17,Azerbaijan Grand Prix,azerbaijan-grand-prix,piastri,81,PIA,Oscar Piastri,McLaren,2,1:43.033,1:42.598,1:41.686,103033.0,102598.0,101686.0,101686.0
2024,17,Azerbaijan Grand Prix,azerbaijan-grand-prix,sainz,55,SAI,Carlos Sainz,Ferrari,3,1:43.357,1:42.503,1:41.805,103357.0,102503.0,101805.0,101805.0
2024,17,Azerbaijan Grand Prix,azerbaijan-grand-prix,perez,11,PER,Sergio Perez,Red Bull,4,1:43.213,1:42.263,1:41.813,103213.0,102263.0,101813.0,101813.0
2024,17,Azerbaijan Grand Prix,azerbaijan-grand-prix,russell,63,RUS,George Russell,Mercedes,5,1:43.139,1:42.329,1:41.874,103139.0,102329.0,101874.0,101874.0
2024,17,Azerbaijan Grand Prix,azerbaijan-grand-prix,max_verstappen,1,VER,Max Verstappen,Red Bull,6,1:43.097,1:42.042,1:42.023,103097.0,102042.0,102023.0,102023.0
2024,17,Azerbaijan Grand Prix,azerbaijan-grand-prix,hamilton,44,HAM,Lewis Hamilton,Mercedes,7,1:43.089,1:42.765,1:42.289,103089.0,102765.0,102289.0,102289.0
2024,17,Azerbaijan Grand Prix,azerbaijan-grand-prix,alonso,14,ALO,Fernando Alonso,Aston Martin,8,1:43.472,1:42.426,1:42.369,103472.0,102426.0,102369.0,102369.0
2024,17,Azerbaijan Grand Prix,azerbaijan-grand-prix,colapinto,43,COL,Franco Colapinto,Williams,9,1:43.138,1:42.473,1:42.530,103138.0,102473.0,102530.0,102473.0
2024,17,Azerbaijan Grand Prix,azerbaijan-grand-prix,albon,23,ALB,Alexander Albon,Williams,10,1:42.899,1:42.840,1:42.859,102899.0,102840.0,102859.0,102840.0
2024,17,Azerbaijan Grand Prix,azerbaijan-grand-prix,bearman,50,BEA,Oliver Bearman,Haas F1 Team,11,1:43.471,1:42.968,,103471.0,102968.0,,102968.0
2024,17,Azerbaijan Grand Prix,azerbaijan-grand-prix,tsunoda,22,TSU,Yuki Tsunoda,RB F1 Team,12,1:43.337,1:43.035,,103337.0,103035.0,,103035.0
2024,17,Azerbaijan Grand Prix,azerbaijan-grand-prix,hulkenberg,27,HUL,Nico Hulkenberg,Haas F1 Team,13,1:43.101,1:43.191,,103101.0,103191.0,,103101.0
2024,17,Azerbaijan Grand Prix,azerbaijan-grand-prix,stroll,18,STR,Lance Stroll,Aston Martin,14,1:43.370,1:43.404,,103370.0,103404.0,,103370.0
2024,17,Azerbaijan Grand Prix,azerbaijan-grand-prix,gasly,10,GAS,Pierre Gasly,Alpine F1 Team,15,,1:43.179,,,103179.0,,103179.0
2024,17,Azerbaijan Grand Prix,azerbaijan-grand-prix,ricciardo,3,RIC,Daniel Ricciardo,RB F1 Team,15,1:43.547,,,103547.0,,,103547.0
2024,17,Azerbaijan Grand Prix,azerbaijan-grand-prix,norris,4,NOR,Lando Norris,McLaren,16,1:43.609,,,103609.0,,,103609.0
2024,17,Azerbaijan Grand Prix,azerbaijan-grand-prix,bottas,77,BOT,Valtteri Bottas,Sauber,17,1:43.618,,,103618.0,,,103618.0
2024,17,Azerbaijan Grand Prix,azerbaijan-grand-prix,zhou,24,ZHO,Guanyu Zhou,Sauber,18,1:44.246,,,104246.0,,,104246.0
2024,17,Azerbaijan Grand Prix,azerbaijan-grand-prix,ocon,31,OCO,Esteban Ocon,Alpine F1 Team,19,1:44.504,,,104504.0,,,104504.0
