season,round,race_name,race_slug,date,circuit_id,circuit_name,country,driver_id,driver_number,driver_code,driver_name,constructor_name,grid,position,position_text,points,laps,status,race_time_millis,fastest_lap_rank,fastest_lap_ms,fastest_lap_avg_speed_kph
2025,7,Emilia Romagna Grand Prix,emilia-romagna-grand-prix,2025-05-18,imola,Autodromo Enzo e Dino Ferrari,Italy,max_verstappen,1,VER,Max Verstappen,Red Bull,2,1,1,25,63,Finished,5493199.0,1.0,77988.0,
2025,7,Emilia Romagna Grand Prix,emilia-romagna-grand-prix,2025-05-18,imola,Autodromo Enzo e Dino Ferrari,Italy,norris,4,NOR,Lando Norris,McLaren,4,2,2,18,63,Finished,5499308.0,4.0,78311.0,
2025,7,Emilia Romagna Grand Prix,emilia-romagna-grand-prix,2025-05-18,imola,Autodromo Enzo e Dino Ferrari,Italy,piastri,81,PIA,Oscar Piastri,McLaren,1,3,3,15,63,Finished,5506155.0,5.0,78894.0,
2025,7,Emilia Romagna Grand Prix,emilia-romagna-grand-prix,2025-05-18,imola,Autodromo Enzo e Dino Ferrari,Italy,hamilton,44,HAM,Lewis Hamilton,Ferrari,12,4,4,12,63,Finished,5507555.0,2.0,78265.0,
2025,7,Emilia Romagna Grand Prix,emilia-romagna-grand-prix,2025-05-18,imola,Autodromo Enzo e Dino Ferrari,Italy,albon,23,ALB,Alexander Albon,Williams,7,5,5,10,63,Finished,5511144.0,3.0,78289.0,
2025,7,Emilia Romagna Grand Prix,emilia-romagna-grand-prix,2025-05-18,imola,Autodromo Enzo e Dino Ferrari,Italy,leclerc,16,LEC,Charles Leclerc,Ferrari,11,6,6,8,63,Finished,5513973.0,6.0,79048.0,
2025,7,Emilia Romagna Grand Prix,emilia-romagna-grand-prix,2025-05-18,imola,Autodromo Enzo e Dino Ferrari,Italy,russell,63,RUS,George Russell,Mercedes,3,7,7,6,63,Finished,5515233.0,9.0,79733.0,
2025,7,Emilia Romagna Grand Prix,emilia-romagna-grand-prix,2025-05-18,imola,Autodromo Enzo e Dino Ferrari,Italy,sainz,55,SAI,Carlos Sainz,Williams,6,8,8,4,63,Finished,5516097.0,10.0,79836.0,
2025,7,Emilia Romagna Grand Prix,emilia-romagna-grand-prix,2025-05-18,imola,Autodromo Enzo e Dino Ferrari,Italy,hadjar,6,HAD,Isack Hadjar,RB F1 Team,9,9,9,2,63,Finished,5516785.0,7.0,79473.0,
2025,7,Emilia Romagna Grand Prix,emilia-romagna-grand-prix,2025-05-18,imola,Autodromo Enzo e Dino Ferrari,Italy,tsunoda,22,TSU,Yuki Tsunoda,Red Bull,20,10,10,1,63,Finished,5519645.0,12.0,80039.0,
2025,7,Emilia Romagna Grand Prix,emilia-romagna-grand-prix,2025-05-18,imola,Autodromo Enzo e Dino Ferrari,Italy,alonso,14,ALO,Fernando Alonso,Aston Martin,5,11,11,0,63,Finished,5520449.0,11.0,79894.0,
2025,7,Emilia Romagna Grand Prix,emilia-romagna-grand-prix,2025-05-18,imola,Autodromo Enzo e Dino Ferrari,Italy,hulkenberg,27,HUL,Nico Hulkenberg,Sauber,17,12,12,0,63,Finished,5523495.0,15.0,80401.0,
2025,7,Emilia Romagna Grand Prix,emilia-romagna-grand-prix,2025-05-18,imola,Autodromo Enzo e Dino Ferrari,Italy,gasly,10,GAS,Pierre Gasly,Alpine F1 Team,10,13,13,0,63,Finished,5524623.0,14.0,80398.0,
2025,7,Emilia Romagna Grand Prix,emilia-romagna-grand-prix,2025-05-18,imola,Autodromo Enzo e Dino Ferrari,Italy,lawson,30,LAW,Liam Lawson,RB F1 Team,15,14,14,0,63,Finished,5525710.0,16.0,80473.0,
2025,7,Emilia Romagna Grand Prix,emilia-romagna-grand-prix,2025-05-18,imola,Autodromo Enzo e Dino Ferrari,Italy,stroll,18,STR,Lance Stroll,Aston Martin,8,15,15,0,63,Finished,5526192.0,17.0,80501.0,
2025,7,Emilia Romagna Grand Prix,emilia-romagna-grand-prix,2025-05-18,imola,Autodromo Enzo e Dino Ferrari,Italy,colapinto,43,COL,Franco Colapinto,Alpine F1 Team,16,16,16,0,63,Finished,5526610.0,13.0,80345.0,
2025,7,Emilia Romagna Grand Prix,emilia-romagna-grand-prix,2025-05-18,imola,Autodromo Enzo e Dino Ferrari,Italy,bearman,87,BEA,Oliver Bearman,Haas F1 Team,19,17,17,0,63,Finished,5527007.0,8.0,79521.0,
2025,7,Emilia Romagna Grand Prix,emilia-romagna-grand-prix,2025-05-18,imola,Autodromo Enzo e Dino Ferrari,Italy,bortoleto,5,BOR,Gabriel Bortoleto,Sauber,14,18,18,0,63,Finished,5531771.0,19.0,80630.0,
2025,7,Emilia Romagna Grand Prix,emilia-romagna-grand-prix,2025-05-18,imola,Autodromo Enzo e Dino Ferrari,Italy,antonelli,12,ANT,Andrea Kimi Antonelli,Mercedes,13,19,R,0,44,Retired,,18.0,80620.0,
2025,7,Emilia Romagna Grand Prix,emilia-romagna-grand-prix,2025-05-18,imola,Autodromo Enzo e Dino Ferrari,Italy,ocon,31,OCO,Esteban Ocon,Haas F1 Team,18,20,R,0,27,Retired,,20.0,81413.0,
2025,10,Canadian Grand Prix,canadian-grand-prix,2025-06-15,villeneuve,Circuit Gilles Villeneuve,Canada,russell,63,RUS,George Russell,Mercedes,1,1,1,25,70,Finished,5512688.0,1.0,74119.0,
2025,10,Canadian Grand Prix,canadian-grand-prix,2025-06-15,villeneuve,Circuit Gilles Villeneuve,Canada,max_verstappen,1,VER,Max Verstappen,Red Bull,2,2,2,18,70,Finished,5512916.0,5.0,74287.0,
2025,10,Canadian Grand Prix,canadian-grand-prix,2025-06-15,villeneuve,Circuit Gilles Villeneuve,Canada,antonelli,12,ANT,Andrea Kimi Antonelli,Mercedes,4,3,3,15,70,Finished,5513702.0,7.0,74455.0,
2025,10,Canadian Grand Prix,canadian-grand-prix,2025-06-15,villeneuve,Circuit Gilles Villeneuve,Canada,piastri,81,PIA,Oscar Piastri,McLaren,3,4,4,12,70,Finished,5514797.0,3.0,74255.0,
2025,10,Canadian Grand Prix,canadian-grand-prix,2025-06-15,villeneuve,Circuit Gilles Villeneuve,Canada,leclerc,16,LEC,Charles Leclerc,Ferrari,8,5,5,10,70,Finished,5516130.0,4.0,74261.0,
2025,10,Canadian Grand Prix,canadian-grand-prix,2025-06-15,villeneuve,Circuit Gilles Villeneuve,Canada,hamilton,44,HAM,Lewis Hamilton,Ferrari,5,6,6,8,70,Finished,5523401.0,9.0,74805.0,
2025,10,Canadian Grand Prix,canadian-grand-prix,2025-06-15,villeneuve,Circuit Gilles Villeneuve,Canada,alonso,14,ALO,Fernando Alonso,Aston Martin,6,7,7,6,70,Finished,5523660.0,12.0,75024.0,
2025,10,Canadian Grand Prix,canadian-grand-prix,2025-06-15,villeneuve,Circuit Gilles Villeneuve,Canada,hulkenberg,27,HUL,Nico Hulkenberg,Sauber,11,8,8,4,70,Finished,5528052.0,14.0,75372.0,
2025,10,Canadian Grand Prix,canadian-grand-prix,2025-06-15,villeneuve,Circuit Gilles Villeneuve,Canada,ocon,31,OCO,Esteban Ocon,Haas F1 Team,14,9,9,2,69,Lapped,5514161.0,8.0,74593.0,
2025,10,Canadian Grand Prix,canadian-grand-prix,2025-06-15,villeneuve,Circuit Gilles Villeneuve,Canada,sainz,55,SAI,Carlos Sainz,Williams,16,10,10,1,69,Lapped,5514574.0,6.0,74389.0,
2025,10,Canadian Grand Prix,canadian-grand-prix,2025-06-15,villeneuve,Circuit Gilles Villeneuve,Canada,bearman,87,BEA,Oliver Bearman,Haas F1 Team,13,11,11,0,69,Lapped,5516405.0,15.0,75397.0,
2025,10,Canadian Grand Prix,canadian-grand-prix,2025-06-15,villeneuve,Circuit Gilles Villeneuve,Canada,tsunoda,22,TSU,Yuki Tsunoda,Red Bull,18,12,12,0,69,Lapped,5518144.0,13.0,75358.0,
2025,10,Canadian Grand Prix,canadian-grand-prix,2025-06-15,villeneuve,Circuit Gilles Villeneuve,Canada,colapinto,43,COL,Franco Colapinto,Alpine F1 Team,10,13,13,0,69,Lapped,5519706.0,17.0,76076.0,
2025,10,Canadian Grand Prix,canadian-grand-prix,2025-06-15,villeneuve,Circuit Gilles Villeneuve,Canada,bortoleto,5,BOR,Gabriel Bortoleto,Sauber,15,14,14,0,69,Lapped,5520567.0,16.0,75414.0,
2025,10,Canadian Grand Prix,canadian-grand-prix,2025-06-15,villeneuve,Circuit Gilles Villeneuve,Canada,gasly,10,GAS,Pierre Gasly,Alpine F1 Team,20,15,15,0,69,Lapped,5520638.0,11.0,74993.0,
2025,10,Canadian Grand Prix,canadian-grand-prix,2025-06-15,villeneuve,Circuit Gilles Villeneuve,Canada,hadjar,6,HAD,Isack Hadjar,RB F1 Team,12,16,16,0,69,Lapped,5521425.0,19.0,76292.0,
2025,10,Canadian Grand Prix,canadian-grand-prix,2025-06-15,villeneuve,Circuit Gilles Villeneuve,Canada,stroll,18,STR,Lance Stroll,Aston Martin,17,17,17,0,69,Lapped,5521751.0,10.0,74902.0,
2025,10,Canadian Grand Prix,canadian-grand-prix,2025-06-15,villeneuve,Circuit Gilles Villeneuve,Canada,norris,4,NOR,Lando Norris,McLaren,7,18,18,0,66,Retired,5042470.0,2.0,74229.0,
2025,10,Canadian Grand Prix,canadian-grand-prix,2025-06-15,villeneuve,Circuit Gilles Villeneuve,Canada,lawson,30,LAW,Liam Lawson,RB F1 Team,19,19,R,0,53,Retired,,20.0,76320.0,
2025,10,Canadian Grand Prix,canadian-grand-prix,2025-06-15,villeneuve,Circuit Gilles Villeneuve,Canada,albon,23,ALB,Alexander Albon,Williams,9,20,R,0,46,Retired,,18.0,76197.0,
2025,8,Monaco Grand Prix,monaco-grand-prix,2025-05-25,monaco,Circuit de Monaco,Monaco,norris,4,NOR,Lando Norris,McLaren,1,1,1,25,78,Finished,6033843.0,1.0,73221.0,
2025,8,Monaco Grand Prix,monaco-grand-prix,2025-05-25,monaco,Circuit de Monaco,Monaco,leclerc,16,LEC,Charles Leclerc,Ferrari,2,2,2,18,78,Finished,6036974.0,6.0,74055.0,
2025,8,Monaco Grand Prix,monaco-grand-prix,2025-05-25,monaco,Circuit de Monaco,Monaco,piastri,81,PIA,Oscar Piastri,McLaren,3,3,3,15,78,Finished,6037501.0,4.0,73745.0,
2025,8,Monaco Grand Prix,monaco-grand-prix,2025-05-25,monaco,Circuit de Monaco,Monaco,max_verstappen,1,VER,Max Verstappen,Red Bull,4,4,4,12,78,Finished,6054415.0,8.0,74230.0,
2025,8,Monaco Grand Prix,monaco-grand-prix,2025-05-25,monaco,Circuit de Monaco,Monaco,hamilton,44,HAM,Lewis Hamilton,Ferrari,7,5,5,10,78,Finished,6085230.0,7.0,74090.0,
2025,8,Monaco Grand Prix,monaco-grand-prix,2025-05-25,monaco,Circuit de Monaco,Monaco,hadjar,6,HAD,Isack Hadjar,RB F1 Team,5,6,6,8,77,Lapped,6098925.0,19.0,75981.0,
2025,8,Monaco Grand Prix,monaco-grand-prix,2025-05-25,monaco,Circuit de Monaco,Monaco,ocon,31,OCO,Esteban Ocon,Haas F1 Team,8,7,7,6,77,Lapped,6099872.0,14.0,75157.0,
2025,8,Monaco Grand Prix,monaco-grand-prix,2025-05-25,monaco,Circuit de Monaco,Monaco,lawson,30,LAW,Liam Lawson,RB F1 Team,9,8,8,4,77,Lapped,6100589.0,17.0,75321.0,
2025,8,Monaco Grand Prix,monaco-grand-prix,2025-05-25,monaco,Circuit de Monaco,Monaco,albon,23,ALB,Alexander Albon,Williams,10,9,9,2,76,Lapped,6045712.0,9.0,74597.0,
2025,8,Monaco Grand Prix,monaco-grand-prix,2025-05-25,monaco,Circuit de Monaco,Monaco,sainz,55,SAI,Carlos Sainz,Williams,11,10,10,1,76,Lapped,6049075.0,5.0,73988.0,
2025,8,Monaco Grand Prix,monaco-grand-prix,2025-05-25,monaco,Circuit de Monaco,Monaco,russell,63,RUS,George Russell,Mercedes,14,11,11,0,76,Lapped,6067687.0,2.0,73405.0,
2025,8,Monaco Grand Prix,monaco-grand-prix,2025-05-25,monaco,Circuit de Monaco,Monaco,bearman,87,BEA,Oliver Bearman,Haas F1 Team,20,12,12,0,76,Lapped,6088536.0,10.0,74855.0,
2025,8,Monaco Grand Prix,monaco-grand-prix,2025-05-25,monaco,Circuit de Monaco,Monaco,colapinto,43,COL,Franco Colapinto,Alpine F1 Team,18,13,13,0,76,Lapped,6090957.0,16.0,75298.0,
2025,8,Monaco Grand Prix,monaco-grand-prix,2025-05-25,monaco,Circuit de Monaco,Monaco,bortoleto,5,BOR,Gabriel Bortoleto,Sauber,16,14,14,0,76,Lapped,6102267.0,12.0,74884.0,
2025,8,Monaco Grand Prix,monaco-grand-prix,2025-05-25,monaco,Circuit de Monaco,Monaco,stroll,18,STR,Lance Stroll,Aston Martin,19,15,15,0,76,Lapped,6104238.0,11.0,74877.0,
2025,8,Monaco Grand Prix,monaco-grand-prix,2025-05-25,monaco,Circuit de Monaco,Monaco,hulkenberg,27,HUL,Nico Hulkenberg,Sauber,13,16,16,0,76,Lapped,6105387.0,15.0,75223.0,
2025,8,Monaco Grand Prix,monaco-grand-prix,2025-05-25,monaco,Circuit de Monaco,Monaco,tsunoda,22,TSU,Yuki Tsunoda,Red Bull,12,17,17,0,76,Lapped,6105692.0,13.0,74913.0,
2025,8,Monaco Grand Prix,monaco-grand-prix,2025-05-25,monaco,Circuit de Monaco,Monaco,antonelli,12,ANT,Andrea Kimi Antonelli,Mercedes,15,18,18,0,75,Lapped,6042252.0,3.0,73518.0,
2025,8,Monaco Grand Prix,monaco-grand-prix,2025-05-25,monaco,Circuit de Monaco,Monaco,alonso,14,ALO,Fernando Alonso,Aston Martin,6,19,R,0,36,Retired,,18.0,75593.0,
2025,8,Monaco Grand Prix,monaco-grand-prix,2025-05-25,monaco,Circuit de Monaco,Monaco,gasly,10,GAS,Pierre Gasly,Alpine F1 Team,17,20,R,0,7,Retired,,20.0,78054.0,
2025,3,Japanese Grand Prix,japanese-grand-prix,2025-04-06,suzuka,Suzuka Circuit,Japan,max_verstappen,1,VER,Max Verstappen,Red Bull,1,1,1,25,53,Finished,4926983.0,3.0,91041.0,
2025,3,Japanese Grand Prix,japanese-grand-prix,2025-04-06,suzuka,Suzuka Circuit,Japan,norris,4,NOR,Lando Norris,McLaren,2,2,2,18,53,Finished,4928406.0,5.0,91116.0,
2025,3,Japanese Grand Prix,japanese-grand-prix,2025-04-06,suzuka,Suzuka Circuit,Japan,piastri,81,PIA,Oscar Piastri,McLaren,3,3,3,15,53,Finished,4929112.0,2.0,91039.0,
2025,3,Japanese Grand Prix,japanese-grand-prix,2025-04-06,suzuka,Suzuka Circuit,Japan,leclerc,16,LEC,Charles Leclerc,Ferrari,4,4,4,12,53,Finished,4943080.0,10.0,91469.0,
2025,3,Japanese Grand Prix,japanese-grand-prix,2025-04-06,suzuka,Suzuka Circuit,Japan,russell,63,RUS,George Russell,Mercedes,5,5,5,10,53,Finished,4944345.0,8.0,91357.0,
2025,3,Japanese Grand Prix,japanese-grand-prix,2025-04-06,suzuka,Suzuka Circuit,Japan,antonelli,12,ANT,Andrea Kimi Antonelli,Mercedes,6,6,6,8,53,Finished,4945654.0,1.0,90965.0,
2025,3,Japanese Grand Prix,japanese-grand-prix,2025-04-06,suzuka,Suzuka Circuit,Japan,hamilton,44,HAM,Lewis Hamilton,Ferrari,8,7,7,6,53,Finished,4956165.0,9.0,91406.0,
2025,3,Japanese Grand Prix,japanese-grand-prix,2025-04-06,suzuka,Suzuka Circuit,Japan,hadjar,6,HAD,Isack Hadjar,RB F1 Team,7,8,8,4,53,Finished,4964117.0,7.0,91317.0,
2025,3,Japanese Grand Prix,japanese-grand-prix,2025-04-06,suzuka,Suzuka Circuit,Japan,albon,23,ALB,Alexander Albon,Williams,9,9,9,2,53,Finished,4967350.0,6.0,91125.0,
2025,3,Japanese Grand Prix,japanese-grand-prix,2025-04-06,suzuka,Suzuka Circuit,Japan,bearman,87,BEA,Oliver Bearman,Haas F1 Team,10,10,10,1,53,Finished,4981512.0,15.0,92006.0,
2025,3,Japanese Grand Prix,japanese-grand-prix,2025-04-06,suzuka,Suzuka Circuit,Japan,alonso,14,ALO,Fernando Alonso,Aston Martin,12,11,11,0,53,Finished,4984316.0,11.0,91770.0,
2025,3,Japanese Grand Prix,japanese-grand-prix,2025-04-06,suzuka,Suzuka Circuit,Japan,tsunoda,22,TSU,Yuki Tsunoda,Red Bull,14,12,12,0,53,Finished,4985384.0,13.0,91871.0,
2025,3,Japanese Grand Prix,japanese-grand-prix,2025-04-06,suzuka,Suzuka Circuit,Japan,gasly,10,GAS,Pierre Gasly,Alpine F1 Team,11,13,13,0,53,Finished,4989105.0,12.0,91820.0,
2025,3,Japanese Grand Prix,japanese-grand-prix,2025-04-06,suzuka,Suzuka Circuit,Japan,sainz,55,SAI,Carlos Sainz,Williams,15,14,14,0,53,Finished,5001112.0,4.0,91106.0,
2025,3,Japanese Grand Prix,japanese-grand-prix,2025-04-06,suzuka,Suzuka Circuit,Japan,doohan,7,DOO,Jack Doohan,Alpine F1 Team,19,15,15,0,53,Finished,5008297.0,20.0,92685.0,
2025,3,Japanese Grand Prix,japanese-grand-prix,2025-04-06,suzuka,Suzuka Circuit,Japan,hulkenberg,27,HUL,Nico Hulkenberg,Sauber,16,16,16,0,53,Finished,5008940.0,19.0,92572.0,
2025,3,Japanese Grand Prix,japanese-grand-prix,2025-04-06,suzuka,Suzuka Circuit,Japan,lawson,30,LAW,Liam Lawson,RB F1 Team,13,17,17,0,53,Finished,5009717.0,17.0,92043.0,
2025,3,Japanese Grand Prix,japanese-grand-prix,2025-04-06,suzuka,Suzuka Circuit,Japan,ocon,31,OCO,Esteban Ocon,Haas F1 Team,18,18,18,0,53,Finished,5010421.0,14.0,91967.0,
2025,3,Japanese Grand Prix,japanese-grand-prix,2025-04-06,suzuka,Suzuka Circuit,Japan,bortoleto,5,BOR,Gabriel Bortoleto,Sauber,17,19,19,0,53,Finished,5010880.0,16.0,92034.0,
2025,3,Japanese Grand Prix,japanese-grand-prix,2025-04-06,suzuka,Suzuka Circuit,Japan,stroll,18,STR,Lance Stroll,Aston Martin,20,20,20,0,52,Lapped,4939912.0,18.0,92052.0,
2025,2,Chinese Grand Prix,chinese-grand-prix,2025-03-23,shanghai,Shanghai International Circuit,China,piastri,81,PIA,Oscar Piastri,McLaren,1,1,1,25,56,Finished,5455026.0,3.0,95520.0,
2025,2,Chinese Grand Prix,chinese-grand-prix,2025-03-23,shanghai,Shanghai International Circuit,China,norris,4,NOR,Lando Norris,McLaren,3,2,2,18,56,Finished,5464774.0,1.0,95454.0,
2025,2,Chinese Grand Prix,chinese-grand-prix,2025-03-23,shanghai,Shanghai International Circuit,China,russell,63,RUS,George Russell,Mercedes,2,3,3,15,56,Finished,5466123.0,5.0,95816.0,
2025,2,Chinese Grand Prix,chinese-grand-prix,2025-03-23,shanghai,Shanghai International Circuit,China,max_verstappen,1,VER,Max Verstappen,Red Bull,4,4,4,12,56,Finished,5471682.0,2.0,95488.0,
2025,2,Chinese Grand Prix,chinese-grand-prix,2025-03-23,shanghai,Shanghai International Circuit,China,ocon,31,OCO,Esteban Ocon,Haas F1 Team,11,5,5,10,56,Finished,5504995.0,4.0,95740.0,
2025,2,Chinese Grand Prix,chinese-grand-prix,2025-03-23,shanghai,Shanghai International Circuit,China,antonelli,12,ANT,Andrea Kimi Antonelli,Mercedes,8,6,6,8,56,Finished,5508774.0,11.0,96046.0,
2025,2,Chinese Grand Prix,chinese-grand-prix,2025-03-23,shanghai,Shanghai International Circuit,China,albon,23,ALB,Alexander Albon,Williams,10,7,7,6,56,Finished,5511347.0,12.0,96254.0,
2025,2,Chinese Grand Prix,chinese-grand-prix,2025-03-23,shanghai,Shanghai International Circuit,China,bearman,87,BEA,Oliver Bearman,Haas F1 Team,17,8,8,4,56,Finished,5516329.0,13.0,96363.0,
2025,2,Chinese Grand Prix,chinese-grand-prix,2025-03-23,shanghai,Shanghai International Circuit,China,stroll,18,STR,Lance Stroll,Aston Martin,14,9,9,2,56,Finished,5525230.0,10.0,96044.0,
2025,2,Chinese Grand Prix,chinese-grand-prix,2025-03-23,shanghai,Shanghai International Circuit,China,sainz,55,SAI,Carlos Sainz,Williams,15,10,10,1,56,Finished,5531413.0,15.0,96779.0,
2025,2,Chinese Grand Prix,chinese-grand-prix,2025-03-23,shanghai,Shanghai International Circuit,China,hadjar,6,HAD,Isack Hadjar,RB F1 Team,7,11,11,0,56,Finished,5533901.0,6.0,95868.0,
2025,2,Chinese Grand Prix,chinese-grand-prix,2025-03-23,shanghai,Shanghai International Circuit,China,lawson,30,LAW,Liam Lawson,Red Bull,20,12,12,0,56,Finished,5536173.0,9.0,95985.0,
2025,2,Chinese Grand Prix,chinese-grand-prix,2025-03-23,shanghai,Shanghai International Circuit,China,doohan,7,DOO,Jack Doohan,Alpine F1 Team,18,13,13,0,56,Finished,5543427.0,14.0,96424.0,
2025,2,Chinese Grand Prix,chinese-grand-prix,2025-03-23,shanghai,Shanghai International Circuit,China,bortoleto,5,BOR,Gabriel Bortoleto,Sauber,19,14,14,0,55,Lapped,5465782.0,8.0,95874.0,
2025,2,Chinese Grand Prix,chinese-grand-prix,2025-03-23,shanghai,Shanghai International Circuit,China,hulkenberg,27,HUL,Nico Hulkenberg,Sauber,12,15,15,0,55,Lapped,5475252.0,16.0,97275.0,
2025,2,Chinese Grand Prix,chinese-grand-prix,2025-03-23,shanghai,Shanghai International Circuit,China,tsunoda,22,TSU,Yuki Tsunoda,RB F1 Team,9,16,16,0,55,Lapped,5478537.0,7.0,95871.0,
2025,2,Chinese Grand Prix,chinese-grand-prix,2025-03-23,shanghai,Shanghai International Circuit,China,alonso,14,ALO,Fernando Alonso,Aston Martin,13,17,R,0,4,Retired,,17.0,99256.0,
2025,2,Chinese Grand Prix,chinese-grand-prix,2025-03-23,shanghai,Shanghai International Circuit,China,leclerc,16,LEC,Charles Leclerc,Ferrari,6,18,D,0,0,Disqualified,,,,
2025,2,Chinese Grand Prix,chinese-grand-prix,2025-03-23,shanghai,Shanghai International Circuit,China,hamilton,44,HAM,Lewis Hamilton,Ferrari,5,19,D,0,0,Disqualified,,,,
2025,2,Chinese Grand Prix,chinese-grand-prix,2025-03-23,shanghai,Shanghai International Circuit,China,gasly,10,GAS,Pierre Gasly,Alpine F1 Team,16,20,D,0,0,Disqualified,,,,
2025,22,Las Vegas Grand Prix,las-vegas-grand-prix,2025-11-23,vegas,Las Vegas Strip Street Circuit,USA,max_verstappen,1,VER,Max Verstappen,Red Bull,2,1,1,25,50,Finished,4868429.0,1.0,93365.0,
2025,22,Las Vegas Grand Prix,las-vegas-grand-prix,2025-11-23,vegas,Las Vegas Strip Street Circuit,USA,russell,63,RUS,George Russell,Mercedes,4,2,2,18,50,Finished,4891975.0,9.0,94592.0,
2025,22,Las Vegas Grand Prix,las-vegas-grand-prix,2025-11-23,vegas,Las Vegas Strip Street Circuit,USA,antonelli,12,ANT,Andrea Kimi Antonelli,Mercedes,17,3,3,15,50,Finished,4898917.0,2.0,93998.0,
2025,22,Las Vegas Grand Prix,las-vegas-grand-prix,2025-11-23,vegas,Las Vegas Strip Street Circuit,USA,leclerc,16,LEC,Charles Leclerc,Ferrari,9,4,4,12,50,Finished,4899107.0,3.0,94304.0,
2025,22,Las Vegas Grand Prix,las-vegas-grand-prix,2025-11-23,vegas,Las Vegas Strip Street Circuit,USA,sainz,55,SAI,Carlos Sainz,Williams,3,5,5,10,50,Finished,4903353.0,4.0,94496.0,
2025,22,Las Vegas Grand Prix,las-vegas-grand-prix,2025-11-23,vegas,Las Vegas Strip Street Circuit,USA,hadjar,6,HAD,Isack Hadjar,RB F1 Team,8,6,6,8,50,Finished,4913686.0,10.0,94620.0,
2025,22,Las Vegas Grand Prix,las-vegas-grand-prix,2025-11-23,vegas,Las Vegas Strip Street Circuit,USA,hulkenberg,27,HUL,Nico Hulkenberg,Sauber,11,7,7,6,50,Finished,4919563.0,8.0,94592.0,
2025,22,Las Vegas Grand Prix,las-vegas-grand-prix,2025-11-23,vegas,Las Vegas Strip Street Circuit,USA,hamilton,44,HAM,Lewis Hamilton,Ferrari,19,8,8,4,50,Finished,4927798.0,6.0,94553.0,
2025,22,Las Vegas Grand Prix,las-vegas-grand-prix,2025-11-23,vegas,Las Vegas Strip Street Circuit,USA,ocon,31,OCO,Esteban Ocon,Haas F1 Team,13,9,9,2,50,Finished,4929064.0,7.0,94557.0,
2025,22,Las Vegas Grand Prix,las-vegas-grand-prix,2025-11-23,vegas,Las Vegas Strip Street Circuit,USA,bearman,87,BEA,Oliver Bearman,Haas F1 Team,14,10,10,1,50,Finished,4938978.0,5.0,94519.0,
2025,22,Las Vegas Grand Prix,las-vegas-grand-prix,2025-11-23,vegas,Las Vegas Strip Street Circuit,USA,alonso,14,ALO,Fernando Alonso,Aston Martin,7,11,11,0,50,Finished,4953737.0,14.0,95629.0,
2025,22,Las Vegas Grand Prix,las-vegas-grand-prix,2025-11-23,vegas,Las Vegas Strip Street Circuit,USA,tsunoda,22,TSU,Yuki Tsunoda,Red Bull,20,12,12,0,50,Finished,4955403.0,12.0,94967.0,
2025,22,Las Vegas Grand Prix,las-vegas-grand-prix,2025-11-23,vegas,Las Vegas Strip Street Circuit,USA,gasly,10,GAS,Pierre Gasly,Alpine F1 Team,10,13,13,0,50,Finished,4960131.0,15.0,95674.0,
2025,22,Las Vegas Grand Prix,las-vegas-grand-prix,2025-11-23,vegas,Las Vegas Strip Street Circuit,USA,lawson,30,LAW,Liam Lawson,RB F1 Team,6,14,14,0,49,Lapped,4871720.0,11.0,94837.0,
2025,22,Las Vegas Grand Prix,las-vegas-grand-prix,2025-11-23,vegas,Las Vegas Strip Street Circuit,USA,colapinto,43,COL,Franco Colapinto,Alpine F1 Team,15,15,15,0,49,Lapped,4878888.0,16.0,95780.0,
2025,22,Las Vegas Grand Prix,las-vegas-grand-prix,2025-11-23,vegas,Las Vegas Strip Street Circuit,USA,albon,23,ALB,Alexander Albon,Williams,16,16,R,0,35,Retired,,13.0,95184.0,
2025,22,Las Vegas Grand Prix,las-vegas-grand-prix,2025-11-23,vegas,Las Vegas Strip Street Circuit,USA,bortoleto,5,BOR,Gabriel Bortoleto,Sauber,18,17,R,0,2,Retired,,,,
2025,22,Las Vegas Grand Prix,las-vegas-grand-prix,2025-11-23,vegas,Las Vegas Strip Street Circuit,USA,stroll,18,STR,Lance Stroll,Aston Martin,12,18,R,0,0,Retired,,,,
2025,22,Las Vegas Grand Prix,las-vegas-grand-prix,2025-11-23,vegas,Las Vegas Strip Street Circuit,USA,norris,4,NOR,Lando Norris,McLaren,1,19,D,0,50,Disqualified,,,,
2025,22,Las Vegas Grand Prix,las-vegas-grand-prix,2025-11-23,vegas,Las Vegas Strip Street Circuit,USA,piastri,81,PIA,Oscar Piastri,McLaren,5,20,D,0,50,Disqualified,,,,
2025,21,Sao Paulo Grand Prix,sao-paulo-grand-prix,2025-11-09,interlagos,Autodromo Jose Carlos Pace,Brazil,norris,4,NOR,Lando Norris,McLaren,1,1,1,25,71,Finished,5521596.0,6.0,73040.0,
2025,21,Sao Paulo Grand Prix,sao-paulo-grand-prix,2025-11-09,interlagos,Autodromo Jose Carlos Pace,Brazil,antonelli,12,ANT,Andrea Kimi Antonelli,Mercedes,2,2,2,18,71,Finished,5531984.0,9.0,73123.0,
2025,21,Sao Paulo Grand Prix,sao-paulo-grand-prix,2025-11-09,interlagos,Autodromo Jose Carlos Pace,Brazil,max_verstappen,1,VER,Max Verstappen,Red Bull,19,3,3,15,71,Finished,5532346.0,2.0,72447.0,
2025,21,Sao Paulo Grand Prix,sao-paulo-grand-prix,2025-11-09,interlagos,Autodromo Jose Carlos Pace,Brazil,russell,63,RUS,George Russell,Mercedes,6,4,4,12,71,Finished,5536863.0,8.0,73097.0,
2025,21,Sao Paulo Grand Prix,sao-paulo-grand-prix,2025-11-09,interlagos,Autodromo Jose Carlos Pace,Brazil,piastri,81,PIA,Oscar Piastri,McLaren,4,5,5,10,71,Finished,5537345.0,3.0,72742.0,
2025,21,Sao Paulo Grand Prix,sao-paulo-grand-prix,2025-11-09,interlagos,Autodromo Jose Carlos Pace,Brazil,bearman,87,BEA,Oliver Bearman,Haas F1 Team,8,6,6,8,71,Finished,5551226.0,13.0,73483.0,
2025,21,Sao Paulo Grand Prix,sao-paulo-grand-prix,2025-11-09,interlagos,Autodromo Jose Carlos Pace,Brazil,lawson,30,LAW,Liam Lawson,RB F1 Team,7,7,7,6,71,Finished,5574238.0,18.0,74029.0,
2025,21,Sao Paulo Grand Prix,sao-paulo-grand-prix,2025-11-09,interlagos,Autodromo Jose Carlos Pace,Brazil,hadjar,6,HAD,Isack Hadjar,RB F1 Team,5,8,8,4,71,Finished,5574469.0,15.0,73694.0,
2025,21,Sao Paulo Grand Prix,sao-paulo-grand-prix,2025-11-09,interlagos,Autodromo Jose Carlos Pace,Brazil,hulkenberg,27,HUL,Nico Hulkenberg,Sauber,10,9,9,2,71,Finished,5574920.0,11.0,73474.0,
2025,21,Sao Paulo Grand Prix,sao-paulo-grand-prix,2025-11-09,interlagos,Autodromo Jose Carlos Pace,Brazil,gasly,10,GAS,Pierre Gasly,Alpine F1 Team,9,10,10,1,71,Finished,5575510.0,16.0,73736.0,
2025,21,Sao Paulo Grand Prix,sao-paulo-grand-prix,2025-11-09,interlagos,Autodromo Jose Carlos Pace,Brazil,albon,23,ALB,Alexander Albon,Williams,12,11,11,0,71,Finished,5575780.0,1.0,72400.0,
2025,21,Sao Paulo Grand Prix,sao-paulo-grand-prix,2025-11-09,interlagos,Autodromo Jose Carlos Pace,Brazil,ocon,31,OCO,Esteban Ocon,Haas F1 Team,20,12,12,0,71,Finished,5576292.0,12.0,73481.0,
2025,21,Sao Paulo Grand Prix,sao-paulo-grand-prix,2025-11-09,interlagos,Autodromo Jose Carlos Pace,Brazil,sainz,55,SAI,Carlos Sainz,Williams,15,13,13,0,71,Finished,5577016.0,14.0,73683.0,
2025,21,Sao Paulo Grand Prix,sao-paulo-grand-prix,2025-11-09,interlagos,Autodromo Jose Carlos Pace,Brazil,alonso,14,ALO,Fernando Alonso,Aston Martin,11,14,14,0,71,Finished,5577362.0,10.0,73312.0,
2025,21,Sao Paulo Grand Prix,sao-paulo-grand-prix,2025-11-09,interlagos,Autodromo Jose Carlos Pace,Brazil,colapinto,43,COL,Franco Colapinto,Alpine F1 Team,16,15,15,0,71,Finished,5579373.0,5.0,72816.0,
2025,21,Sao Paulo Grand Prix,sao-paulo-grand-prix,2025-11-09,interlagos,Autodromo Jose Carlos Pace,Brazil,stroll,18,STR,Lance Stroll,Aston Martin,14,16,16,0,71,Finished,5579843.0,7.0,73094.0,
2025,21,Sao Paulo Grand Prix,sao-paulo-grand-prix,2025-11-09,interlagos,Autodromo Jose Carlos Pace,Brazil,tsunoda,22,TSU,Yuki Tsunoda,Red Bull,17,17,17,0,71,Finished,5590772.0,4.0,72774.0,
2025,21,Sao Paulo Grand Prix,sao-paulo-grand-prix,2025-11-09,interlagos,Autodromo Jose Carlos Pace,Brazil,hamilton,44,HAM,Lewis Hamilton,Ferrari,13,18,R,0,37,Retired,,17.0,73844.0,
2025,21,Sao Paulo Grand Prix,sao-paulo-grand-prix,2025-11-09,interlagos,Autodromo Jose Carlos Pace,Brazil,leclerc,16,LEC,Charles Leclerc,Ferrari,3,19,R,0,5,Retired,,19.0,103560.0,
2025,21,Sao Paulo Grand Prix,sao-paulo-grand-prix,2025-11-09,interlagos,Autodromo Jose Carlos Pace,Brazil,bortoleto,5,BOR,Gabriel Bortoleto,Sauber,18,20,R,0,0,Retired,,,,
2025,4,Bahrain Grand Prix,bahrain-grand-prix,2025-04-13,bahrain,Bahrain International Circuit,Bahrain,piastri,81,PIA,Oscar Piastri,McLaren,1,1,1,25,57,Finished,5739435.0,1.0,95140.0,
2025,4,Bahrain Grand Prix,bahrain-grand-prix,2025-04-13,bahrain,Bahrain International Circuit,Bahrain,russell,63,RUS,George Russell,Mercedes,3,2,2,18,57,Finished,5754934.0,2.0,95518.0,
2025,4,Bahrain Grand Prix,bahrain-grand-prix,2025-04-13,bahrain,Bahrain International Circuit,Bahrain,norris,4,NOR,Lando Norris,McLaren,6,3,3,15,57,Finished,5755708.0,3.0,95728.0,
2025,4,Bahrain Grand Prix,bahrain-grand-prix,2025-04-13,bahrain,Bahrain International Circuit,Bahrain,leclerc,16,LEC,Charles Leclerc,Ferrari,2,4,4,12,57,Finished,5759114.0,4.0,96132.0,
2025,4,Bahrain Grand Prix,bahrain-grand-prix,2025-04-13,bahrain,Bahrain International Circuit,Bahrain,hamilton,44,HAM,Lewis Hamilton,Ferrari,9,5,5,10,57,Finished,5767428.0,6.0,96235.0,
2025,4,Bahrain Grand Prix,bahrain-grand-prix,2025-04-13,bahrain,Bahrain International Circuit,Bahrain,max_verstappen,1,VER,Max Verstappen,Red Bull,7,6,6,8,57,Finished,5773830.0,5.0,96167.0,
2025,4,Bahrain Grand Prix,bahrain-grand-prix,2025-04-13,bahrain,Bahrain International Circuit,Bahrain,gasly,10,GAS,Pierre Gasly,Alpine F1 Team,4,7,7,6,57,Finished,5775437.0,7.0,96531.0,
2025,4,Bahrain Grand Prix,bahrain-grand-prix,2025-04-13,bahrain,Bahrain International Circuit,Bahrain,ocon,31,OCO,Esteban Ocon,Haas F1 Team,14,8,8,4,57,Finished,5783679.0,12.0,97098.0,
2025,4,Bahrain Grand Prix,bahrain-grand-prix,2025-04-13,bahrain,Bahrain International Circuit,Bahrain,tsunoda,22,TSU,Yuki Tsunoda,Red Bull,10,9,9,2,57,Finished,5784496.0,14.0,97225.0,
2025,4,Bahrain Grand Prix,bahrain-grand-prix,2025-04-13,bahrain,Bahrain International Circuit,Bahrain,bearman,87,BEA,Oliver Bearman,Haas F1 Team,20,10,10,1,57,Finished,5787029.0,15.0,97303.0,
2025,4,Bahrain Grand Prix,bahrain-grand-prix,2025-04-13,bahrain,Bahrain International Circuit,Bahrain,antonelli,12,ANT,Andrea Kimi Antonelli,Mercedes,5,11,11,0,57,Finished,5787451.0,9.0,96690.0,
2025,4,Bahrain Grand Prix,bahrain-grand-prix,2025-04-13,bahrain,Bahrain International Circuit,Bahrain,albon,23,ALB,Alexander Albon,Williams,15,12,12,0,57,Finished,5788274.0,13.0,97141.0,
2025,4,Bahrain Grand Prix,bahrain-grand-prix,2025-04-13,bahrain,Bahrain International Circuit,Bahrain,hadjar,6,HAD,Isack Hadjar,RB F1 Team,12,13,13,0,57,Finished,5795749.0,10.0,96952.0,
2025,4,Bahrain Grand Prix,bahrain-grand-prix,2025-04-13,bahrain,Bahrain International Circuit,Bahrain,doohan,7,DOO,Jack Doohan,Alpine F1 Team,11,14,14,0,57,Finished,5797241.0,8.0,96682.0,
2025,4,Bahrain Grand Prix,bahrain-grand-prix,2025-04-13,bahrain,Bahrain International Circuit,Bahrain,alonso,14,ALO,Fernando Alonso,Aston Martin,13,15,15,0,57,Finished,5799775.0,17.0,97906.0,
2025,4,Bahrain Grand Prix,bahrain-grand-prix,2025-04-13,bahrain,Bahrain International Circuit,Bahrain,lawson,30,LAW,Liam Lawson,RB F1 Team,17,16,16,0,57,Finished,5803870.0,16.0,97380.0,
2025,4,Bahrain Grand Prix,bahrain-grand-prix,2025-04-13,bahrain,Bahrain International Circuit,Bahrain,stroll,18,STR,Lance Stroll,Aston Martin,19,17,17,0,57,Finished,5804924.0,19.0,98064.0,
2025,4,Bahrain Grand Prix,bahrain-grand-prix,2025-04-13,bahrain,Bahrain International Circuit,Bahrain,bortoleto,5,BOR,Gabriel Bortoleto,Sauber,18,18,18,0,57,Finished,5806307.0,18.0,98006.0,
2025,4,Bahrain Grand Prix,bahrain-grand-prix,2025-04-13,bahrain,Bahrain International Circuit,Bahrain,sainz,55,SAI,Carlos Sainz,Williams,8,19,R,0,45,Retired,,11.0,96954.0,
2025,4,Bahrain Grand Prix,bahrain-grand-prix,2025-04-13,bahrain,Bahrain International Circuit,Bahrain,hulkenberg,27,HUL,Nico Hulkenberg,Sauber,16,20,D,0,0,Disqualified,,,,
2025,14,Hungarian Grand Prix,hungarian-grand-prix,2025-08-03,hungaroring,Hungaroring,Hungary,norris,4,NOR,Lando Norris,McLaren,3,1,1,25,70,Finished,5721231.0,5.0,79918.0,
2025,14,Hungarian Grand Prix,hungarian-grand-prix,2025-08-03,hungaroring,Hungaroring,Hungary,piastri,81,PIA,Oscar Piastri,McLaren,2,2,2,18,70,Finished,5721929.0,2.0,79412.0,
2025,14,Hungarian Grand Prix,hungarian-grand-prix,2025-08-03,hungaroring,Hungaroring,Hungary,russell,63,RUS,George Russell,Mercedes,4,3,3,15,70,Finished,5743147.0,1.0,79409.0,
2025,14,Hungarian Grand Prix,hungarian-grand-prix,2025-08-03,hungaroring,Hungaroring,Hungary,leclerc,16,LEC,Charles Leclerc,Ferrari,1,4,4,12,70,Finished,5763791.0,9.0,80440.0,
2025,14,Hungarian Grand Prix,hungarian-grand-prix,2025-08-03,hungaroring,Hungaroring,Hungary,alonso,14,ALO,Fernando Alonso,Aston Martin,5,5,5,10,70,Finished,5780271.0,8.0,80113.0,
2025,14,Hungarian Grand Prix,hungarian-grand-prix,2025-08-03,hungaroring,Hungaroring,Hungary,bortoleto,5,BOR,Gabriel Bortoleto,Sauber,7,6,6,8,70,Finished,5787400.0,11.0,80705.0,
2025,14,Hungarian Grand Prix,hungarian-grand-prix,2025-08-03,hungaroring,Hungaroring,Hungary,stroll,18,STR,Lance Stroll,Aston Martin,6,7,7,6,70,Finished,5789405.0,12.0,80708.0,
2025,14,Hungarian Grand Prix,hungarian-grand-prix,2025-08-03,hungaroring,Hungaroring,Hungary,lawson,30,LAW,Liam Lawson,RB F1 Team,9,8,8,4,70,Finished,5790682.0,10.0,80457.0,
2025,14,Hungarian Grand Prix,hungarian-grand-prix,2025-08-03,hungaroring,Hungaroring,Hungary,max_verstappen,1,VER,Max Verstappen,Red Bull,8,9,9,2,70,Finished,5793876.0,3.0,79576.0,
2025,14,Hungarian Grand Prix,hungarian-grand-prix,2025-08-03,hungaroring,Hungaroring,Hungary,antonelli,12,ANT,Andrea Kimi Antonelli,Mercedes,15,10,10,1,69,Lapped,5728880.0,13.0,80745.0,
2025,14,Hungarian Grand Prix,hungarian-grand-prix,2025-08-03,hungaroring,Hungaroring,Hungary,hadjar,6,HAD,Isack Hadjar,RB F1 Team,10,11,11,0,69,Lapped,5729731.0,15.0,80802.0,
2025,14,Hungarian Grand Prix,hungarian-grand-prix,2025-08-03,hungaroring,Hungaroring,Hungary,hamilton,44,HAM,Lewis Hamilton,Ferrari,12,12,12,0,69,Lapped,5731092.0,7.0,80022.0,
2025,14,Hungarian Grand Prix,hungarian-grand-prix,2025-08-03,hungaroring,Hungaroring,Hungary,hulkenberg,27,HUL,Nico Hulkenberg,Sauber,18,13,13,0,69,Lapped,5752499.0,6.0,80013.0,
2025,14,Hungarian Grand Prix,hungarian-grand-prix,2025-08-03,hungaroring,Hungaroring,Hungary,sainz,55,SAI,Carlos Sainz,Williams,13,14,14,0,69,Lapped,5754557.0,4.0,79790.0,
2025,14,Hungarian Grand Prix,hungarian-grand-prix,2025-08-03,hungaroring,Hungaroring,Hungary,albon,23,ALB,Alexander Albon,Williams,19,15,15,0,69,Lapped,5759342.0,14.0,80779.0,
2025,14,Hungarian Grand Prix,hungarian-grand-prix,2025-08-03,hungaroring,Hungaroring,Hungary,ocon,31,OCO,Esteban Ocon,Haas F1 Team,17,16,16,0,69,Lapped,5766489.0,19.0,81916.0,
2025,14,Hungarian Grand Prix,hungarian-grand-prix,2025-08-03,hungaroring,Hungaroring,Hungary,tsunoda,22,TSU,Yuki Tsunoda,Red Bull,20,17,17,0,69,Lapped,5768174.0,17.0,81180.0,
2025,14,Hungarian Grand Prix,hungarian-grand-prix,2025-08-03,hungaroring,Hungaroring,Hungary,colapinto,43,COL,Franco Colapinto,Alpine F1 Team,14,18,18,0,69,Lapped,5768601.0,16.0,80827.0,
2025,14,Hungarian Grand Prix,hungarian-grand-prix,2025-08-03,hungaroring,Hungaroring,Hungary,gasly,10,GAS,Pierre Gasly,Alpine F1 Team,16,19,19,0,69,Lapped,5777575.0,18.0,81433.0,
2025,14,Hungarian Grand Prix,hungarian-grand-prix,2025-08-03,hungaroring,Hungaroring,Hungary,bearman,87,BEA,Oliver Bearman,Haas F1 Team,11,20,R,0,48,Retired,,20.0,81989.0,
2025,5,Saudi Arabian Grand Prix,saudi-arabian-grand-prix,2025-04-20,jeddah,Jeddah Corniche Circuit,Saudi Arabia,piastri,81,PIA,Oscar Piastri,McLaren,2,1,1,25,50,Finished,4866758.0,3.0,92228.0,
2025,5,Saudi Arabian Grand Prix,saudi-arabian-grand-prix,2025-04-20,jeddah,Jeddah Corniche Circuit,Saudi Arabia,max_verstappen,1,VER,Max Verstappen,Red Bull,1,2,2,18,50,Finished,4869601.0,4.0,92280.0,
2025,5,Saudi Arabian Grand Prix,saudi-arabian-grand-prix,2025-04-20,jeddah,Jeddah Corniche Circuit,Saudi Arabia,leclerc,16,LEC,Charles Leclerc,Ferrari,4,3,3,15,50,Finished,4874862.0,2.0,92192.0,
2025,5,Saudi Arabian Grand Prix,saudi-arabian-grand-prix,2025-04-20,jeddah,Jeddah Corniche Circuit,Saudi Arabia,norris,4,NOR,Lando Norris,McLaren,10,4,4,12,50,Finished,4875954.0,1.0,91778.0,
2025,5,Saudi Arabian Grand Prix,saudi-arabian-grand-prix,2025-04-20,jeddah,Jeddah Corniche Circuit,Saudi Arabia,russell,63,RUS,George Russell,Mercedes,3,5,5,10,50,Finished,4893994.0,9.0,92893.0,
2025,5,Saudi Arabian Grand Prix,saudi-arabian-grand-prix,2025-04-20,jeddah,Jeddah Corniche Circuit,Saudi Arabia,antonelli,12,ANT,Andrea Kimi Antonelli,Mercedes,5,6,6,8,50,Finished,4901446.0,5.0,92396.0,
2025,5,Saudi Arabian Grand Prix,saudi-arabian-grand-prix,2025-04-20,jeddah,Jeddah Corniche Circuit,Saudi Arabia,hamilton,44,HAM,Lewis Hamilton,Ferrari,7,7,7,6,50,Finished,4905831.0,7.0,92600.0,
2025,5,Saudi Arabian Grand Prix,saudi-arabian-grand-prix,2025-04-20,jeddah,Jeddah Corniche Circuit,Saudi Arabia,sainz,55,SAI,Carlos Sainz,Williams,6,8,8,4,50,Finished,4931388.0,6.0,92466.0,
2025,5,Saudi Arabian Grand Prix,saudi-arabian-grand-prix,2025-04-20,jeddah,Jeddah Corniche Circuit,Saudi Arabia,albon,23,ALB,Alexander Albon,Williams,11,9,9,2,50,Finished,4933273.0,16.0,93477.0,
2025,5,Saudi Arabian Grand Prix,saudi-arabian-grand-prix,2025-04-20,jeddah,Jeddah Corniche Circuit,Saudi Arabia,hadjar,6,HAD,Isack Hadjar,RB F1 Team,14,10,10,1,50,Finished,4933849.0,14.0,93257.0,
2025,5,Saudi Arabian Grand Prix,saudi-arabian-grand-prix,2025-04-20,jeddah,Jeddah Corniche Circuit,Saudi Arabia,alonso,14,ALO,Fernando Alonso,Aston Martin,13,11,11,0,50,Finished,4942675.0,11.0,93009.0,
2025,5,Saudi Arabian Grand Prix,saudi-arabian-grand-prix,2025-04-20,jeddah,Jeddah Corniche Circuit,Saudi Arabia,lawson,30,LAW,Liam Lawson,RB F1 Team,12,12,12,0,50,Finished,4945209.0,10.0,92998.0,
2025,5,Saudi Arabian Grand Prix,saudi-arabian-grand-prix,2025-04-20,jeddah,Jeddah Corniche Circuit,Saudi Arabia,bearman,87,BEA,Oliver Bearman,Haas F1 Team,15,13,13,0,50,Finished,4945952.0,13.0,93238.0,
2025,5,Saudi Arabian Grand Prix,saudi-arabian-grand-prix,2025-04-20,jeddah,Jeddah Corniche Circuit,Saudi Arabia,ocon,31,OCO,Esteban Ocon,Haas F1 Team,19,14,14,0,50,Finished,4966481.0,17.0,94309.0,
2025,5,Saudi Arabian Grand Prix,saudi-arabian-grand-prix,2025-04-20,jeddah,Jeddah Corniche Circuit,Saudi Arabia,hulkenberg,27,HUL,Nico Hulkenberg,Sauber,18,15,15,0,49,Lapped,4871367.0,15.0,93446.0,
2025,5,Saudi Arabian Grand Prix,saudi-arabian-grand-prix,2025-04-20,jeddah,Jeddah Corniche Circuit,Saudi Arabia,stroll,18,STR,Lance Stroll,Aston Martin,16,16,16,0,49,Lapped,4872285.0,8.0,92745.0,
2025,5,Saudi Arabian Grand Prix,saudi-arabian-grand-prix,2025-04-20,jeddah,Jeddah Corniche Circuit,Saudi Arabia,doohan,7,DOO,Jack Doohan,Alpine F1 Team,17,17,17,0,49,Lapped,4886022.0,12.0,93150.0,
2025,5,Saudi Arabian Grand Prix,saudi-arabian-grand-prix,2025-04-20,jeddah,Jeddah Corniche Circuit,Saudi Arabia,bortoleto,5,BOR,Gabriel Bortoleto,Sauber,20,18,18,0,49,Lapped,4886064.0,18.0,94447.0,
2025,5,Saudi Arabian Grand Prix,saudi-arabian-grand-prix,2025-04-20,jeddah,Jeddah Corniche Circuit,Saudi Arabia,tsunoda,22,TSU,Yuki Tsunoda,Red Bull,8,19,R,0,1,Retired,,,,
2025,5,Saudi Arabian Grand Prix,saudi-arabian-grand-prix,2025-04-20,jeddah,Jeddah Corniche Circuit,Saudi Arabia,gasly,10,GAS,Pierre Gasly,Alpine F1 Team,9,20,R,0,0,Retired,,,,
2025,19,United States Grand Prix,united-states-grand-prix,2025-10-19,americas,Circuit of the Americas,USA,max_verstappen,1,VER,Max Verstappen,Red Bull,1,1,1,25,56,Finished,5640161.0,3.0,97991.0,
2025,19,United States Grand Prix,united-states-grand-prix,2025-10-19,americas,Circuit of the Americas,USA,norris,4,NOR,Lando Norris,McLaren,2,2,2,18,56,Finished,5648120.0,2.0,97620.0,
2025,19,United States Grand Prix,united-states-grand-prix,2025-10-19,americas,Circuit of the Americas,USA,leclerc,16,LEC,Charles Leclerc,Ferrari,3,3,3,15,56,Finished,5655534.0,5.0,98231.0,
2025,19,United States Grand Prix,united-states-grand-prix,2025-10-19,americas,Circuit of the Americas,USA,hamilton,44,HAM,Lewis Hamilton,Ferrari,5,4,4,12,56,Finished,5668697.0,8.0,98361.0,
2025,19,United States Grand Prix,united-states-grand-prix,2025-10-19,americas,Circuit of the Americas,USA,piastri,81,PIA,Oscar Piastri,McLaren,6,5,5,10,56,Finished,5669839.0,10.0,98564.0,
2025,19,United States Grand Prix,united-states-grand-prix,2025-10-19,americas,Circuit of the Americas,USA,russell,63,RUS,George Russell,Mercedes,4,6,6,8,56,Finished,5673617.0,4.0,98224.0,
2025,19,United States Grand Prix,united-states-grand-prix,2025-10-19,americas,Circuit of the Americas,USA,tsunoda,22,TSU,Yuki Tsunoda,Red Bull,13,7,7,6,56,Finished,5692875.0,13.0,98803.0,
2025,19,United States Grand Prix,united-states-grand-prix,2025-10-19,americas,Circuit of the Americas,USA,hulkenberg,27,HUL,Nico Hulkenberg,Sauber,11,8,8,4,56,Finished,5697410.0,9.0,98372.0,
2025,19,United States Grand Prix,united-states-grand-prix,2025-10-19,americas,Circuit of the Americas,USA,bearman,87,BEA,Oliver Bearman,Haas F1 Team,8,9,9,2,56,Finished,5704883.0,16.0,99119.0,
2025,19,United States Grand Prix,united-states-grand-prix,2025-10-19,americas,Circuit of the Americas,USA,alonso,14,ALO,Fernando Alonso,Aston Martin,10,10,10,1,56,Finished,5710162.0,12.0,98789.0,
2025,19,United States Grand Prix,united-states-grand-prix,2025-10-19,americas,Circuit of the Americas,USA,lawson,30,LAW,Liam Lawson,RB F1 Team,12,11,11,0,56,Finished,5713370.0,14.0,98983.0,
2025,19,United States Grand Prix,united-states-grand-prix,2025-10-19,americas,Circuit of the Americas,USA,stroll,18,STR,Lance Stroll,Aston Martin,19,12,12,0,56,Finished,5714939.0,15.0,99071.0,
2025,19,United States Grand Prix,united-states-grand-prix,2025-10-19,americas,Circuit of the Americas,USA,antonelli,12,ANT,Andrea Kimi Antonelli,Mercedes,7,13,13,0,56,Finished,5715907.0,1.0,97577.0,
2025,19,United States Grand Prix,united-states-grand-prix,2025-10-19,americas,Circuit of the Americas,USA,albon,23,ALB,Alexander Albon,Williams,18,14,14,0,56,Finished,5720161.0,7.0,98328.0,
2025,19,United States Grand Prix,united-states-grand-prix,2025-10-19,americas,Circuit of the Americas,USA,ocon,31,OCO,Esteban Ocon,Haas F1 Team,17,15,15,0,56,Finished,5723204.0,18.0,99263.0,
2025,19,United States Grand Prix,united-states-grand-prix,2025-10-19,americas,Circuit of the Americas,USA,hadjar,6,HAD,Isack Hadjar,RB F1 Team,20,16,16,0,56,Finished,5732968.0,11.0,98724.0,
2025,19,United States Grand Prix,united-states-grand-prix,2025-10-19,americas,Circuit of the Americas,USA,colapinto,43,COL,Franco Colapinto,Alpine F1 Team,15,17,17,0,55,Lapped,5642468.0,17.0,99173.0,
2025,19,United States Grand Prix,united-states-grand-prix,2025-10-19,americas,Circuit of the Americas,USA,bortoleto,5,BOR,Gabriel Bortoleto,Sauber,16,18,18,0,55,Lapped,5643718.0,6.0,98275.0,
2025,19,United States Grand Prix,united-states-grand-prix,2025-10-19,americas,Circuit of the Americas,USA,gasly,10,GAS,Pierre Gasly,Alpine F1 Team,14,19,19,0,55,Lapped,5646316.0,19.0,99270.0,
2025,19,United States Grand Prix,united-states-grand-prix,2025-10-19,americas,Circuit of the Americas,USA,sainz,55,SAI,Carlos Sainz,Williams,9,20,R,0,5,Retired,,20.0,100327.0,
2025,1,Australian Grand Prix,australian-grand-prix,2025-03-16,albert_park,Albert Park Grand Prix Circuit,Australia,norris,4,NOR,Lando Norris,McLaren,1,1,1,25,57,Finished,6126304.0,1.0,82167.0,
2025,1,Australian Grand Prix,australian-grand-prix,2025-03-16,albert_park,Albert Park Grand Prix Circuit,Australia,max_verstappen,1,VER,Max Verstappen,Red Bull,3,2,2,18,57,Finished,6127199.0,3.0,83081.0,
2025,1,Australian Grand Prix,australian-grand-prix,2025-03-16,albert_park,Albert Park Grand Prix Circuit,Australia,russell,63,RUS,George Russell,Mercedes,4,3,3,15,57,Finished,6134785.0,11.0,85065.0,
2025,1,Australian Grand Prix,australian-grand-prix,2025-03-16,albert_park,Albert Park Grand Prix Circuit,Australia,antonelli,12,ANT,Andrea Kimi Antonelli,Mercedes,16,4,4,12,57,Finished,6136439.0,9.0,84901.0,
2025,1,Australian Grand Prix,australian-grand-prix,2025-03-16,albert_park,Albert Park Grand Prix Circuit,Australia,albon,23,ALB,Alexander Albon,Williams,6,5,5,10,57,Finished,6139077.0,8.0,84597.0,
2025,1,Australian Grand Prix,australian-grand-prix,2025-03-16,albert_park,Albert Park Grand Prix Circuit,Australia,stroll,18,STR,Lance Stroll,Aston Martin,13,6,6,8,57,Finished,6143717.0,14.0,85538.0,
2025,1,Australian Grand Prix,australian-grand-prix,2025-03-16,albert_park,Albert Park Grand Prix Circuit,Australia,hulkenberg,27,HUL,Nico Hulkenberg,Sauber,17,7,7,6,57,Finished,6144727.0,12.0,85243.0,
2025,1,Australian Grand Prix,australian-grand-prix,2025-03-16,albert_park,Albert Park Grand Prix Circuit,Australia,leclerc,16,LEC,Charles Leclerc,Ferrari,7,8,8,4,57,Finished,6146130.0,13.0,85271.0,
2025,1,Australian Grand Prix,australian-grand-prix,2025-03-16,albert_park,Albert Park Grand Prix Circuit,Australia,piastri,81,PIA,Oscar Piastri,McLaren,2,9,9,2,57,Finished,6146752.0,4.0,83242.0,
2025,1,Australian Grand Prix,australian-grand-prix,2025-03-16,albert_park,Albert Park Grand Prix Circuit,Australia,hamilton,44,HAM,Lewis Hamilton,Ferrari,8,10,10,1,57,Finished,6148777.0,7.0,84218.0,
2025,1,Australian Grand Prix,australian-grand-prix,2025-03-16,albert_park,Albert Park Grand Prix Circuit,Australia,gasly,10,GAS,Pierre Gasly,Alpine F1 Team,9,11,11,0,57,Finished,6152806.0,10.0,85020.0,
2025,1,Australian Grand Prix,australian-grand-prix,2025-03-16,albert_park,Albert Park Grand Prix Circuit,Australia,tsunoda,22,TSU,Yuki Tsunoda,RB F1 Team,5,12,12,0,57,Finished,6156188.0,6.0,84194.0,
2025,1,Australian Grand Prix,australian-grand-prix,2025-03-16,albert_park,Albert Park Grand Prix Circuit,Australia,ocon,31,OCO,Esteban Ocon,Haas F1 Team,19,13,13,0,57,Finished,6159465.0,15.0,86764.0,
2025,1,Australian Grand Prix,australian-grand-prix,2025-03-16,albert_park,Albert Park Grand Prix Circuit,Australia,bearman,87,BEA,Oliver Bearman,Haas F1 Team,20,14,14,0,57,Finished,6166655.0,16.0,87603.0,
2025,1,Australian Grand Prix,australian-grand-prix,2025-03-16,albert_park,Albert Park Grand Prix Circuit,Australia,lawson,30,LAW,Liam Lawson,Red Bull,18,15,R,0,46,Retired,,2.0,82970.0,
2025,1,Australian Grand Prix,australian-grand-prix,2025-03-16,albert_park,Albert Park Grand Prix Circuit,Australia,bortoleto,5,BOR,Gabriel Bortoleto,Sauber,15,16,R,0,45,Retired,,5.0,84192.0,
2025,1,Australian Grand Prix,australian-grand-prix,2025-03-16,albert_park,Albert Park Grand Prix Circuit,Australia,alonso,14,ALO,Fernando Alonso,Aston Martin,12,17,R,0,32,Retired,,17.0,88819.0,
2025,1,Australian Grand Prix,australian-grand-prix,2025-03-16,albert_park,Albert Park Grand Prix Circuit,Australia,sainz,55,SAI,Carlos Sainz,Williams,10,18,R,0,0,Retired,,,,
2025,1,Australian Grand Prix,australian-grand-prix,2025-03-16,albert_park,Albert Park Grand Prix Circuit,Australia,doohan,7,DOO,Jack Doohan,Alpine F1 Team,14,19,R,0,0,Retired,,,,
2025,1,Australian Grand Prix,australian-grand-prix,2025-03-16,albert_park,Albert Park Grand Prix Circuit,Australia,hadjar,6,HAD,Isack Hadjar,RB F1 Team,11,20,R,0,0,Retired,,,,
2025,13,Belgian Grand Prix,belgian-grand-prix,2025-07-27,spa,Circuit de Spa-Francorchamps,Belgium,piastri,81,PIA,Oscar Piastri,McLaren,2,1,1,25,44,Finished,5122601.0,4.0,105706.0,
2025,13,Belgian Grand Prix,belgian-grand-prix,2025-07-27,spa,Circuit de Spa-Francorchamps,Belgium,norris,4,NOR,Lando Norris,McLaren,1,2,2,18,44,Finished,5126016.0,3.0,105257.0,
2025,13,Belgian Grand Prix,belgian-grand-prix,2025-07-27,spa,Circuit de Spa-Francorchamps,Belgium,leclerc,16,LEC,Charles Leclerc,Ferrari,3,3,3,15,44,Finished,5142786.0,9.0,106174.0,
2025,13,Belgian Grand Prix,belgian-grand-prix,2025-07-27,spa,Circuit de Spa-Francorchamps,Belgium,max_verstappen,1,VER,Max Verstappen,Red Bull,4,4,4,12,44,Finished,5144332.0,7.0,106096.0,
2025,13,Belgian Grand Prix,belgian-grand-prix,2025-07-27,spa,Circuit de Spa-Francorchamps,Belgium,russell,63,RUS,George Russell,Mercedes,6,5,5,10,44,Finished,5157464.0,11.0,106566.0,
2025,13,Belgian Grand Prix,belgian-grand-prix,2025-07-27,spa,Circuit de Spa-Francorchamps,Belgium,albon,23,ALB,Alexander Albon,Williams,5,6,6,8,44,Finished,5162527.0,15.0,106813.0,
2025,13,Belgian Grand Prix,belgian-grand-prix,2025-07-27,spa,Circuit de Spa-Francorchamps,Belgium,hamilton,44,HAM,Lewis Hamilton,Ferrari,18,7,7,6,44,Finished,5163280.0,10.0,106534.0,
2025,13,Belgian Grand Prix,belgian-grand-prix,2025-07-27,spa,Circuit de Spa-Francorchamps,Belgium,lawson,30,LAW,Liam Lawson,RB F1 Team,9,8,8,4,44,Finished,5174634.0,12.0,106649.0,
2025,13,Belgian Grand Prix,belgian-grand-prix,2025-07-27,spa,Circuit de Spa-Francorchamps,Belgium,bortoleto,5,BOR,Gabriel Bortoleto,Sauber,10,9,9,2,44,Finished,5179035.0,16.0,106966.0,
2025,13,Belgian Grand Prix,belgian-grand-prix,2025-07-27,spa,Circuit de Spa-Francorchamps,Belgium,gasly,10,GAS,Pierre Gasly,Alpine F1 Team,13,10,10,1,44,Finished,5195315.0,17.0,107177.0,
2025,13,Belgian Grand Prix,belgian-grand-prix,2025-07-27,spa,Circuit de Spa-Francorchamps,Belgium,bearman,87,BEA,Oliver Bearman,Haas F1 Team,12,11,11,0,44,Finished,5195746.0,13.0,106709.0,
2025,13,Belgian Grand Prix,belgian-grand-prix,2025-07-27,spa,Circuit de Spa-Francorchamps,Belgium,hulkenberg,27,HUL,Nico Hulkenberg,Sauber,14,12,12,0,44,Finished,5196229.0,2.0,105068.0,
2025,13,Belgian Grand Prix,belgian-grand-prix,2025-07-27,spa,Circuit de Spa-Francorchamps,Belgium,tsunoda,22,TSU,Yuki Tsunoda,Red Bull,7,13,13,0,44,Finished,5197996.0,19.0,107241.0,
2025,13,Belgian Grand Prix,belgian-grand-prix,2025-07-27,spa,Circuit de Spa-Francorchamps,Belgium,stroll,18,STR,Lance Stroll,Aston Martin,16,14,14,0,44,Finished,5202432.0,18.0,107212.0,
2025,13,Belgian Grand Prix,belgian-grand-prix,2025-07-27,spa,Circuit de Spa-Francorchamps,Belgium,ocon,31,OCO,Esteban Ocon,Haas F1 Team,11,15,15,0,44,Finished,5208664.0,14.0,106744.0,
2025,13,Belgian Grand Prix,belgian-grand-prix,2025-07-27,spa,Circuit de Spa-Francorchamps,Belgium,antonelli,12,ANT,Andrea Kimi Antonelli,Mercedes,19,16,16,0,44,Finished,5209322.0,1.0,104861.0,
2025,13,Belgian Grand Prix,belgian-grand-prix,2025-07-27,spa,Circuit de Spa-Francorchamps,Belgium,alonso,14,ALO,Fernando Alonso,Aston Martin,20,17,17,0,44,Finished,5210525.0,5.0,105849.0,
2025,13,Belgian Grand Prix,belgian-grand-prix,2025-07-27,spa,Circuit de Spa-Francorchamps,Belgium,sainz,55,SAI,Carlos Sainz,Williams,17,18,18,0,44,Finished,5214625.0,6.0,106073.0,
2025,13,Belgian Grand Prix,belgian-grand-prix,2025-07-27,spa,Circuit de Spa-Francorchamps,Belgium,colapinto,43,COL,Franco Colapinto,Alpine F1 Team,15,19,19,0,44,Finished,5217851.0,8.0,106104.0,
2025,13,Belgian Grand Prix,belgian-grand-prix,2025-07-27,spa,Circuit de Spa-Francorchamps,Belgium,hadjar,6,HAD,Isack Hadjar,RB F1 Team,8,20,20,0,43,Lapped,5135543.0,20.0,107667.0,
2025,9,Spanish Grand Prix,spanish-grand-prix,2025-06-01,catalunya,Circuit de Barcelona-Catalunya,Spain,piastri,81,PIA,Oscar Piastri,McLaren,1,1,1,25,66,Finished,5577375.0,1.0,75743.0,
2025,9,Spanish Grand Prix,spanish-grand-prix,2025-06-01,catalunya,Circuit de Barcelona-Catalunya,Spain,norris,4,NOR,Lando Norris,McLaren,2,2,2,18,66,Finished,5579846.0,2.0,76187.0,
2025,9,Spanish Grand Prix,spanish-grand-prix,2025-06-01,catalunya,Circuit de Barcelona-Catalunya,Spain,leclerc,16,LEC,Charles Leclerc,Ferrari,7,3,3,15,66,Finished,5587830.0,5.0,77259.0,
2025,9,Spanish Grand Prix,spanish-grand-prix,2025-06-01,catalunya,Circuit de Barcelona-Catalunya,Spain,russell,63,RUS,George Russell,Mercedes,4,4,4,12,66,Finished,5588734.0,4.0,77244.0,
2025,9,Spanish Grand Prix,spanish-grand-prix,2025-06-01,catalunya,Circuit de Barcelona-Catalunya,Spain,hulkenberg,27,HUL,Nico Hulkenberg,Sauber,15,5,5,10,66,Finished,5591023.0,6.0,77575.0,
2025,9,Spanish Grand Prix,spanish-grand-prix,2025-06-01,catalunya,Circuit de Barcelona-Catalunya,Spain,hamilton,44,HAM,Lewis Hamilton,Ferrari,5,6,6,8,66,Finished,5592883.0,7.0,77706.0,
2025,9,Spanish Grand Prix,spanish-grand-prix,2025-06-01,catalunya,Circuit de Barcelona-Catalunya,Spain,hadjar,6,HAD,Isack Hadjar,RB F1 Team,9,7,7,6,66,Finished,5593397.0,8.0,77770.0,
2025,9,Spanish Grand Prix,spanish-grand-prix,2025-06-01,catalunya,Circuit de Barcelona-Catalunya,Spain,gasly,10,GAS,Pierre Gasly,Alpine F1 Team,8,8,8,4,66,Finished,5595257.0,9.0,77896.0,
2025,9,Spanish Grand Prix,spanish-grand-prix,2025-06-01,catalunya,Circuit de Barcelona-Catalunya,Spain,alonso,14,ALO,Fernando Alonso,Aston Martin,10,9,9,2,66,Finished,5598939.0,11.0,78128.0,
2025,9,Spanish Grand Prix,spanish-grand-prix,2025-06-01,catalunya,Circuit de Barcelona-Catalunya,Spain,max_verstappen,1,VER,Max Verstappen,Red Bull,3,10,10,1,66,Finished,5599201.0,3.0,77019.0,
2025,9,Spanish Grand Prix,spanish-grand-prix,2025-06-01,catalunya,Circuit de Barcelona-Catalunya,Spain,lawson,30,LAW,Liam Lawson,RB F1 Team,13,11,11,0,66,Finished,5602907.0,18.0,79424.0,
2025,9,Spanish Grand Prix,spanish-grand-prix,2025-06-01,catalunya,Circuit de Barcelona-Catalunya,Spain,bortoleto,5,BOR,Gabriel Bortoleto,Sauber,12,12,12,0,66,Finished,5603371.0,13.0,78297.0,
2025,9,Spanish Grand Prix,spanish-grand-prix,2025-06-01,catalunya,Circuit de Barcelona-Catalunya,Spain,tsunoda,22,TSU,Yuki Tsunoda,Red Bull,19,13,13,0,66,Finished,5606197.0,10.0,77998.0,
2025,9,Spanish Grand Prix,spanish-grand-prix,2025-06-01,catalunya,Circuit de Barcelona-Catalunya,Spain,sainz,55,SAI,Carlos Sainz,Williams,17,14,14,0,66,Finished,5606684.0,17.0,79317.0,
2025,9,Spanish Grand Prix,spanish-grand-prix,2025-06-01,catalunya,Circuit de Barcelona-Catalunya,Spain,colapinto,43,COL,Franco Colapinto,Alpine F1 Team,18,15,15,0,66,Finished,5608756.0,14.0,78353.0,
2025,9,Spanish Grand Prix,spanish-grand-prix,2025-06-01,catalunya,Circuit de Barcelona-Catalunya,Spain,ocon,31,OCO,Esteban Ocon,Haas F1 Team,16,16,16,0,66,Finished,5609572.0,15.0,78624.0,
2025,9,Spanish Grand Prix,spanish-grand-prix,2025-06-01,catalunya,Circuit de Barcelona-Catalunya,Spain,bearman,87,BEA,Oliver Bearman,Haas F1 Team,14,17,17,0,66,Finished,5614440.0,16.0,78907.0,
2025,9,Spanish Grand Prix,spanish-grand-prix,2025-06-01,catalunya,Circuit de Barcelona-Catalunya,Spain,antonelli,12,ANT,Andrea Kimi Antonelli,Mercedes,6,18,R,0,53,Retired,,12.0,78255.0,
2025,9,Spanish Grand Prix,spanish-grand-prix,2025-06-01,catalunya,Circuit de Barcelona-Catalunya,Spain,albon,23,ALB,Alexander Albon,Williams,11,19,R,0,27,Retired,,19.0,80508.0,
2025,20,Mexico City Grand Prix,mexico-city-grand-prix,2025-10-26,rodriguez,Autodromo Hermanos Rodriguez,Mexico,norris,4,NOR,Lando Norris,McLaren,1,1,1,25,71,Finished,5878574.0,8.0,80764.0,
2025,20,Mexico City Grand Prix,mexico-city-grand-prix,2025-10-26,rodriguez,Autodromo Hermanos Rodriguez,Mexico,leclerc,16,LEC,Charles Leclerc,Ferrari,2,2,2,18,71,Finished,5908898.0,14.0,81588.0,
2025,20,Mexico City Grand Prix,mexico-city-grand-prix,2025-10-26,rodriguez,Autodromo Hermanos Rodriguez,Mexico,max_verstappen,1,VER,Max Verstappen,Red Bull,5,3,3,15,71,Finished,5909623.0,10.0,81108.0,
2025,20,Mexico City Grand Prix,mexico-city-grand-prix,2025-10-26,rodriguez,Autodromo Hermanos Rodriguez,Mexico,bearman,87,BEA,Oliver Bearman,Haas F1 Team,9,4,4,12,71,Finished,5919529.0,7.0,80705.0,
2025,20,Mexico City Grand Prix,mexico-city-grand-prix,2025-10-26,rodriguez,Autodromo Hermanos Rodriguez,Mexico,piastri,81,PIA,Oscar Piastri,McLaren,7,5,5,10,71,Finished,5920639.0,3.0,80422.0,
2025,20,Mexico City Grand Prix,mexico-city-grand-prix,2025-10-26,rodriguez,Autodromo Hermanos Rodriguez,Mexico,antonelli,12,ANT,Andrea Kimi Antonelli,Mercedes,6,6,6,8,71,Finished,5926411.0,9.0,80826.0,
2025,20,Mexico City Grand Prix,mexico-city-grand-prix,2025-10-26,rodriguez,Autodromo Hermanos Rodriguez,Mexico,russell,63,RUS,George Russell,Mercedes,4,7,7,6,71,Finished,5928861.0,1.0,80052.0,
2025,20,Mexico City Grand Prix,mexico-city-grand-prix,2025-10-26,rodriguez,Autodromo Hermanos Rodriguez,Mexico,hamilton,44,HAM,Lewis Hamilton,Ferrari,3,8,8,4,71,Finished,5935020.0,6.0,80601.0,
2025,20,Mexico City Grand Prix,mexico-city-grand-prix,2025-10-26,rodriguez,Autodromo Hermanos Rodriguez,Mexico,ocon,31,OCO,Esteban Ocon,Haas F1 Team,11,9,9,2,71,Finished,5954038.0,17.0,81869.0,
2025,20,Mexico City Grand Prix,mexico-city-grand-prix,2025-10-26,rodriguez,Autodromo Hermanos Rodriguez,Mexico,bortoleto,5,BOR,Gabriel Bortoleto,Sauber,16,10,10,1,71,Finished,5955437.0,11.0,81121.0,
2025,20,Mexico City Grand Prix,mexico-city-grand-prix,2025-10-26,rodriguez,Autodromo Hermanos Rodriguez,Mexico,tsunoda,22,TSU,Yuki Tsunoda,Red Bull,10,11,11,0,71,Finished,5957622.0,13.0,81486.0,
2025,20,Mexico City Grand Prix,mexico-city-grand-prix,2025-10-26,rodriguez,Autodromo Hermanos Rodriguez,Mexico,albon,23,ALB,Alexander Albon,Williams,17,12,12,0,70,Lapped,5881024.0,4.0,80480.0,
2025,20,Mexico City Grand Prix,mexico-city-grand-prix,2025-10-26,rodriguez,Autodromo Hermanos Rodriguez,Mexico,hadjar,6,HAD,Isack Hadjar,RB F1 Team,8,13,13,0,70,Lapped,5885230.0,16.0,81714.0,
2025,20,Mexico City Grand Prix,mexico-city-grand-prix,2025-10-26,rodriguez,Autodromo Hermanos Rodriguez,Mexico,stroll,18,STR,Lance Stroll,Aston Martin,19,14,14,0,70,Lapped,5885609.0,5.0,80593.0,
2025,20,Mexico City Grand Prix,mexico-city-grand-prix,2025-10-26,rodriguez,Autodromo Hermanos Rodriguez,Mexico,gasly,10,GAS,Pierre Gasly,Alpine F1 Team,18,15,15,0,70,Lapped,5922654.0,18.0,82271.0,
2025,20,Mexico City Grand Prix,mexico-city-grand-prix,2025-10-26,rodriguez,Autodromo Hermanos Rodriguez,Mexico,colapinto,43,COL,Franco Colapinto,Alpine F1 Team,20,16,16,0,70,Lapped,5922950.0,12.0,81342.0,
2025,20,Mexico City Grand Prix,mexico-city-grand-prix,2025-10-26,rodriguez,Autodromo Hermanos Rodriguez,Mexico,sainz,55,SAI,Carlos Sainz,Williams,12,17,17,0,67,Retired,5614132.0,2.0,80098.0,
2025,20,Mexico City Grand Prix,mexico-city-grand-prix,2025-10-26,rodriguez,Autodromo Hermanos Rodriguez,Mexico,alonso,14,ALO,Fernando Alonso,Aston Martin,14,18,R,0,34,Retired,,15.0,81708.0,
2025,20,Mexico City Grand Prix,mexico-city-grand-prix,2025-10-26,rodriguez,Autodromo Hermanos Rodriguez,Mexico,hulkenberg,27,HUL,Nico Hulkenberg,Sauber,13,19,R,0,25,Retired,,19.0,83091.0,
2025,20,Mexico City Grand Prix,mexico-city-grand-prix,2025-10-26,rodriguez,Autodromo Hermanos Rodriguez,Mexico,lawson,30,LAW,Liam Lawson,RB F1 Team,15,20,R,0,5,Retired,,20.0,85124.0,
2025,12,British Grand Prix,british-grand-prix,2025-07-06,silverstone,Silverstone Circuit,UK,norris,4,NOR,Lando Norris,McLaren,3,1,1,25,52,Finished,5835735.0,2.0,89734.0,
2025,12,British Grand Prix,british-grand-prix,2025-07-06,silverstone,Silverstone Circuit,UK,piastri,81,PIA,Oscar Piastri,McLaren,2,2,2,18,52,Finished,5842547.0,1.0,89337.0,
2025,12,British Grand Prix,british-grand-prix,2025-07-06,silverstone,Silverstone Circuit,UK,hulkenberg,27,HUL,Nico Hulkenberg,Sauber,19,3,3,15,52,Finished,5870477.0,14.0,90933.0,
2025,12,British Grand Prix,british-grand-prix,2025-07-06,silverstone,Silverstone Circuit,UK,hamilton,44,HAM,Lewis Hamilton,Ferrari,5,4,4,12,52,Finished,5875547.0,3.0,90016.0,
2025,12,British Grand Prix,british-grand-prix,2025-07-06,silverstone,Silverstone Circuit,UK,max_verstappen,1,VER,Max Verstappen,Red Bull,1,5,5,10,52,Finished,5892516.0,5.0,90179.0,
2025,12,British Grand Prix,british-grand-prix,2025-07-06,silverstone,Silverstone Circuit,UK,gasly,10,GAS,Pierre Gasly,Alpine F1 Team,8,6,6,8,52,Finished,5895592.0,8.0,90751.0,
2025,12,British Grand Prix,british-grand-prix,2025-07-06,silverstone,Silverstone Circuit,UK,stroll,18,STR,Lance Stroll,Aston Martin,17,7,7,6,52,Finished,5896338.0,15.0,92088.0,
2025,12,British Grand Prix,british-grand-prix,2025-07-06,silverstone,Silverstone Circuit,UK,albon,23,ALB,Alexander Albon,Williams,13,8,8,4,52,Finished,5899870.0,4.0,90047.0,
2025,12,British Grand Prix,british-grand-prix,2025-07-06,silverstone,Silverstone Circuit,UK,alonso,14,ALO,Fernando Alonso,Aston Martin,7,9,9,2,52,Finished,5901593.0,6.0,90353.0,
2025,12,British Grand Prix,british-grand-prix,2025-07-06,silverstone,Silverstone Circuit,UK,russell,63,RUS,George Russell,Mercedes,4,10,10,1,52,Finished,5906409.0,11.0,90869.0,
2025,12,British Grand Prix,british-grand-prix,2025-07-06,silverstone,Silverstone Circuit,UK,bearman,87,BEA,Oliver Bearman,Haas F1 Team,18,11,11,0,52,Finished,5907830.0,13.0,90921.0,
2025,12,British Grand Prix,british-grand-prix,2025-07-06,silverstone,Silverstone Circuit,UK,sainz,55,SAI,Carlos Sainz,Williams,9,12,12,0,52,Finished,5912327.0,7.0,90645.0,
2025,12,British Grand Prix,british-grand-prix,2025-07-06,silverstone,Silverstone Circuit,UK,ocon,31,OCO,Esteban Ocon,Haas F1 Team,14,13,13,0,52,Finished,5913036.0,9.0,90818.0,
2025,12,British Grand Prix,british-grand-prix,2025-07-06,silverstone,Silverstone Circuit,UK,leclerc,16,LEC,Charles Leclerc,Ferrari,6,14,14,0,52,Finished,5920212.0,10.0,90819.0,
2025,12,British Grand Prix,british-grand-prix,2025-07-06,silverstone,Silverstone Circuit,UK,tsunoda,22,TSU,Yuki Tsunoda,Red Bull,11,15,15,0,51,Lapped,5867985.0,12.0,90873.0,
2025,12,British Grand Prix,british-grand-prix,2025-07-06,silverstone,Silverstone Circuit,UK,antonelli,12,ANT,Andrea Kimi Antonelli,Mercedes,10,16,R,0,23,Retired,,17.0,105576.0,
2025,12,British Grand Prix,british-grand-prix,2025-07-06,silverstone,Silverstone Circuit,UK,hadjar,6,HAD,Isack Hadjar,RB F1 Team,12,17,R,0,17,Retired,,16.0,101705.0,
2025,12,British Grand Prix,british-grand-prix,2025-07-06,silverstone,Silverstone Circuit,UK,bortoleto,5,BOR,Gabriel Bortoleto,Sauber,16,18,R,0,3,Retired,,18.0,136121.0,
2025,12,British Grand Prix,british-grand-prix,2025-07-06,silverstone,Silverstone Circuit,UK,lawson,30,LAW,Liam Lawson,RB F1 Team,15,19,R,0,0,Retired,,,,
2025,12,British Grand Prix,british-grand-prix,2025-07-06,silverstone,Silverstone Circuit,UK,colapinto,43,COL,Franco Colapinto,Alpine F1 Team,20,20,W,0,0,Did not start,,,,
2025,15,Dutch Grand Prix,dutch-grand-prix,2025-08-31,zandvoort,Circuit Park Zandvoort,Netherlands,piastri,81,PIA,Oscar Piastri,McLaren,1,1,1,25,72,Finished,5909849.0,1.0,72271.0,
2025,15,Dutch Grand Prix,dutch-grand-prix,2025-08-31,zandvoort,Circuit Park Zandvoort,Netherlands,max_verstappen,1,VER,Max Verstappen,Red Bull,3,2,2,18,72,Finished,5911120.0,3.0,72921.0,
2025,15,Dutch Grand Prix,dutch-grand-prix,2025-08-31,zandvoort,Circuit Park Zandvoort,Netherlands,hadjar,6,HAD,Isack Hadjar,RB F1 Team,4,3,3,15,72,Finished,5913082.0,5.0,73327.0,
2025,15,Dutch Grand Prix,dutch-grand-prix,2025-08-31,zandvoort,Circuit Park Zandvoort,Netherlands,russell,63,RUS,George Russell,Mercedes,5,4,4,12,72,Finished,5915503.0,9.0,73728.0,
2025,15,Dutch Grand Prix,dutch-grand-prix,2025-08-31,zandvoort,Circuit Park Zandvoort,Netherlands,albon,23,ALB,Alexander Albon,Williams,15,5,5,10,72,Finished,5916176.0,7.0,73687.0,
2025,15,Dutch Grand Prix,dutch-grand-prix,2025-08-31,zandvoort,Circuit Park Zandvoort,Netherlands,bearman,87,BEA,Oliver Bearman,Haas F1 Team,20,6,6,8,72,Finished,5918893.0,13.0,73950.0,
2025,15,Dutch Grand Prix,dutch-grand-prix,2025-08-31,zandvoort,Circuit Park Zandvoort,Netherlands,stroll,18,STR,Lance Stroll,Aston Martin,19,7,7,6,72,Finished,5919346.0,11.0,73822.0,
2025,15,Dutch Grand Prix,dutch-grand-prix,2025-08-31,zandvoort,Circuit Park Zandvoort,Netherlands,alonso,14,ALO,Fernando Alonso,Aston Martin,10,8,8,4,72,Finished,5921558.0,8.0,73719.0,
2025,15,Dutch Grand Prix,dutch-grand-prix,2025-08-31,zandvoort,Circuit Park Zandvoort,Netherlands,tsunoda,22,TSU,Yuki Tsunoda,Red Bull,12,9,9,2,72,Finished,5923446.0,16.0,74354.0,
2025,15,Dutch Grand Prix,dutch-grand-prix,2025-08-31,zandvoort,Circuit Park Zandvoort,Netherlands,ocon,31,OCO,Esteban Ocon,Haas F1 Team,18,10,10,1,72,Finished,5923912.0,14.0,73986.0,
2025,15,Dutch Grand Prix,dutch-grand-prix,2025-08-31,zandvoort,Circuit Park Zandvoort,Netherlands,colapinto,43,COL,Franco Colapinto,Alpine F1 Team,16,11,11,0,72,Finished,5924360.0,4.0,73049.0,
2025,15,Dutch Grand Prix,dutch-grand-prix,2025-08-31,zandvoort,Circuit Park Zandvoort,Netherlands,lawson,30,LAW,Liam Lawson,RB F1 Team,8,12,12,0,72,Finished,5926912.0,12.0,73879.0,
2025,15,Dutch Grand Prix,dutch-grand-prix,2025-08-31,zandvoort,Circuit Park Zandvoort,Netherlands,sainz,55,SAI,Carlos Sainz,Williams,9,13,13,0,72,Finished,5927225.0,10.0,73808.0,
2025,15,Dutch Grand Prix,dutch-grand-prix,2025-08-31,zandvoort,Circuit Park Zandvoort,Netherlands,hulkenberg,27,HUL,Nico Hulkenberg,Sauber,17,14,14,0,72,Finished,5929574.0,18.0,74912.0,
2025,15,Dutch Grand Prix,dutch-grand-prix,2025-08-31,zandvoort,Circuit Park Zandvoort,Netherlands,bortoleto,5,BOR,Gabriel Bortoleto,Sauber,13,15,15,0,72,Finished,5931414.0,15.0,74307.0,
2025,15,Dutch Grand Prix,dutch-grand-prix,2025-08-31,zandvoort,Circuit Park Zandvoort,Netherlands,antonelli,12,ANT,Andrea Kimi Antonelli,Mercedes,11,16,16,0,72,Finished,5931878.0,6.0,73480.0,
2025,15,Dutch Grand Prix,dutch-grand-prix,2025-08-31,zandvoort,Circuit Park Zandvoort,Netherlands,gasly,10,GAS,Pierre Gasly,Alpine F1 Team,14,17,17,0,72,Finished,5933478.0,19.0,75248.0,
2025,15,Dutch Grand Prix,dutch-grand-prix,2025-08-31,zandvoort,Circuit Park Zandvoort,Netherlands,norris,4,NOR,Lando Norris,McLaren,2,18,18,0,64,Retired,5168487.0,2.0,72379.0,
2025,15,Dutch Grand Prix,dutch-grand-prix,2025-08-31,zandvoort,Circuit Park Zandvoort,Netherlands,leclerc,16,LEC,Charles Leclerc,Ferrari,6,19,R,0,52,Retired,,17.0,74557.0,
2025,15,Dutch Grand Prix,dutch-grand-prix,2025-08-31,zandvoort,Circuit Park Zandvoort,Netherlands,hamilton,44,HAM,Lewis Hamilton,Ferrari,7,20,R,0,22,Retired,,20.0,75684.0,
2025,11,Austrian Grand Prix,austrian-grand-prix,2025-06-29,red_bull_ring,Red Bull Ring,Austria,norris,4,NOR,Lando Norris,McLaren,1,1,1,25,70,Finished,5027693.0,2.0,68272.0,
2025,11,Austrian Grand Prix,austrian-grand-prix,2025-06-29,red_bull_ring,Red Bull Ring,Austria,piastri,81,PIA,Oscar Piastri,McLaren,3,2,2,18,70,Finished,5030388.0,1.0,67924.0,
2025,11,Austrian Grand Prix,austrian-grand-prix,2025-06-29,red_bull_ring,Red Bull Ring,Austria,leclerc,16,LEC,Charles Leclerc,Ferrari,2,3,3,15,70,Finished,5047513.0,4.0,68765.0,
2025,11,Austrian Grand Prix,austrian-grand-prix,2025-06-29,red_bull_ring,Red Bull Ring,Austria,hamilton,44,HAM,Lewis Hamilton,Ferrari,4,4,4,12,70,Finished,5056713.0,3.0,68628.0,
2025,11,Austrian Grand Prix,austrian-grand-prix,2025-06-29,red_bull_ring,Red Bull Ring,Austria,russell,63,RUS,George Russell,Mercedes,5,5,5,10,70,Finished,5090089.0,7.0,69372.0,
2025,11,Austrian Grand Prix,austrian-grand-prix,2025-06-29,red_bull_ring,Red Bull Ring,Austria,lawson,30,LAW,Liam Lawson,RB F1 Team,6,6,6,8,70,Finished,5095447.0,14.0,69977.0,
2025,11,Austrian Grand Prix,austrian-grand-prix,2025-06-29,red_bull_ring,Red Bull Ring,Austria,alonso,14,ALO,Fernando Alonso,Aston Martin,11,7,7,6,69,Lapped,5029130.0,12.0,69935.0,
2025,11,Austrian Grand Prix,austrian-grand-prix,2025-06-29,red_bull_ring,Red Bull Ring,Austria,bortoleto,5,BOR,Gabriel Bortoleto,Sauber,8,8,8,4,69,Lapped,5029645.0,6.0,69247.0,
2025,11,Austrian Grand Prix,austrian-grand-prix,2025-06-29,red_bull_ring,Red Bull Ring,Austria,hulkenberg,27,HUL,Nico Hulkenberg,Sauber,20,9,9,2,69,Lapped,5035413.0,8.0,69459.0,
2025,11,Austrian Grand Prix,austrian-grand-prix,2025-06-29,red_bull_ring,Red Bull Ring,Austria,ocon,31,OCO,Esteban Ocon,Haas F1 Team,17,10,10,1,69,Lapped,5037679.0,9.0,69550.0,
2025,11,Austrian Grand Prix,austrian-grand-prix,2025-06-29,red_bull_ring,Red Bull Ring,Austria,bearman,87,BEA,Oliver Bearman,Haas F1 Team,15,11,11,0,69,Lapped,5052547.0,13.0,69960.0,
2025,11,Austrian Grand Prix,austrian-grand-prix,2025-06-29,red_bull_ring,Red Bull Ring,Austria,hadjar,6,HAD,Isack Hadjar,RB F1 Team,13,12,12,0,69,Lapped,5055650.0,16.0,70204.0,
2025,11,Austrian Grand Prix,austrian-grand-prix,2025-06-29,red_bull_ring,Red Bull Ring,Austria,gasly,10,GAS,Pierre Gasly,Alpine F1 Team,10,13,13,0,69,Lapped,5060748.0,15.0,70151.0,
2025,11,Austrian Grand Prix,austrian-grand-prix,2025-06-29,red_bull_ring,Red Bull Ring,Austria,stroll,18,STR,Lance Stroll,Aston Martin,16,14,14,0,69,Lapped,5062155.0,5.0,69214.0,
2025,11,Austrian Grand Prix,austrian-grand-prix,2025-06-29,red_bull_ring,Red Bull Ring,Austria,colapinto,43,COL,Franco Colapinto,Alpine F1 Team,14,15,15,0,69,Lapped,5070385.0,10.0,69621.0,
2025,11,Austrian Grand Prix,austrian-grand-prix,2025-06-29,red_bull_ring,Red Bull Ring,Austria,tsunoda,22,TSU,Yuki Tsunoda,Red Bull,18,16,16,0,68,Lapped,5030672.0,11.0,69802.0,
2025,11,Austrian Grand Prix,austrian-grand-prix,2025-06-29,red_bull_ring,Red Bull Ring,Austria,albon,23,ALB,Alexander Albon,Williams,12,17,R,0,15,Retired,,17.0,70641.0,
2025,11,Austrian Grand Prix,austrian-grand-prix,2025-06-29,red_bull_ring,Red Bull Ring,Austria,max_verstappen,1,VER,Max Verstappen,Red Bull,7,18,R,0,0,Retired,,,,
2025,11,Austrian Grand Prix,austrian-grand-prix,2025-06-29,red_bull_ring,Red Bull Ring,Austria,antonelli,12,ANT,Andrea Kimi Antonelli,Mercedes,9,19,R,0,0,Retired,,,,
2025,11,Austrian Grand Prix,austrian-grand-prix,2025-06-29,red_bull_ring,Red Bull Ring,Austria,sainz,55,SAI,Carlos Sainz,Williams,19,20,W,0,0,Did not start,,,,
2025,24,Abu Dhabi Grand Prix,abu-dhabi-grand-prix,2025-12-07,yas_marina,Yas Marina Circuit,UAE,max_verstappen,1,VER,Max Verstappen,Red Bull,1,1,1,25,58,Finished,5167469.0,5.0,87625.0,
2025,24,Abu Dhabi Grand Prix,abu-dhabi-grand-prix,2025-12-07,yas_marina,Yas Marina Circuit,UAE,piastri,81,PIA,Oscar Piastri,McLaren,3,2,2,18,58,Finished,5180063.0,2.0,86765.0,
2025,24,Abu Dhabi Grand Prix,abu-dhabi-grand-prix,2025-12-07,yas_marina,Yas Marina Circuit,UAE,norris,4,NOR,Lando Norris,McLaren,2,3,3,15,58,Finished,5184041.0,3.0,86818.0,
2025,24,Abu Dhabi Grand Prix,abu-dhabi-grand-prix,2025-12-07,yas_marina,Yas Marina Circuit,UAE,leclerc,16,LEC,Charles Leclerc,Ferrari,5,4,4,12,58,Finished,5190748.0,1.0,86725.0,
2025,24,Abu Dhabi Grand Prix,abu-dhabi-grand-prix,2025-12-07,yas_marina,Yas Marina Circuit,UAE,russell,63,RUS,George Russell,Mercedes,4,5,5,10,58,Finished,5216032.0,14.0,88599.0,
2025,24,Abu Dhabi Grand Prix,abu-dhabi-grand-prix,2025-12-07,yas_marina,Yas Marina Circuit,UAE,alonso,14,ALO,Fernando Alonso,Aston Martin,6,6,6,8,58,Finished,5235031.0,11.0,88279.0,
2025,24,Abu Dhabi Grand Prix,abu-dhabi-grand-prix,2025-12-07,yas_marina,Yas Marina Circuit,UAE,ocon,31,OCO,Esteban Ocon,Haas F1 Team,8,7,7,6,58,Finished,5237345.0,15.0,88655.0,
2025,24,Abu Dhabi Grand Prix,abu-dhabi-grand-prix,2025-12-07,yas_marina,Yas Marina Circuit,UAE,hamilton,44,HAM,Lewis Hamilton,Ferrari,16,8,8,4,58,Finished,5240139.0,10.0,88094.0,
2025,24,Abu Dhabi Grand Prix,abu-dhabi-grand-prix,2025-12-07,yas_marina,Yas Marina Circuit,UAE,hulkenberg,27,HUL,Nico Hulkenberg,Sauber,18,9,9,2,58,Finished,5246483.0,4.0,87050.0,
2025,24,Abu Dhabi Grand Prix,abu-dhabi-grand-prix,2025-12-07,yas_marina,Yas Marina Circuit,UAE,stroll,18,STR,Lance Stroll,Aston Martin,15,10,10,1,58,Finished,5246992.0,6.0,87626.0,
2025,24,Abu Dhabi Grand Prix,abu-dhabi-grand-prix,2025-12-07,yas_marina,Yas Marina Circuit,UAE,bortoleto,5,BOR,Gabriel Bortoleto,Sauber,7,11,11,0,58,Finished,5248512.0,19.0,89114.0,
2025,24,Abu Dhabi Grand Prix,abu-dhabi-grand-prix,2025-12-07,yas_marina,Yas Marina Circuit,UAE,bearman,87,BEA,Oliver Bearman,Haas F1 Team,11,12,12,0,58,Finished,5248635.0,17.0,88976.0,
2025,24,Abu Dhabi Grand Prix,abu-dhabi-grand-prix,2025-12-07,yas_marina,Yas Marina Circuit,UAE,sainz,55,SAI,Carlos Sainz,Williams,12,13,13,0,58,Finished,5249627.0,18.0,89052.0,
2025,24,Abu Dhabi Grand Prix,abu-dhabi-grand-prix,2025-12-07,yas_marina,Yas Marina Circuit,UAE,tsunoda,22,TSU,Yuki Tsunoda,Red Bull,10,14,14,0,58,Finished,5251263.0,13.0,88557.0,
2025,24,Abu Dhabi Grand Prix,abu-dhabi-grand-prix,2025-12-07,yas_marina,Yas Marina Circuit,UAE,antonelli,12,ANT,Andrea Kimi Antonelli,Mercedes,14,15,15,0,58,Finished,5251868.0,9.0,88029.0,
2025,24,Abu Dhabi Grand Prix,abu-dhabi-grand-prix,2025-12-07,yas_marina,Yas Marina Circuit,UAE,albon,23,ALB,Alexander Albon,Williams,17,16,16,0,58,Finished,5257796.0,12.0,88367.0,
2025,24,Abu Dhabi Grand Prix,abu-dhabi-grand-prix,2025-12-07,yas_marina,Yas Marina Circuit,UAE,hadjar,6,HAD,Isack Hadjar,RB F1 Team,9,17,17,0,57,Lapped,5168796.0,20.0,89375.0,
2025,24,Abu Dhabi Grand Prix,abu-dhabi-grand-prix,2025-12-07,yas_marina,Yas Marina Circuit,UAE,lawson,30,LAW,Liam Lawson,RB F1 Team,13,18,18,0,57,Lapped,5172128.0,16.0,88886.0,
2025,24,Abu Dhabi Grand Prix,abu-dhabi-grand-prix,2025-12-07,yas_marina,Yas Marina Circuit,UAE,gasly,10,GAS,Pierre Gasly,Alpine F1 Team,19,19,19,0,57,Lapped,5179377.0,8.0,87767.0,
2025,24,Abu Dhabi Grand Prix,abu-dhabi-grand-prix,2025-12-07,yas_marina,Yas Marina Circuit,UAE,colapinto,43,COL,Franco Colapinto,Alpine F1 Team,20,20,20,0,57,Lapped,5181472.0,7.0,87710.0,
2025,23,Qatar Grand Prix,qatar-grand-prix,2025-11-30,losail,Losail International Circuit,Qatar,max_verstappen,1,VER,Max Verstappen,Red Bull,3,1,1,25,57,Finished,5078241.0,5.0,83498.0,
2025,23,Qatar Grand Prix,qatar-grand-prix,2025-11-30,losail,Losail International Circuit,Qatar,piastri,81,PIA,Oscar Piastri,McLaren,1,2,2,18,57,Finished,5086236.0,1.0,82996.0,
2025,23,Qatar Grand Prix,qatar-grand-prix,2025-11-30,losail,Losail International Circuit,Qatar,sainz,55,SAI,Carlos Sainz,Williams,7,3,3,15,57,Finished,5100906.0,6.0,83859.0,
2025,23,Qatar Grand Prix,qatar-grand-prix,2025-11-30,losail,Losail International Circuit,Qatar,norris,4,NOR,Lando Norris,McLaren,2,4,4,12,57,Finished,5101556.0,2.0,83197.0,
2025,23,Qatar Grand Prix,qatar-grand-prix,2025-11-30,losail,Losail International Circuit,Qatar,antonelli,12,ANT,Andrea Kimi Antonelli,Mercedes,5,5,5,10,57,Finished,5106558.0,8.0,83955.0,
2025,23,Qatar Grand Prix,qatar-grand-prix,2025-11-30,losail,Losail International Circuit,Qatar,russell,63,RUS,George Russell,Mercedes,4,6,6,8,57,Finished,5126840.0,3.0,83198.0,
2025,23,Qatar Grand Prix,qatar-grand-prix,2025-11-30,losail,Losail International Circuit,Qatar,alonso,14,ALO,Fernando Alonso,Aston Martin,8,7,7,6,57,Finished,5132286.0,7.0,83940.0,
2025,23,Qatar Grand Prix,qatar-grand-prix,2025-11-30,losail,Losail International Circuit,Qatar,leclerc,16,LEC,Charles Leclerc,Ferrari,10,8,8,4,57,Finished,5135026.0,13.0,84432.0,
2025,23,Qatar Grand Prix,qatar-grand-prix,2025-11-30,losail,Losail International Circuit,Qatar,lawson,30,LAW,Liam Lawson,RB F1 Team,12,9,9,2,57,Finished,5138314.0,9.0,83971.0,
2025,23,Qatar Grand Prix,qatar-grand-prix,2025-11-30,losail,Losail International Circuit,Qatar,tsunoda,22,TSU,Yuki Tsunoda,Red Bull,15,10,10,1,57,Finished,5140011.0,10.0,84139.0,
2025,23,Qatar Grand Prix,qatar-grand-prix,2025-11-30,losail,Losail International Circuit,Qatar,albon,23,ALB,Alexander Albon,Williams,14,11,11,0,57,Finished,5145172.0,11.0,84261.0,
2025,23,Qatar Grand Prix,qatar-grand-prix,2025-11-30,losail,Losail International Circuit,Qatar,hamilton,44,HAM,Lewis Hamilton,Ferrari,17,12,12,0,57,Finished,5155971.0,14.0,84848.0,
2025,23,Qatar Grand Prix,qatar-grand-prix,2025-11-30,losail,Losail International Circuit,Qatar,bortoleto,5,BOR,Gabriel Bortoleto,Sauber,19,13,13,0,57,Finished,5163053.0,17.0,85233.0,
2025,23,Qatar Grand Prix,qatar-grand-prix,2025-11-30,losail,Losail International Circuit,Qatar,colapinto,43,COL,Franco Colapinto,Alpine F1 Team,20,14,14,0,56,Lapped,5081524.0,19.0,85644.0,
2025,23,Qatar Grand Prix,qatar-grand-prix,2025-11-30,losail,Losail International Circuit,Qatar,ocon,31,OCO,Esteban Ocon,Haas F1 Team,16,15,15,0,56,Lapped,5082494.0,16.0,85056.0,
2025,23,Qatar Grand Prix,qatar-grand-prix,2025-11-30,losail,Losail International Circuit,Qatar,gasly,10,GAS,Pierre Gasly,Alpine F1 Team,9,16,16,0,56,Lapped,5083182.0,18.0,85376.0,
2025,23,Qatar Grand Prix,qatar-grand-prix,2025-11-30,losail,Losail International Circuit,Qatar,stroll,18,STR,Lance Stroll,Aston Martin,18,17,17,0,55,Retired,5015203.0,4.0,83484.0,
2025,23,Qatar Grand Prix,qatar-grand-prix,2025-11-30,losail,Losail International Circuit,Qatar,hadjar,6,HAD,Isack Hadjar,RB F1 Team,6,18,18,0,55,Retired,5032324.0,12.0,84317.0,
2025,23,Qatar Grand Prix,qatar-grand-prix,2025-11-30,losail,Losail International Circuit,Qatar,bearman,87,BEA,Oliver Bearman,Haas F1 Team,13,19,R,0,41,Retired,,15.0,84930.0,
2025,23,Qatar Grand Prix,qatar-grand-prix,2025-11-30,losail,Losail International Circuit,Qatar,hulkenberg,27,HUL,Nico Hulkenberg,Sauber,11,20,R,0,6,Retired,,20.0,88139.0,
2025,18,Singapore Grand Prix,singapore-grand-prix,2025-10-05,marina_bay,Marina Bay Street Circuit,Singapore,russell,63,RUS,George Russell,Mercedes,1,1,1,25,62,Finished,6022367.0,11.0,95676.0,
2025,18,Singapore Grand Prix,singapore-grand-prix,2025-10-05,marina_bay,Marina Bay Street Circuit,Singapore,max_verstappen,1,VER,Max Verstappen,Red Bull,2,2,2,18,62,Finished,6027797.0,10.0,95649.0,
2025,18,Singapore Grand Prix,singapore-grand-prix,2025-10-05,marina_bay,Marina Bay Street Circuit,Singapore,norris,4,NOR,Lando Norris,McLaren,5,3,3,15,62,Finished,6028433.0,7.0,95555.0,
2025,18,Singapore Grand Prix,singapore-grand-prix,2025-10-05,marina_bay,Marina Bay Street Circuit,Singapore,piastri,81,PIA,Oscar Piastri,McLaren,3,4,4,12,62,Finished,6030513.0,6.0,95408.0,
2025,18,Singapore Grand Prix,singapore-grand-prix,2025-10-05,marina_bay,Marina Bay Street Circuit,Singapore,antonelli,12,ANT,Andrea Kimi Antonelli,Mercedes,4,5,5,10,62,Finished,6056048.0,4.0,95303.0,
2025,18,Singapore Grand Prix,singapore-grand-prix,2025-10-05,marina_bay,Marina Bay Street Circuit,Singapore,leclerc,16,LEC,Charles Leclerc,Ferrari,7,6,6,8,62,Finished,6068363.0,14.0,95983.0,
2025,18,Singapore Grand Prix,singapore-grand-prix,2025-10-05,marina_bay,Marina Bay Street Circuit,Singapore,alonso,14,ALO,Fernando Alonso,Aston Martin,10,7,7,6,62,Finished,6103034.0,13.0,95862.0,
2025,18,Singapore Grand Prix,singapore-grand-prix,2025-10-05,marina_bay,Marina Bay Street Circuit,Singapore,hamilton,44,HAM,Lewis Hamilton,Ferrari,6,8,8,4,62,Finished,6107618.0,1.0,93808.0,
2025,18,Singapore Grand Prix,singapore-grand-prix,2025-10-05,marina_bay,Marina Bay Street Circuit,Singapore,bearman,87,BEA,Oliver Bearman,Haas F1 Team,9,9,9,2,62,Finished,6115894.0,15.0,96201.0,
2025,18,Singapore Grand Prix,singapore-grand-prix,2025-10-05,marina_bay,Marina Bay Street Circuit,Singapore,sainz,55,SAI,Carlos Sainz,Williams,18,10,10,1,61,Lapped,6033121.0,3.0,94963.0,
2025,18,Singapore Grand Prix,singapore-grand-prix,2025-10-05,marina_bay,Marina Bay Street Circuit,Singapore,hadjar,6,HAD,Isack Hadjar,RB F1 Team,8,11,11,0,61,Lapped,6039702.0,18.0,96938.0,
2025,18,Singapore Grand Prix,singapore-grand-prix,2025-10-05,marina_bay,Marina Bay Street Circuit,Singapore,tsunoda,22,TSU,Yuki Tsunoda,Red Bull,13,12,12,0,61,Lapped,6041636.0,17.0,96831.0,
2025,18,Singapore Grand Prix,singapore-grand-prix,2025-10-05,marina_bay,Marina Bay Street Circuit,Singapore,stroll,18,STR,Lance Stroll,Aston Martin,15,13,13,0,61,Lapped,6046857.0,12.0,95851.0,
2025,18,Singapore Grand Prix,singapore-grand-prix,2025-10-05,marina_bay,Marina Bay Street Circuit,Singapore,albon,23,ALB,Alexander Albon,Williams,20,14,14,0,61,Lapped,6047687.0,9.0,95648.0,
2025,18,Singapore Grand Prix,singapore-grand-prix,2025-10-05,marina_bay,Marina Bay Street Circuit,Singapore,lawson,30,LAW,Liam Lawson,RB F1 Team,12,15,15,0,61,Lapped,6049512.0,8.0,95641.0,
2025,18,Singapore Grand Prix,singapore-grand-prix,2025-10-05,marina_bay,Marina Bay Street Circuit,Singapore,colapinto,43,COL,Franco Colapinto,Alpine F1 Team,16,16,16,0,61,Lapped,6065257.0,20.0,97182.0,
2025,18,Singapore Grand Prix,singapore-grand-prix,2025-10-05,marina_bay,Marina Bay Street Circuit,Singapore,bortoleto,5,BOR,Gabriel Bortoleto,Sauber,14,17,17,0,61,Lapped,6069120.0,19.0,97126.0,
2025,18,Singapore Grand Prix,singapore-grand-prix,2025-10-05,marina_bay,Marina Bay Street Circuit,Singapore,ocon,31,OCO,Esteban Ocon,Haas F1 Team,17,18,18,0,61,Lapped,6069500.0,16.0,96646.0,
2025,18,Singapore Grand Prix,singapore-grand-prix,2025-10-05,marina_bay,Marina Bay Street Circuit,Singapore,gasly,10,GAS,Pierre Gasly,Alpine F1 Team,19,19,19,0,61,Lapped,6069828.0,2.0,94573.0,
2025,18,Singapore Grand Prix,singapore-grand-prix,2025-10-05,marina_bay,Marina Bay Street Circuit,Singapore,hulkenberg,27,HUL,Nico Hulkenberg,Sauber,11,20,20,0,61,Lapped,6071407.0,5.0,95404.0,
2025,6,Miami Grand Prix,miami-grand-prix,2025-05-04,miami,Miami International Autodrome,USA,piastri,81,PIA,Oscar Piastri,McLaren,4,1,1,25,57,Finished,5331587.0,2.0,89822.0,
2025,6,Miami Grand Prix,miami-grand-prix,2025-05-04,miami,Miami International Autodrome,USA,norris,4,NOR,Lando Norris,McLaren,2,2,2,18,57,Finished,5336217.0,1.0,89746.0,
2025,6,Miami Grand Prix,miami-grand-prix,2025-05-04,miami,Miami International Autodrome,USA,russell,63,RUS,George Russell,Mercedes,5,3,3,15,57,Finished,5369231.0,3.0,90318.0,
2025,6,Miami Grand Prix,miami-grand-prix,2025-05-04,miami,Miami International Autodrome,USA,max_verstappen,1,VER,Max Verstappen,Red Bull,1,4,4,12,57,Finished,5371543.0,5.0,90466.0,
2025,6,Miami Grand Prix,miami-grand-prix,2025-05-04,miami,Miami International Autodrome,USA,albon,23,ALB,Alexander Albon,Williams,7,5,5,10,57,Finished,5379654.0,6.0,90482.0,
2025,6,Miami Grand Prix,miami-grand-prix,2025-05-04,miami,Miami International Autodrome,USA,antonelli,12,ANT,Andrea Kimi Antonelli,Mercedes,3,6,6,8,57,Finished,5387089.0,9.0,90795.0,
2025,6,Miami Grand Prix,miami-grand-prix,2025-05-04,miami,Miami International Autodrome,USA,leclerc,16,LEC,Charles Leclerc,Ferrari,8,7,7,6,57,Finished,5388623.0,4.0,90461.0,
2025,6,Miami Grand Prix,miami-grand-prix,2025-05-04,miami,Miami International Autodrome,USA,hamilton,44,HAM,Lewis Hamilton,Ferrari,12,8,8,4,57,Finished,5391773.0,7.0,90562.0,
2025,6,Miami Grand Prix,miami-grand-prix,2025-05-04,miami,Miami International Autodrome,USA,sainz,55,SAI,Carlos Sainz,Williams,6,9,9,2,57,Finished,5392164.0,8.0,90703.0,
2025,6,Miami Grand Prix,miami-grand-prix,2025-05-04,miami,Miami International Autodrome,USA,tsunoda,22,TSU,Yuki Tsunoda,Red Bull,10,10,10,1,57,Finished,5406021.0,10.0,90964.0,
2025,6,Miami Grand Prix,miami-grand-prix,2025-05-04,miami,Miami International Autodrome,USA,hadjar,6,HAD,Isack Hadjar,RB F1 Team,11,11,11,0,57,Finished,5406189.0,11.0,90971.0,
2025,6,Miami Grand Prix,miami-grand-prix,2025-05-04,miami,Miami International Autodrome,USA,ocon,31,OCO,Esteban Ocon,Haas F1 Team,9,12,12,0,57,Finished,5413593.0,13.0,91122.0,
2025,6,Miami Grand Prix,miami-grand-prix,2025-05-04,miami,Miami International Autodrome,USA,gasly,10,GAS,Pierre Gasly,Alpine F1 Team,20,13,13,0,57,Finished,5422032.0,14.0,91159.0,
2025,6,Miami Grand Prix,miami-grand-prix,2025-05-04,miami,Miami International Autodrome,USA,hulkenberg,27,HUL,Nico Hulkenberg,Sauber,16,14,14,0,56,Lapped,5332742.0,12.0,91015.0,
2025,6,Miami Grand Prix,miami-grand-prix,2025-05-04,miami,Miami International Autodrome,USA,alonso,14,ALO,Fernando Alonso,Aston Martin,17,15,15,0,56,Lapped,5352566.0,15.0,91287.0,
2025,6,Miami Grand Prix,miami-grand-prix,2025-05-04,miami,Miami International Autodrome,USA,stroll,18,STR,Lance Stroll,Aston Martin,18,16,16,0,56,Lapped,5356749.0,16.0,91769.0,
2025,6,Miami Grand Prix,miami-grand-prix,2025-05-04,miami,Miami International Autodrome,USA,lawson,30,LAW,Liam Lawson,RB F1 Team,15,17,R,0,36,Retired,,17.0,91770.0,
2025,6,Miami Grand Prix,miami-grand-prix,2025-05-04,miami,Miami International Autodrome,USA,bortoleto,5,BOR,Gabriel Bortoleto,Sauber,13,18,R,0,30,Retired,,18.0,92328.0,
2025,6,Miami Grand Prix,miami-grand-prix,2025-05-04,miami,Miami International Autodrome,USA,bearman,87,BEA,Oliver Bearman,Haas F1 Team,19,19,R,0,27,Retired,,19.0,92680.0,
2025,6,Miami Grand Prix,miami-grand-prix,2025-05-04,miami,Miami International Autodrome,USA,doohan,7,DOO,Jack Doohan,Alpine F1 Team,14,20,R,0,0,Retired,,,,
2025,16,Italian Grand Prix,italian-grand-prix,2025-09-07,monza,Autodromo Nazionale di Monza,Italy,max_verstappen,1,VER,Max Verstappen,Red Bull,1,1,1,25,53,Finished,4404325.0,2.0,81003.0,
2025,16,Italian Grand Prix,italian-grand-prix,2025-09-07,monza,Autodromo Nazionale di Monza,Italy,norris,4,NOR,Lando Norris,McLaren,2,2,2,18,53,Finished,4423532.0,1.0,80901.0,
2025,16,Italian Grand Prix,italian-grand-prix,2025-09-07,monza,Autodromo Nazionale di Monza,Italy,piastri,81,PIA,Oscar Piastri,McLaren,3,3,3,15,53,Finished,4425676.0,3.0,81245.0,
2025,16,Italian Grand Prix,italian-grand-prix,2025-09-07,monza,Autodromo Nazionale di Monza,Italy,leclerc,16,LEC,Charles Leclerc,Ferrari,4,4,4,12,53,Finished,4429949.0,4.0,81294.0,
2025,16,Italian Grand Prix,italian-grand-prix,2025-09-07,monza,Autodromo Nazionale di Monza,Italy,russell,63,RUS,George Russell,Mercedes,5,5,5,10,53,Finished,4437206.0,8.0,81800.0,
2025,16,Italian Grand Prix,italian-grand-prix,2025-09-07,monza,Autodromo Nazionale di Monza,Italy,hamilton,44,HAM,Lewis Hamilton,Ferrari,10,6,6,8,53,Finished,4441774.0,6.0,81546.0,
2025,16,Italian Grand Prix,italian-grand-prix,2025-09-07,monza,Autodromo Nazionale di Monza,Italy,albon,23,ALB,Alexander Albon,Williams,14,7,7,6,53,Finished,4454862.0,5.0,81368.0,
2025,16,Italian Grand Prix,italian-grand-prix,2025-09-07,monza,Autodromo Nazionale di Monza,Italy,bortoleto,5,BOR,Gabriel Bortoleto,Sauber,7,8,8,4,53,Finished,4462809.0,12.0,82139.0,
2025,16,Italian Grand Prix,italian-grand-prix,2025-09-07,monza,Autodromo Nazionale di Monza,Italy,antonelli,12,ANT,Andrea Kimi Antonelli,Mercedes,6,9,9,2,53,Finished,4464087.0,10.0,81968.0,
2025,16,Italian Grand Prix,italian-grand-prix,2025-09-07,monza,Autodromo Nazionale di Monza,Italy,hadjar,6,HAD,Isack Hadjar,RB F1 Team,19,10,10,1,53,Finished,4468216.0,11.0,82133.0,
2025,16,Italian Grand Prix,italian-grand-prix,2025-09-07,monza,Autodromo Nazionale di Monza,Italy,sainz,55,SAI,Carlos Sainz,Williams,13,11,11,0,53,Finished,4468794.0,7.0,81740.0,
2025,16,Italian Grand Prix,italian-grand-prix,2025-09-07,monza,Autodromo Nazionale di Monza,Italy,bearman,87,BEA,Oliver Bearman,Haas F1 Team,11,12,12,0,53,Finished,4483613.0,9.0,81820.0,
2025,16,Italian Grand Prix,italian-grand-prix,2025-09-07,monza,Autodromo Nazionale di Monza,Italy,tsunoda,22,TSU,Yuki Tsunoda,Red Bull,9,13,13,0,53,Finished,4485026.0,16.0,82712.0,
2025,16,Italian Grand Prix,italian-grand-prix,2025-09-07,monza,Autodromo Nazionale di Monza,Italy,lawson,30,LAW,Liam Lawson,RB F1 Team,18,14,14,0,53,Finished,4486676.0,17.0,82777.0,
2025,16,Italian Grand Prix,italian-grand-prix,2025-09-07,monza,Autodromo Nazionale di Monza,Italy,ocon,31,OCO,Esteban Ocon,Haas F1 Team,15,15,15,0,52,Lapped,4406460.0,18.0,82892.0,
2025,16,Italian Grand Prix,italian-grand-prix,2025-09-07,monza,Autodromo Nazionale di Monza,Italy,gasly,10,GAS,Pierre Gasly,Alpine F1 Team,20,16,16,0,52,Lapped,4410162.0,14.0,82185.0,
2025,16,Italian Grand Prix,italian-grand-prix,2025-09-07,monza,Autodromo Nazionale di Monza,Italy,colapinto,43,COL,Franco Colapinto,Alpine F1 Team,17,17,17,0,52,Lapped,4411773.0,15.0,82239.0,
2025,16,Italian Grand Prix,italian-grand-prix,2025-09-07,monza,Autodromo Nazionale di Monza,Italy,stroll,18,STR,Lance Stroll,Aston Martin,16,18,18,0,52,Lapped,4413626.0,13.0,82164.0,
2025,16,Italian Grand Prix,italian-grand-prix,2025-09-07,monza,Autodromo Nazionale di Monza,Italy,alonso,14,ALO,Fernando Alonso,Aston Martin,8,19,R,0,24,Retired,,19.0,83757.0,
2025,16,Italian Grand Prix,italian-grand-prix,2025-09-07,monza,Autodromo Nazionale di Monza,Italy,hulkenberg,27,HUL,Nico Hulkenberg,Sauber,12,20,W,0,0,Did not start,,,,
2025,17,Azerbaijan Grand Prix,azerbaijan-grand-prix,2025-09-21,baku,Baku City Circuit,Azerbaijan,max_verstappen,1,VER,Max Verstappen,Red Bull,1,1,1,25,51,Finished,5606408.0,1.0,103388.0,
2025,17,Azerbaijan Grand Prix,azerbaijan-grand-prix,2025-09-21,baku,Baku City Circuit,Azerbaijan,russell,63,RUS,George Russell,Mercedes,5,2,2,18,51,Finished,5621017.0,2.0,103754.0,
2025,17,Azerbaijan Grand Prix,azerbaijan-grand-prix,2025-09-21,baku,Baku City Circuit,Azerbaijan,sainz,55,SAI,Carlos Sainz,Williams,2,3,3,15,51,Finished,5625607.0,4.0,103972.0,
2025,17,Azerbaijan Grand Prix,azerbaijan-grand-prix,2025-09-21,baku,Baku City Circuit,Azerbaijan,antonelli,12,ANT,Andrea Kimi Antonelli,Mercedes,4,4,4,12,51,Finished,5628168.0,6.0,104091.0,
2025,17,Azerbaijan Grand Prix,azerbaijan-grand-prix,2025-09-21,baku,Baku City Circuit,Azerbaijan,lawson,30,LAW,Liam Lawson,RB F1 Team,3,5,5,10,51,Finished,5639698.0,13.0,104531.0,
2025,17,Azerbaijan Grand Prix,azerbaijan-grand-prix,2025-09-21,baku,Baku City Circuit,Azerbaijan,tsunoda,22,TSU,Yuki Tsunoda,Red Bull,6,6,6,8,51,Finished,5640216.0,12.0,104434.0,
2025,17,Azerbaijan Grand Prix,azerbaijan-grand-prix,2025-09-21,baku,Baku City Circuit,Azerbaijan,norris,4,NOR,Lando Norris,McLaren,7,7,7,6,51,Finished,5640635.0,8.0,104155.0,
2025,17,Azerbaijan Grand Prix,azerbaijan-grand-prix,2025-09-21,baku,Baku City Circuit,Azerbaijan,hamilton,44,HAM,Lewis Hamilton,Ferrari,12,8,8,4,51,Finished,5642718.0,5.0,103977.0,
2025,17,Azerbaijan Grand Prix,azerbaijan-grand-prix,2025-09-21,baku,Baku City Circuit,Azerbaijan,leclerc,16,LEC,Charles Leclerc,Ferrari,10,9,9,2,51,Finished,5643182.0,9.0,104274.0,
2025,17,Azerbaijan Grand Prix,azerbaijan-grand-prix,2025-09-21,baku,Baku City Circuit,Azerbaijan,hadjar,6,HAD,Isack Hadjar,RB F1 Team,8,10,10,1,51,Finished,5645390.0,3.0,103884.0,
2025,17,Azerbaijan Grand Prix,azerbaijan-grand-prix,2025-09-21,baku,Baku City Circuit,Azerbaijan,bortoleto,5,BOR,Gabriel Bortoleto,Sauber,13,11,11,0,51,Finished,5674014.0,14.0,104930.0,
2025,17,Azerbaijan Grand Prix,azerbaijan-grand-prix,2025-09-21,baku,Baku City Circuit,Azerbaijan,bearman,87,BEA,Oliver Bearman,Haas F1 Team,15,12,12,0,51,Finished,5674670.0,10.0,104288.0,
2025,17,Azerbaijan Grand Prix,azerbaijan-grand-prix,2025-09-21,baku,Baku City Circuit,Azerbaijan,albon,23,ALB,Alexander Albon,Williams,19,13,13,0,51,Finished,5679278.0,7.0,104152.0,
2025,17,Azerbaijan Grand Prix,azerbaijan-grand-prix,2025-09-21,baku,Baku City Circuit,Azerbaijan,ocon,31,OCO,Esteban Ocon,Haas F1 Team,20,14,14,0,51,Finished,5683988.0,17.0,105388.0,
2025,17,Azerbaijan Grand Prix,azerbaijan-grand-prix,2025-09-21,baku,Baku City Circuit,Azerbaijan,alonso,14,ALO,Fernando Alonso,Aston Martin,11,15,15,0,51,Finished,5685115.0,15.0,105002.0,
2025,17,Azerbaijan Grand Prix,azerbaijan-grand-prix,2025-09-21,baku,Baku City Circuit,Azerbaijan,hulkenberg,27,HUL,Nico Hulkenberg,Sauber,17,16,16,0,51,Finished,5686645.0,11.0,104370.0,
2025,17,Azerbaijan Grand Prix,azerbaijan-grand-prix,2025-09-21,baku,Baku City Circuit,Azerbaijan,stroll,18,STR,Lance Stroll,Aston Martin,14,17,17,0,51,Finished,5702800.0,16.0,105083.0,
2025,17,Azerbaijan Grand Prix,azerbaijan-grand-prix,2025-09-21,baku,Baku City Circuit,Azerbaijan,gasly,10,GAS,Pierre Gasly,Alpine F1 Team,18,18,18,0,50,Lapped,5610273.0,18.0,105492.0,
2025,17,Azerbaijan Grand Prix,azerbaijan-grand-prix,2025-09-21,baku,Baku City Circuit,Azerbaijan,colapinto,43,COL,Franco Colapinto,Alpine F1 Team,16,19,19,0,50,Lapped,5612733.0,19.0,106055.0,
2025,17,Azerbaijan Grand Prix,azerbaijan-grand-prix,2025-09-21,baku,Baku City Circuit,Azerbaijan,piastri,81,PIA,Oscar Piastri,McLaren,9,20,R,0,0,Retired,,,,
